ts,open,high,low,close,tick_volume
2026-02-05 00:00:00,88.37,88.872,88.021,88.852,2487
2026-02-05 00:15:00,88.851,89.433,88.326,89.39,3047
2026-02-05 00:30:00,89.39,89.903,89.147,89.902,3928
2026-02-05 00:45:00,89.914,90.277,89.437,89.617,3589
2026-02-05 01:00:00,89.618,89.881,88.811,88.836,3959
2026-02-05 01:15:00,88.839,89.914,88.823,89.803,3548
2026-02-05 01:30:00,89.802,90.06,89.574,90.045,2398
2026-02-05 01:45:00,90.046,90.388,89.441,89.614,3778
2026-02-05 02:00:00,89.614,89.942,87.874,87.93,6929
2026-02-05 02:15:00,87.904,88.36,86.862,87.35,5870
2026-02-05 02:30:00,87.362,88.28,87.349,87.766,6870
2026-02-05 02:45:00,87.757,88.059,86.619,86.646,6021
2026-02-05 03:00:00,86.645,86.787,82.236,82.942,6996
2026-02-05 03:15:00,82.943,83.913,80.521,83.817,7055
2026-02-05 03:30:00,83.819,84.273,79.205,79.457,8476
2026-02-05 03:45:00,79.467,80.162,73.961,74.339,9482
2026-02-05 04:00:00,74.339,77.427,73.491,76.153,8162
2026-02-05 04:15:00,76.153,77.596,75.285,76.121,6446
2026-02-05 04:30:00,76.109,77.136,74.206,76.673,4823
2026-02-05 04:45:00,76.686,77.486,76.06,77.101,3761
2026-02-05 05:00:00,77.072,77.461,75.742,76.89,3436
2026-02-05 05:15:00,76.886,77.895,76.59,77.299,3484
2026-02-05 05:30:00,77.3,77.498,76.556,77.07,3245
2026-02-05 05:45:00,77.071,77.505,75.869,76.177,3467
2026-02-05 06:00:00,76.1,77.129,75.935,76.297,3534
2026-02-05 06:15:00,76.29,76.544,75.069,76.169,3171
2026-02-05 06:30:00,76.17,77.102,73.85,76.617,5152
2026-02-05 06:45:00,76.627,77.962,76.454,77.339,4549
2026-02-05 07:00:00,77.328,79.141,76.458,78.7,4503
2026-02-05 07:15:00,78.679,79.122,77.869,79.0,4439
2026-02-05 07:30:00,79.001,79.192,78.08,78.9,3021
2026-02-05 07:45:00,78.899,79.573,76.93,78.412,5206
2026-02-05 08:00:00,78.407,79.645,78.057,79.167,3961
2026-02-05 08:15:00,79.167,80.218,79.066,80.102,3093
2026-02-05 08:30:00,80.114,80.389,79.143,79.733,3740
2026-02-05 08:45:00,79.732,80.138,79.191,79.981,3203
2026-02-05 09:00:00,79.983,80.507,79.653,80.395,3904
2026-02-05 09:15:00,80.394,81.024,80.321,80.56,3546
2026-02-05 09:30:00,80.564,80.862,80.213,80.585,4423
2026-02-05 09:45:00,80.585,80.586,78.989,79.741,4043
2026-02-05 10:00:00,79.717,79.972,77.952,78.078,4922
2026-02-05 10:15:00,78.078,79.147,77.626,78.596,4359
2026-02-05 10:30:00,78.583,79.484,78.559,79.438,2937
2026-02-05 10:45:00,79.413,79.49,78.113,78.622,4471
2026-02-05 11:00:00,78.621,78.898,77.777,78.592,4198
2026-02-05 11:15:00,78.583,78.824,77.974,78.266,3368
2026-02-05 11:30:00,78.264,78.668,77.816,78.486,3476
2026-02-05 11:45:00,78.487,79.086,78.216,78.539,2805
2026-02-05 12:00:00,78.537,79.407,78.531,79.318,2716
2026-02-05 12:15:00,79.317,79.469,78.736,79.052,3157
2026-02-05 12:30:00,79.052,79.094,78.034,78.052,3152
2026-02-05 12:45:00,78.054,78.569,78.05,78.343,2639
2026-02-05 13:00:00,78.343,78.848,77.233,77.365,4829
2026-02-05 13:15:00,77.36,77.63,76.087,76.938,5299
2026-02-05 13:30:00,76.929,77.414,75.982,76.071,5455
2026-02-05 13:45:00,76.071,77.103,75.469,75.979,5806
2026-02-05 14:00:00,75.978,77.075,74.666,76.449,6494
2026-02-05 14:15:00,76.429,77.405,76.271,76.73,6660
2026-02-05 14:30:00,76.74,77.799,76.13,76.186,5416
2026-02-05 14:45:00,76.189,76.763,75.691,76.032,5378
2026-02-05 15:00:00,76.038,76.038,74.796,74.796,5633
2026-02-05 15:15:00,74.795,75.353,73.951,75.265,6348
2026-02-05 15:30:00,75.264,77.032,73.459,76.883,8169
2026-02-05 15:45:00,76.891,77.574,76.089,76.352,7261
2026-02-05 16:00:00,76.352,77.146,74.21,74.245,8046
2026-02-05 16:15:00,74.244,74.993,73.612,73.846,7568
2026-02-05 16:30:00,73.852,74.651,73.023,73.055,7395
2026-02-05 16:45:00,73.055,74.128,72.246,74.036,8326
2026-02-05 17:00:00,74.031,75.033,73.878,74.377,7654
2026-02-05 17:15:00,74.376,76.349,74.28,75.93,6137
2026-02-05 17:30:00,75.999,77.194,75.793,77.04,6249
2026-02-05 17:45:00,77.04,77.529,76.133,77.087,5707
2026-02-05 18:00:00,77.08,77.153,76.017,76.649,5478
2026-02-05 18:15:00,76.653,76.927,76.067,76.428,4266
2026-02-05 18:30:00,76.425,76.953,76.133,76.52,3662
2026-02-05 18:45:00,76.533,77.513,76.454,76.616,4209
2026-02-05 19:00:00,76.598,76.732,75.542,75.678,3975
2026-02-05 19:15:00,75.68,77.861,75.157,77.354,5577
2026-02-05 19:30:00,77.379,77.379,76.424,76.893,3741
2026-02-05 19:45:00,76.901,76.987,75.775,76.059,3793
2026-02-05 20:00:00,76.059,76.431,75.684,75.735,5222
2026-02-05 20:15:00,75.735,76.214,75.698,75.801,4510
2026-02-05 20:30:00,75.799,75.895,74.333,74.682,4980
2026-02-05 20:45:00,74.677,74.88,74.3,74.663,4543
2026-02-05 21:00:00,74.668,75.351,74.064,74.925,4742
2026-02-05 21:15:00,74.928,75.031,73.938,74.521,5534
2026-02-05 21:30:00,74.519,74.678,73.661,73.847,5023
2026-02-05 21:45:00,73.837,74.037,72.682,73.59,6174
2026-02-05 22:00:00,73.588,74.267,73.426,73.727,3700
2026-02-05 22:15:00,73.728,73.855,72.482,72.876,2911
2026-02-05 22:30:00,72.901,72.909,71.081,71.145,3311
2026-02-05 22:45:00,71.141,71.641,70.634,70.841,2060
2026-02-06 00:00:00,70.224,71.137,69.954,70.24,2747
2026-02-06 00:15:00,70.24,70.306,66.875,67.794,4117
2026-02-06 00:30:00,67.792,68.351,66.982,67.509,3235
2026-02-06 00:45:00,67.509,67.859,66.904,67.141,4384
2026-02-06 01:00:00,67.14,67.305,64.637,64.782,5531
2026-02-06 01:15:00,64.783,68.146,64.013,68.015,5891
2026-02-06 01:30:00,68.011,69.693,67.889,69.477,5846
2026-02-06 01:45:00,69.497,70.177,67.971,70.107,5637
2026-02-06 02:00:00,70.108,71.43,68.45,70.288,7623
2026-02-06 02:15:00,70.274,70.676,68.541,69.349,7122
2026-02-06 02:30:00,69.355,70.452,69.269,70.05,6510
2026-02-06 02:45:00,70.046,71.344,69.716,70.861,5624
2026-02-06 03:00:00,70.852,71.374,70.079,71.053,5676
2026-02-06 03:15:00,71.046,72.323,70.794,72.265,4965
2026-02-06 03:30:00,72.267,73.364,71.867,72.197,6870
2026-02-06 03:45:00,72.198,72.362,71.305,71.715,5052
2026-02-06 04:00:00,71.715,72.597,71.05,71.463,5268
2026-02-06 04:15:00,71.481,71.805,70.482,71.609,4682
2026-02-06 04:30:00,71.606,72.173,71.451,71.609,3355
2026-02-06 04:45:00,71.595,73.031,71.594,72.902,3687
2026-02-06 05:00:00,72.902,73.174,72.468,72.565,3002
2026-02-06 05:15:00,72.564,73.088,72.16,72.657,3066
2026-02-06 05:30:00,72.66,73.105,72.311,72.411,2827
2026-02-06 05:45:00,72.421,72.774,72.216,72.412,2277
2026-02-06 06:00:00,72.384,73.121,72.297,73.053,2726
2026-02-06 06:15:00,73.056,73.901,72.839,73.603,4072
2026-02-06 06:30:00,73.595,74.163,72.714,73.97,6287
2026-02-06 06:45:00,73.972,75.05,73.426,74.969,6292
2026-02-06 07:00:00,74.978,75.307,74.234,74.267,4399
2026-02-06 07:15:00,74.269,74.769,73.264,73.603,3905
2026-02-06 07:30:00,73.602,74.014,72.461,73.206,5472
2026-02-06 07:45:00,73.205,73.699,71.864,72.479,4972
2026-02-06 08:00:00,72.479,72.918,71.787,72.13,3762
2026-02-06 08:15:00,72.131,73.149,72.09,72.869,3215
2026-02-06 08:30:00,72.871,73.087,72.335,72.961,3139
2026-02-06 08:45:00,72.96,72.961,72.185,72.213,3497
2026-02-06 09:00:00,72.219,72.967,71.465,72.804,4354
2026-02-06 09:15:00,72.837,74.11,72.788,73.764,3211
2026-02-06 09:30:00,73.766,74.333,73.462,73.546,2691
2026-02-06 09:45:00,73.546,73.904,73.416,73.653,2153
2026-02-06 10:00:00,73.641,74.091,73.123,73.552,3092
2026-02-06 10:15:00,73.527,74.38,73.501,74.3,2800
2026-02-06 10:30:00,74.299,74.444,73.902,74.008,2446
2026-02-06 10:45:00,74.01,74.282,73.875,74.038,2001
2026-02-06 11:00:00,74.081,74.404,73.889,74.177,2436
2026-02-06 11:15:00,74.183,74.241,73.329,73.503,1977
2026-02-06 11:30:00,73.503,74.092,73.434,73.932,2961
2026-02-06 11:45:00,73.934,74.261,73.827,74.187,2167
2026-02-06 12:00:00,74.187,74.482,73.597,74.47,3165
2026-02-06 12:15:00,74.483,75.009,74.236,74.655,2862
2026-02-06 12:30:00,74.659,74.892,74.307,74.627,1777
2026-02-06 12:45:00,74.627,74.769,74.328,74.607,1262
2026-02-06 13:00:00,74.607,75.011,74.406,74.605,3341
2026-02-06 13:15:00,74.609,74.705,73.747,73.919,2787
2026-02-06 13:30:00,73.919,74.507,73.822,74.416,2662
2026-02-06 13:45:00,74.416,74.904,74.416,74.86,2292
2026-02-06 14:00:00,74.861,76.127,74.73,75.441,6229
2026-02-06 14:15:00,75.445,76.264,74.724,74.923,4151
2026-02-06 14:30:00,74.925,76.127,74.914,75.788,3777
2026-02-06 14:45:00,75.789,75.797,75.219,75.506,4023
2026-02-06 15:00:00,75.501,75.934,74.917,75.45,5564
2026-02-06 15:15:00,75.442,75.643,74.241,74.726,5369
2026-02-06 15:30:00,74.727,76.398,74.397,75.892,7040
2026-02-06 15:45:00,75.891,76.42,75.585,76.262,6206
2026-02-06 16:00:00,76.271,76.925,76.007,76.395,5736
2026-02-06 16:15:00,76.39,76.89,76.113,76.862,5864
2026-02-06 16:30:00,76.862,77.016,76.157,76.405,5034
2026-02-06 16:45:00,76.407,76.494,75.368,75.718,5467
2026-02-06 17:00:00,75.718,76.413,75.421,75.896,5716
2026-02-06 17:15:00,75.896,76.153,74.831,75.656,5296
2026-02-06 17:30:00,75.659,76.246,75.437,76.238,4835
2026-02-06 17:45:00,76.238,76.58,76.093,76.396,4444
2026-02-06 18:00:00,76.396,76.841,76.261,76.54,3262
2026-02-06 18:15:00,76.54,76.799,76.376,76.746,3220
2026-02-06 18:30:00,76.752,77.147,76.384,76.723,3104
2026-02-06 18:45:00,76.723,77.57,76.712,77.44,3595
2026-02-06 19:00:00,77.441,78.119,77.435,77.779,4282
2026-02-06 19:15:00,77.781,77.824,76.839,77.464,5318
2026-02-06 19:30:00,77.463,77.697,77.104,77.512,2823
2026-02-06 19:45:00,77.512,77.653,77.081,77.235,1968
2026-02-06 20:00:00,77.235,77.491,77.08,77.193,2432
2026-02-06 20:15:00,77.192,77.505,77.13,77.13,996
2026-02-06 20:30:00,77.13,77.324,76.981,77.096,1089
2026-02-06 20:45:00,77.096,77.606,77.085,77.386,838
2026-02-06 21:00:00,77.386,77.67,77.245,77.376,1370
2026-02-06 21:15:00,77.378,77.541,77.141,77.432,2664
2026-02-06 21:30:00,77.432,77.436,76.541,77.125,3969
2026-02-06 21:45:00,77.124,77.565,76.997,77.435,4936
2026-02-06 22:00:00,77.436,77.464,76.976,77.035,2055
2026-02-06 22:15:00,77.032,77.515,76.937,77.452,1502
2026-02-06 22:30:00,77.453,77.748,77.445,77.662,1605
2026-02-06 22:45:00,77.663,78.056,77.633,78.053,992
2026-02-09 00:00:00,79.083,79.675,78.457,78.887,3141
2026-02-09 00:15:00,78.889,79.886,78.888,79.857,4492
2026-02-09 00:30:00,79.857,80.052,79.258,79.961,4097
2026-02-09 00:45:00,79.96,80.147,79.66,79.808,2673
2026-02-09 01:00:00,79.803,79.981,79.09,79.107,3877
2026-02-09 01:15:00,79.109,79.669,78.961,79.327,3826
2026-02-09 01:30:00,79.33,80.005,79.235,79.904,2913
2026-02-09 01:45:00,79.905,79.907,79.357,79.495,3590
2026-02-09 02:00:00,79.495,80.396,79.383,80.388,5483
2026-02-09 02:15:00,80.387,81.637,80.246,80.982,5192
2026-02-09 02:30:00,80.986,81.433,80.031,81.033,5350
2026-02-09 02:45:00,81.033,81.377,80.155,80.218,5169
2026-02-09 03:00:00,80.219,80.636,79.639,80.539,5236
2026-02-09 03:15:00,80.539,81.044,80.278,80.882,2394
2026-02-09 03:30:00,80.896,81.255,80.573,80.874,3518
2026-02-09 03:45:00,80.909,81.151,80.409,80.899,3454
2026-02-09 04:00:00,80.897,81.372,80.847,81.357,3032
2026-02-09 04:15:00,81.359,81.373,80.904,81.22,3526
2026-02-09 04:30:00,81.225,81.514,81.127,81.189,2154
2026-02-09 04:45:00,81.193,81.332,80.85,80.997,1985
2026-02-09 05:00:00,80.997,81.37,80.851,81.317,1504
2026-02-09 05:15:00,81.317,81.492,81.084,81.241,1757
2026-02-09 05:30:00,81.242,81.999,81.21,81.77,1830
2026-02-09 05:45:00,81.769,82.091,81.556,81.714,1977
2026-02-09 06:00:00,81.729,81.918,81.579,81.851,2153
2026-02-09 06:15:00,81.849,81.99,81.821,81.908,2190
2026-02-09 06:30:00,81.906,82.134,81.539,81.884,3865
2026-02-09 06:45:00,81.884,82.212,81.594,82.127,3621
2026-02-09 07:00:00,82.116,82.444,81.996,82.062,4019
2026-02-09 07:15:00,82.062,82.119,81.284,81.664,4057
2026-02-09 07:30:00,81.664,81.91,81.078,81.781,4433
2026-02-09 07:45:00,81.781,82.095,81.537,82.043,3774
2026-02-09 08:00:00,82.043,82.069,81.531,81.678,2638
2026-02-09 08:15:00,81.687,81.695,80.888,81.313,3077
2026-02-09 08:30:00,81.314,81.387,80.638,80.982,2549
2026-02-09 08:45:00,80.984,81.03,80.372,80.961,2684
2026-02-09 09:00:00,80.96,81.754,80.9,81.545,2856
2026-02-09 09:15:00,81.55,82.157,81.48,81.835,3022
2026-02-09 09:30:00,81.835,82.15,81.774,82.003,3158
2026-02-09 09:45:00,82.004,82.115,81.79,81.89,3323
2026-02-09 10:00:00,81.892,82.156,81.427,81.707,2688
2026-02-09 10:15:00,81.704,81.962,81.628,81.831,2086
2026-02-09 10:30:00,81.83,81.887,81.346,81.44,2953
2026-02-09 10:45:00,81.439,81.498,80.989,81.015,2825
2026-02-09 11:00:00,81.017,81.291,80.576,81.018,2600
2026-02-09 11:15:00,81.015,81.11,79.537,79.749,3626
2026-02-09 11:30:00,79.75,79.952,78.676,78.877,3754
2026-02-09 11:45:00,78.879,79.507,78.786,79.152,2709
2026-02-09 12:00:00,79.155,79.694,79.0,79.249,2366
2026-02-09 12:15:00,79.244,79.761,79.229,79.753,2649
2026-02-09 12:30:00,79.752,79.997,79.42,79.976,2989
2026-02-09 12:45:00,79.958,80.352,79.747,80.285,2376
2026-02-09 13:00:00,80.286,80.736,80.168,80.586,3109
2026-02-09 13:15:00,80.587,80.702,80.03,80.122,2921
2026-02-09 13:30:00,80.126,80.509,79.899,80.231,3347
2026-02-09 13:45:00,80.231,80.458,80.006,80.312,3077
2026-02-09 14:00:00,80.312,80.688,79.783,80.469,4928
2026-02-09 14:15:00,80.464,80.594,79.645,79.665,4418
2026-02-09 14:30:00,79.666,80.068,79.054,79.21,4378
2026-02-09 14:45:00,79.207,80.0,79.065,79.745,3951
2026-02-09 15:00:00,79.742,79.961,79.412,79.666,4431
2026-02-09 15:15:00,79.686,80.413,79.681,80.357,3792
2026-02-09 15:30:00,80.363,81.568,80.042,81.506,7039
2026-02-09 15:45:00,81.506,81.868,81.19,81.589,7905
2026-02-09 16:00:00,81.591,81.734,81.248,81.367,7219
2026-02-09 16:15:00,81.381,81.871,81.171,81.698,7221
2026-02-09 16:30:00,81.697,82.403,81.697,82.372,6025
2026-02-09 16:45:00,82.374,82.625,82.121,82.587,5954
2026-02-09 17:00:00,82.588,82.779,82.449,82.607,5318
2026-02-09 17:15:00,82.605,83.166,82.597,82.952,5136
2026-02-09 17:30:00,82.95,83.5,82.786,83.409,5583
2026-02-09 17:45:00,83.41,83.554,83.203,83.463,4831
2026-02-09 18:00:00,83.462,83.555,82.824,83.089,4984
2026-02-09 18:15:00,83.082,83.395,83.082,83.217,3844
2026-02-09 18:30:00,83.217,83.624,83.047,83.167,4342
2026-02-09 18:45:00,83.166,83.345,82.414,82.622,5204
2026-02-09 19:00:00,82.621,82.947,82.445,82.726,5917
2026-02-09 19:15:00,82.725,82.863,81.997,82.626,6520
2026-02-09 19:30:00,82.63,82.949,82.473,82.665,4269
2026-02-09 19:45:00,82.666,83.15,82.514,83.124,3991
2026-02-09 20:00:00,83.124,83.14,82.846,83.037,3960
2026-02-09 20:15:00,83.028,83.354,82.97,83.317,3856
2026-02-09 20:30:00,83.319,83.545,83.315,83.479,3693
2026-02-09 20:45:00,83.48,83.565,83.245,83.381,3900
2026-02-09 21:00:00,83.381,83.764,83.335,83.719,4002
2026-02-09 21:15:00,83.707,83.835,83.548,83.689,3698
2026-02-09 21:30:00,83.688,83.948,83.577,83.862,4606
2026-02-09 21:45:00,83.864,84.012,83.569,83.851,6161
2026-02-09 22:00:00,83.852,83.889,83.423,83.461,1633
2026-02-09 22:15:00,83.464,83.563,83.078,83.143,1456
2026-02-09 22:30:00,83.144,83.317,83.059,83.312,1427
2026-02-09 22:45:00,83.309,83.536,83.29,83.368,1051
2026-02-10 00:00:00,83.804,84.199,81.079,81.476,2724
2026-02-10 00:15:00,81.477,81.944,80.826,81.848,3826
2026-02-10 00:30:00,81.85,82.34,81.572,82.299,2489
2026-02-10 00:45:00,82.299,82.342,81.685,81.775,2695
2026-02-10 01:00:00,81.758,82.73,81.722,82.016,3859
2026-02-10 01:15:00,82.015,82.419,81.88,82.07,2621
2026-02-10 01:30:00,82.074,82.239,81.462,81.765,3166
2026-02-10 01:45:00,81.766,81.861,81.127,81.524,3452
2026-02-10 02:00:00,81.521,81.863,80.769,81.381,4993
2026-02-10 02:15:00,81.383,81.649,80.84,81.08,3982
2026-02-10 02:30:00,81.081,81.718,80.909,81.545,4051
2026-02-10 02:45:00,81.55,82.156,81.519,82.138,3446
2026-02-10 03:00:00,82.146,82.407,81.94,82.373,2991
2026-02-10 03:15:00,82.374,82.935,82.278,82.793,2733
2026-02-10 03:30:00,82.793,82.851,82.155,82.555,3223
2026-02-10 03:45:00,82.554,82.641,81.923,82.056,3273
2026-02-10 04:00:00,82.043,82.114,81.487,81.591,3187
2026-02-10 04:15:00,81.592,81.592,81.131,81.387,3254
2026-02-10 04:30:00,81.388,81.727,81.188,81.294,2297
2026-02-10 04:45:00,81.3,81.561,80.887,81.42,2436
2026-02-10 05:00:00,81.418,81.494,80.963,81.247,2100
2026-02-10 05:15:00,81.239,81.621,81.199,81.559,1621
2026-02-10 05:30:00,81.558,81.597,81.148,81.185,1997
2026-02-10 05:45:00,81.185,81.416,81.114,81.33,1533
2026-02-10 06:00:00,81.279,81.436,81.091,81.373,274
2026-02-10 06:15:00,81.37,81.371,80.7,80.891,266
2026-02-10 06:30:00,80.892,81.508,80.641,81.494,596
2026-02-10 06:45:00,81.505,81.732,81.46,81.552,377
2026-02-10 07:00:00,81.553,82.074,81.499,81.771,3127
2026-02-10 07:15:00,81.773,81.796,81.41,81.565,3210
2026-02-10 07:30:00,81.565,81.934,81.502,81.512,3206
2026-02-10 07:45:00,81.51,81.755,81.129,81.171,2898
2026-02-10 08:00:00,81.173,81.647,80.986,81.543,2243
2026-02-10 08:15:00,81.542,81.735,81.202,81.338,2541
2026-02-10 08:30:00,81.339,81.706,81.332,81.672,1906
2026-02-10 08:45:00,81.67,81.825,81.537,81.768,1877
2026-02-10 09:00:00,81.769,81.907,81.29,81.294,3025
2026-02-10 09:15:00,81.327,81.811,81.276,81.676,2722
2026-02-10 09:30:00,81.673,82.168,81.624,82.042,2034
2026-02-10 09:45:00,82.053,82.435,82.022,82.269,2140
2026-02-10 10:00:00,82.274,82.797,82.194,82.536,2499
2026-02-10 10:15:00,82.535,82.621,82.441,82.458,2013
2026-02-10 10:30:00,82.459,82.477,81.995,82.15,1729
2026-02-10 10:45:00,82.156,82.223,81.923,82.037,1678
2026-02-10 11:00:00,82.035,82.257,81.771,81.962,1883
2026-02-10 11:15:00,81.963,82.353,81.819,82.161,1645
2026-02-10 11:30:00,82.161,82.589,82.071,82.397,1997
2026-02-10 11:45:00,82.403,82.6,82.201,82.215,1645
2026-02-10 12:00:00,82.214,82.215,81.931,82.046,1281
2026-02-10 12:15:00,82.045,82.08,81.606,81.746,1258
2026-02-10 12:30:00,81.746,82.142,81.735,81.917,1397
2026-02-10 12:45:00,81.916,82.342,81.855,82.236,1044
2026-02-10 13:00:00,82.245,82.583,81.799,81.947,2593
2026-02-10 13:15:00,81.948,82.188,81.923,82.021,2293
2026-02-10 13:30:00,82.021,82.171,81.458,81.574,1610
2026-02-10 13:45:00,81.564,81.799,81.326,81.614,3003
2026-02-10 14:00:00,81.615,82.083,81.468,81.891,3627
2026-02-10 14:15:00,81.893,82.042,81.256,81.547,2599
2026-02-10 14:30:00,81.547,82.201,81.542,82.021,2859
2026-02-10 14:45:00,82.022,82.193,81.807,81.95,2289
2026-02-10 15:00:00,81.951,82.264,81.696,81.974,2217
2026-02-10 15:15:00,81.972,82.529,81.926,82.479,3680
2026-02-10 15:30:00,82.48,83.032,81.957,82.234,6370
2026-02-10 15:45:00,82.237,82.396,81.302,82.156,7066
2026-02-10 16:00:00,82.156,82.156,81.532,81.91,7369
2026-02-10 16:15:00,81.914,82.238,81.557,81.557,5852
2026-02-10 16:30:00,81.532,81.899,80.465,80.574,5851
2026-02-10 16:45:00,80.579,81.477,80.451,80.991,7153
2026-02-10 17:00:00,80.996,81.025,80.079,80.795,5829
2026-02-10 17:15:00,80.795,80.97,79.971,79.988,6299
2026-02-10 17:30:00,79.99,80.384,79.961,80.353,6097
2026-02-10 17:45:00,80.358,80.568,80.075,80.506,5628
2026-02-10 18:00:00,80.496,80.767,80.463,80.551,4304
2026-02-10 18:15:00,80.547,81.448,80.546,81.331,4791
2026-02-10 18:30:00,81.317,81.586,81.212,81.511,3194
2026-02-10 18:45:00,81.513,81.555,80.976,80.998,2951
2026-02-10 19:00:00,80.998,81.105,80.631,80.741,4678
2026-02-10 19:15:00,80.739,80.809,80.281,80.489,6010
2026-02-10 19:30:00,80.484,80.773,80.385,80.711,5235
2026-02-10 19:45:00,80.711,80.825,80.39,80.725,4898
2026-02-10 20:00:00,80.723,80.776,80.505,80.615,3775
2026-02-10 20:15:00,80.617,81.084,80.595,81.072,2667
2026-02-10 20:30:00,81.072,81.302,81.039,81.121,1620
2026-02-10 20:45:00,81.121,81.29,81.099,81.129,3468
2026-02-10 21:00:00,81.129,81.14,80.64,80.936,2521
2026-02-10 21:15:00,80.936,81.211,80.699,80.877,2444
2026-02-10 21:30:00,80.876,81.051,80.742,81.046,2204
2026-02-10 21:45:00,81.046,81.31,80.844,80.978,4375
2026-02-10 22:00:00,80.966,81.076,80.769,80.871,2078
2026-02-10 22:15:00,80.87,80.872,80.584,80.68,1210
2026-02-10 22:30:00,80.668,80.796,80.658,80.714,859
2026-02-10 22:45:00,80.717,80.821,80.614,80.722,807
2026-02-11 00:00:00,80.886,81.402,80.865,81.381,1315
2026-02-11 00:15:00,81.378,81.627,81.329,81.449,1901
2026-02-11 00:30:00,81.449,81.493,81.149,81.324,1289
2026-02-11 00:45:00,81.327,81.531,81.283,81.382,823
2026-02-11 01:00:00,81.38,81.43,81.029,81.119,1373
2026-02-11 01:15:00,81.119,81.472,81.03,81.441,1865
2026-02-11 01:30:00,81.442,81.835,81.442,81.584,1785
2026-02-11 01:45:00,81.581,81.622,81.355,81.401,1844
2026-02-11 02:00:00,81.448,81.829,81.387,81.582,4049
2026-02-11 02:15:00,81.573,81.729,81.319,81.46,2383
2026-02-11 02:30:00,81.461,81.731,81.223,81.622,2179
2026-02-11 02:45:00,81.602,82.0,81.586,81.977,2314
2026-02-11 03:00:00,81.978,82.135,81.593,81.724,3100
2026-02-11 03:15:00,81.722,82.027,81.578,81.963,1834
2026-02-11 03:30:00,81.962,82.434,81.962,82.412,2356
2026-02-11 03:45:00,82.41,82.544,82.242,82.343,2257
2026-02-11 04:00:00,82.342,82.423,82.215,82.215,1394
2026-02-11 04:15:00,82.215,82.499,82.142,82.403,1695
2026-02-11 04:30:00,82.407,82.736,82.406,82.706,1333
2026-02-11 04:45:00,82.706,82.784,82.56,82.623,1004
2026-02-11 05:00:00,82.623,82.714,82.497,82.56,895
2026-02-11 05:15:00,82.56,82.678,82.504,82.64,797
2026-02-11 05:30:00,82.64,82.682,82.399,82.415,899
2026-02-11 05:45:00,82.41,82.479,82.392,82.414,799
2026-02-11 06:00:00,82.415,82.464,82.312,82.439,977
2026-02-11 06:15:00,82.441,82.473,82.23,82.342,981
2026-02-11 06:30:00,82.342,82.637,82.301,82.58,1569
2026-02-11 06:45:00,82.578,82.585,81.987,82.119,1708
2026-02-11 07:00:00,82.118,82.273,81.981,82.065,1489
2026-02-11 07:15:00,82.065,82.443,82.016,82.347,1868
2026-02-11 07:30:00,82.348,82.387,82.158,82.296,1830
2026-02-11 07:45:00,82.28,83.51,82.221,83.391,2520
2026-02-11 08:00:00,83.394,84.067,83.373,83.69,2750
2026-02-11 08:15:00,83.689,83.83,83.221,83.456,2187
2026-02-11 08:30:00,83.464,83.606,83.228,83.453,1554
2026-02-11 08:45:00,83.452,83.884,83.404,83.827,1485
2026-02-11 09:00:00,83.824,84.023,83.592,83.592,2169
2026-02-11 09:15:00,83.592,83.633,83.335,83.418,1997
2026-02-11 09:30:00,83.417,83.745,83.371,83.693,2043
2026-02-11 09:45:00,83.691,83.87,83.578,83.756,1625
2026-02-11 10:00:00,83.756,83.889,83.411,83.584,2110
2026-02-11 10:15:00,83.577,83.988,83.518,83.966,1548
2026-02-11 10:30:00,83.967,84.856,83.857,84.804,2595
2026-02-11 10:45:00,84.804,84.947,84.624,84.721,2085
2026-02-11 11:00:00,84.721,84.884,84.581,84.71,1949
2026-02-11 11:15:00,84.705,85.059,84.608,84.867,2255
2026-02-11 11:30:00,84.867,85.443,84.63,85.438,2591
2026-02-11 11:45:00,85.44,85.701,85.252,85.565,3843
2026-02-11 12:00:00,85.565,85.687,85.365,85.459,2214
2026-02-11 12:15:00,85.449,85.999,85.449,85.999,1929
2026-02-11 12:30:00,86.009,86.049,85.741,85.93,1975
2026-02-11 12:45:00,85.931,86.213,85.868,86.079,2216
2026-02-11 13:00:00,86.08,86.284,85.636,86.043,2674
2026-02-11 13:15:00,86.042,86.065,85.455,85.726,3028
2026-02-11 13:30:00,85.725,85.866,84.946,85.183,4176
2026-02-11 13:45:00,85.179,85.768,85.127,85.753,3779
2026-02-11 14:00:00,85.754,85.867,85.223,85.71,4509
2026-02-11 14:15:00,85.707,85.831,85.218,85.419,4129
2026-02-11 14:30:00,85.42,85.475,83.313,84.196,7867
2026-02-11 14:45:00,84.191,85.004,84.012,84.675,6109
2026-02-11 15:00:00,84.673,85.34,84.552,85.113,4765
2026-02-11 15:15:00,85.115,85.459,84.577,84.906,4598
2026-02-11 15:30:00,84.907,84.976,83.249,83.611,7896
2026-02-11 15:45:00,83.596,84.228,83.407,83.709,7674
2026-02-11 16:00:00,83.716,84.681,83.516,83.801,7840
2026-02-11 16:15:00,83.8,83.988,82.787,83.039,7535
2026-02-11 16:30:00,83.03,83.365,82.524,83.032,7887
2026-02-11 16:45:00,83.044,83.344,82.742,83.293,7303
2026-02-11 17:00:00,83.292,83.386,82.694,83.135,7159
2026-02-11 17:15:00,83.138,83.383,82.639,83.353,7003
2026-02-11 17:30:00,83.357,83.909,83.174,83.889,7105
2026-02-11 17:45:00,83.885,84.005,83.536,83.646,3816
2026-02-11 18:00:00,83.647,84.075,83.298,84.058,5641
2026-02-11 18:15:00,84.059,84.313,83.987,84.301,4966
2026-02-11 18:30:00,84.3,84.794,84.155,84.74,4350
2026-02-11 18:45:00,84.74,84.837,84.449,84.662,4527
2026-02-11 19:00:00,84.666,84.739,83.877,84.023,5087
2026-02-11 19:15:00,84.019,84.443,83.986,84.333,5277
2026-02-11 19:30:00,84.329,84.443,84.117,84.186,4692
2026-02-11 19:45:00,84.186,84.228,83.851,84.051,5158
2026-02-11 20:00:00,84.043,84.506,83.954,84.385,4374
2026-02-11 20:15:00,84.387,84.591,84.307,84.451,2491
2026-02-11 20:30:00,84.448,84.49,84.188,84.459,2432
2026-02-11 20:45:00,84.461,84.469,84.042,84.116,2476
2026-02-11 21:00:00,84.116,84.369,83.91,84.359,3785
2026-02-11 21:15:00,84.355,84.433,84.135,84.147,3877
2026-02-11 21:30:00,84.146,84.485,84.049,84.403,4394
2026-02-11 21:45:00,84.411,84.613,84.285,84.476,5516
2026-02-11 22:00:00,84.478,84.522,84.315,84.477,1229
2026-02-11 22:15:00,84.473,84.588,84.291,84.345,1225
2026-02-11 22:30:00,84.35,84.383,83.861,84.107,1787
2026-02-11 22:45:00,84.098,84.28,83.994,84.21,1182
2026-02-12 00:00:00,84.681,84.944,83.199,83.337,2145
2026-02-12 00:15:00,83.338,83.791,83.306,83.64,2732
2026-02-12 00:30:00,83.631,83.665,83.339,83.423,2259
2026-02-12 00:45:00,83.442,83.661,82.708,82.744,1959
2026-02-12 01:00:00,82.744,83.164,81.739,82.311,3616
2026-02-12 01:15:00,82.312,82.722,81.926,82.25,2960
2026-02-12 01:30:00,82.261,82.519,81.972,82.288,2088
2026-02-12 01:45:00,82.288,82.635,82.004,82.447,2379
2026-02-12 02:00:00,82.447,82.817,81.792,81.792,4627
2026-02-12 02:15:00,81.793,82.74,81.532,82.605,2914
2026-02-12 02:30:00,82.608,83.234,82.491,83.05,2772
2026-02-12 02:45:00,83.047,83.399,82.939,83.379,3315
2026-02-12 03:00:00,83.381,83.551,83.213,83.343,3452
2026-02-12 03:15:00,83.345,83.555,83.224,83.551,2712
2026-02-12 03:30:00,83.55,83.646,82.947,83.046,2889
2026-02-12 03:45:00,83.045,83.442,82.952,83.43,2609
2026-02-12 04:00:00,83.428,84.015,83.222,83.76,2464
2026-02-12 04:15:00,83.758,83.86,83.568,83.702,2147
2026-02-12 04:30:00,83.702,84.121,83.694,83.901,1886
2026-02-12 04:45:00,83.894,83.911,83.423,83.509,1222
2026-02-12 05:00:00,83.506,83.723,83.223,83.223,1238
2026-02-12 05:15:00,83.223,83.301,82.938,83.299,1551
2026-02-12 05:30:00,83.294,83.59,83.221,83.285,1676
2026-02-12 05:45:00,83.285,83.478,83.024,83.423,2037
2026-02-12 06:00:00,83.43,84.119,83.334,84.055,2259
2026-02-12 06:15:00,84.052,84.202,83.952,84.007,1455
2026-02-12 06:30:00,84.002,84.082,83.67,83.97,2240
2026-02-12 06:45:00,83.97,84.095,83.775,84.013,1701
2026-02-12 07:00:00,84.013,84.1,83.709,84.099,3058
2026-02-12 07:15:00,84.087,84.201,83.523,83.533,3412
2026-02-12 07:30:00,83.545,83.668,83.158,83.542,4544
2026-02-12 07:45:00,83.545,83.547,82.959,83.042,3516
2026-02-12 08:00:00,83.059,83.194,82.675,83.077,2280
2026-02-12 08:15:00,83.076,83.443,83.045,83.443,1987
2026-02-12 08:30:00,83.444,83.466,83.285,83.322,1197
2026-02-12 08:45:00,83.32,83.452,83.157,83.351,1490
2026-02-12 09:00:00,83.348,83.895,83.339,83.65,1384
2026-02-12 09:15:00,83.654,83.725,83.488,83.492,1395
2026-02-12 09:30:00,83.49,83.534,83.163,83.484,1608
2026-02-12 09:45:00,83.477,83.932,83.477,83.844,1484
2026-02-12 10:00:00,83.855,84.006,83.768,83.903,1532
2026-02-12 10:15:00,83.908,83.968,83.634,83.658,1370
2026-02-12 10:30:00,83.66,83.851,83.646,83.779,1247
2026-02-12 10:45:00,83.779,83.893,83.705,83.738,1862
2026-02-12 11:00:00,83.736,83.953,83.416,83.506,2324
2026-02-12 11:15:00,83.506,83.63,83.414,83.528,1672
2026-02-12 11:30:00,83.527,83.723,83.488,83.522,1450
2026-02-12 11:45:00,83.522,83.544,83.104,83.246,2093
2026-02-12 12:00:00,83.247,83.458,83.134,83.156,1530
2026-02-12 12:15:00,83.156,83.423,83.128,83.363,1336
2026-02-12 12:30:00,83.362,83.484,83.301,83.324,1727
2026-02-12 12:45:00,83.323,83.615,83.308,83.486,1651
2026-02-12 13:00:00,83.488,83.534,82.718,83.079,2961
2026-02-12 13:15:00,83.079,83.148,82.575,82.793,2124
2026-02-12 13:30:00,82.792,82.99,82.668,82.799,2241
2026-02-12 13:45:00,82.798,82.854,81.885,82.211,3044
2026-02-12 14:00:00,82.212,82.581,82.023,82.533,4284
2026-02-12 14:15:00,82.533,82.716,82.237,82.306,3426
2026-02-12 14:30:00,82.287,82.993,82.046,82.901,3586
2026-02-12 14:45:00,82.901,83.164,82.876,83.033,2116
2026-02-12 15:00:00,83.033,83.436,82.903,83.03,3309
2026-02-12 15:15:00,83.031,83.161,82.745,82.998,3565
2026-02-12 15:30:00,82.99,83.435,82.814,83.284,7174
2026-02-12 15:45:00,83.288,83.51,82.242,82.444,6437
2026-02-12 16:00:00,82.435,82.939,82.335,82.884,5856
2026-02-12 16:15:00,82.88,83.065,82.752,82.938,6221
2026-02-12 16:30:00,82.936,83.2,82.605,82.819,6521
2026-02-12 16:45:00,82.817,83.084,82.361,82.374,5555
2026-02-12 17:00:00,82.378,82.553,78.438,78.677,7330
2026-02-12 17:15:00,78.673,79.412,75.512,76.256,9465
2026-02-12 17:30:00,76.264,78.303,76.221,77.178,8257
2026-02-12 17:45:00,77.175,77.293,74.924,76.248,8583
2026-02-12 18:00:00,76.249,77.348,76.069,76.599,8003
2026-02-12 18:15:00,76.602,77.78,76.449,77.182,7795
2026-02-12 18:30:00,77.181,77.598,76.715,77.235,6705
2026-02-12 18:45:00,77.231,77.257,75.52,75.541,6487
2026-02-12 19:00:00,75.542,75.835,74.702,75.668,7693
2026-02-12 19:15:00,75.636,76.25,74.731,75.864,7460
2026-02-12 19:30:00,75.86,76.694,75.81,76.576,7003
2026-02-12 19:45:00,76.576,76.908,75.98,76.097,5741
2026-02-12 20:00:00,76.097,76.464,75.819,76.109,5377
2026-02-12 20:15:00,76.109,76.457,75.82,75.845,5460
2026-02-12 20:30:00,75.831,76.733,75.711,76.458,5606
2026-02-12 20:45:00,76.451,76.812,76.152,76.262,4959
2026-02-12 21:00:00,76.261,76.437,75.837,76.06,3677
2026-02-12 21:15:00,76.064,76.071,75.194,75.302,5312
2026-02-12 21:30:00,75.294,75.456,74.808,75.142,5852
2026-02-12 21:45:00,75.143,75.203,74.396,74.76,6987
2026-02-12 22:00:00,74.753,75.188,74.627,75.047,2839
2026-02-12 22:15:00,75.045,75.239,74.935,75.189,1860
2026-02-12 22:30:00,75.187,75.416,75.058,75.138,1833
2026-02-12 22:45:00,75.137,75.385,75.031,75.267,1495
2026-02-13 00:00:00,74.475,74.911,73.928,74.797,2786
2026-02-13 00:15:00,74.794,75.623,74.794,75.308,2705
2026-02-13 00:30:00,75.309,75.321,74.476,74.717,3552
2026-02-13 00:45:00,74.718,75.186,74.457,75.135,3083
2026-02-13 01:00:00,75.135,76.389,74.98,75.846,3547
2026-02-13 01:15:00,75.845,76.195,75.408,75.685,2682
2026-02-13 01:30:00,75.697,75.858,75.267,75.484,2789
2026-02-13 01:45:00,75.486,75.486,74.681,75.05,3403
2026-02-13 02:00:00,75.048,76.717,75.011,76.426,5214
2026-02-13 02:15:00,76.426,76.888,76.402,76.723,4542
2026-02-13 02:30:00,76.723,77.257,76.494,77.112,4187
2026-02-13 02:45:00,77.115,77.277,76.58,76.717,3159
2026-02-13 03:00:00,76.718,76.83,76.465,76.71,2847
2026-02-13 03:15:00,76.709,77.049,76.607,77.026,1552
2026-02-13 03:30:00,77.022,77.125,76.303,76.618,2784
2026-02-13 03:45:00,76.624,77.167,76.436,77.119,3383
2026-02-13 04:00:00,77.105,77.24,76.787,77.013,2917
2026-02-13 04:15:00,77.013,77.056,76.625,76.95,2588
2026-02-13 04:30:00,76.95,77.337,76.95,76.978,1730
2026-02-13 04:45:00,76.978,77.143,76.93,77.079,1354
2026-02-13 05:00:00,77.076,77.317,76.96,77.284,1572
2026-02-13 05:15:00,77.284,77.688,77.279,77.383,1646
2026-02-13 05:30:00,77.383,77.535,77.11,77.26,1523
2026-02-13 05:45:00,77.259,77.266,76.962,76.978,1408
2026-02-13 06:00:00,77.009,77.437,77.002,77.255,1597
2026-02-13 06:15:00,77.255,77.255,76.63,76.766,2788
2026-02-13 06:30:00,76.757,76.782,76.218,76.476,3772
2026-02-13 06:45:00,76.478,76.609,75.977,76.087,3769
2026-02-13 07:00:00,76.091,76.544,76.073,76.529,3756
2026-02-13 07:15:00,76.528,76.655,76.287,76.438,2817
2026-02-13 07:30:00,76.441,76.849,76.292,76.699,3820
2026-02-13 07:45:00,76.694,77.402,76.601,77.308,3829
2026-02-13 08:00:00,77.31,77.334,76.833,77.16,2359
2026-02-13 08:15:00,77.16,77.62,77.133,77.61,1562
2026-02-13 08:30:00,77.61,78.041,77.376,77.922,2279
2026-02-13 08:45:00,77.92,78.35,77.631,77.87,2259
2026-02-13 09:00:00,77.871,78.888,77.8,78.581,3392
2026-02-13 09:15:00,78.582,79.116,78.444,79.016,2928
2026-02-13 09:30:00,79.011,79.213,78.864,79.15,2109
2026-02-13 09:45:00,79.158,79.324,78.667,78.86,2436
2026-02-13 10:00:00,78.856,79.024,78.428,78.851,3041
2026-02-13 10:15:00,78.85,79.087,78.428,78.465,2131
2026-02-13 10:30:00,78.465,78.773,78.267,78.557,2129
2026-02-13 10:45:00,78.555,78.71,78.103,78.159,2011
2026-02-13 11:00:00,78.158,78.517,77.987,78.296,2636
2026-02-13 11:15:00,78.308,78.708,78.264,78.631,1821
2026-02-13 11:30:00,78.639,78.656,78.155,78.28,1617
2026-02-13 11:45:00,78.277,78.307,77.539,77.609,2107
2026-02-13 12:00:00,77.609,77.649,76.579,77.058,2588
2026-02-13 12:15:00,77.055,77.224,76.691,77.13,3725
2026-02-13 12:30:00,77.13,77.139,76.638,77.067,3863
2026-02-13 12:45:00,77.063,77.354,76.884,77.321,2724
2026-02-13 13:00:00,77.314,77.435,76.948,77.285,3768
2026-02-13 13:15:00,77.286,77.645,77.254,77.342,2302
2026-02-13 13:30:00,77.341,77.708,77.24,77.609,2587
2026-02-13 13:45:00,77.61,78.056,77.419,77.767,2920
2026-02-13 14:00:00,77.767,78.028,77.608,77.676,3541
2026-02-13 14:15:00,77.672,77.715,77.011,77.09,3474
2026-02-13 14:30:00,77.135,79.29,77.112,78.831,5702
2026-02-13 14:45:00,78.819,78.986,78.472,78.671,4381
2026-02-13 15:00:00,78.669,78.985,78.462,78.805,3224
2026-02-13 15:15:00,78.805,79.116,78.566,78.631,3707
2026-02-13 15:30:00,78.633,78.699,75.973,76.825,7696
2026-02-13 15:45:00,76.827,78.105,76.795,77.33,7757
2026-02-13 16:00:00,77.335,78.408,77.239,77.867,7478
2026-02-13 16:15:00,77.857,78.2,77.25,78.03,7005
2026-02-13 16:30:00,78.032,78.632,77.459,77.481,6632
2026-02-13 16:45:00,77.478,77.653,76.927,77.037,6835
2026-02-13 17:00:00,77.042,77.858,77.0,77.718,6754
2026-02-13 17:15:00,77.718,78.412,77.636,78.322,5936
2026-02-13 17:30:00,78.324,78.327,77.657,77.809,5222
2026-02-13 17:45:00,77.814,78.073,77.455,77.58,4377
2026-02-13 18:00:00,77.593,78.234,77.389,77.731,4898
2026-02-13 18:15:00,77.731,77.766,77.237,77.537,5238
2026-02-13 18:30:00,77.537,77.92,77.483,77.565,4898
2026-02-13 18:45:00,77.565,77.741,77.332,77.699,4707
2026-02-13 19:00:00,77.701,78.217,77.531,78.181,3019
2026-02-13 19:15:00,78.167,78.198,77.617,77.686,4758
2026-02-13 19:30:00,77.69,77.996,77.619,77.812,4678
2026-02-13 19:45:00,77.816,77.91,77.56,77.654,4742
2026-02-13 20:00:00,77.662,78.161,77.625,77.875,4233
2026-02-13 20:15:00,77.874,78.238,77.798,77.968,2975
2026-02-13 20:30:00,77.968,77.97,77.69,77.746,4175
2026-02-13 20:45:00,77.745,77.891,77.271,77.271,4842
2026-02-13 21:00:00,77.273,77.481,76.993,77.013,4074
2026-02-13 21:15:00,77.013,77.385,76.992,77.123,1779
2026-02-13 21:30:00,77.123,77.287,76.817,76.94,5533
2026-02-13 21:45:00,76.94,77.017,76.491,77.0,5542
2026-02-13 22:00:00,76.993,77.046,76.826,76.997,1672
2026-02-13 22:15:00,76.992,77.257,76.991,77.213,1126
2026-02-13 22:30:00,77.212,77.299,77.104,77.259,1050
2026-02-13 22:45:00,77.257,77.519,77.232,77.461,1549
2026-02-16 00:00:00,77.717,77.926,74.575,75.952,3955
2026-02-16 00:15:00,75.952,77.054,75.942,76.586,3009
2026-02-16 00:30:00,76.586,76.772,76.285,76.314,2320
2026-02-16 00:45:00,76.317,76.443,75.75,76.314,1412
2026-02-16 01:00:00,76.309,76.612,75.892,76.453,2991
2026-02-16 01:15:00,76.453,76.537,76.026,76.225,1836
2026-02-16 01:30:00,76.23,76.493,76.224,76.375,1822
2026-02-16 01:45:00,76.374,76.903,76.285,76.765,2360
2026-02-16 02:00:00,76.765,76.932,76.409,76.844,2719
2026-02-16 02:15:00,76.844,77.466,76.799,77.221,2414
2026-02-16 02:30:00,77.221,77.301,76.995,77.175,2142
2026-02-16 02:45:00,77.175,77.302,77.109,77.248,1154
2026-02-16 03:00:00,77.262,77.412,76.705,76.725,2210
2026-02-16 03:15:00,76.725,76.834,76.442,76.444,1397
2026-02-16 03:30:00,76.449,76.652,76.12,76.339,3166
2026-02-16 03:45:00,76.338,76.348,75.727,75.743,3345
2026-02-16 04:00:00,75.744,75.833,75.394,75.64,2739
2026-02-16 04:15:00,75.64,75.808,75.575,75.685,2035
2026-02-16 04:30:00,75.687,75.79,75.201,75.333,2420
2026-02-16 04:45:00,75.333,75.418,74.723,75.26,2454
2026-02-16 05:00:00,75.252,75.393,74.947,75.146,2078
2026-02-16 05:15:00,75.147,75.326,75.039,75.172,1429
2026-02-16 05:30:00,75.172,75.172,74.807,75.081,1716
2026-02-16 05:45:00,75.082,75.424,75.081,75.239,1527
2026-02-16 06:00:00,75.252,75.638,74.946,75.583,2486
2026-02-16 06:15:00,75.583,75.712,75.557,75.602,1386
2026-02-16 06:30:00,75.603,75.66,75.473,75.631,958
2026-02-16 06:45:00,75.631,75.942,75.51,75.907,1550
2026-02-16 07:00:00,75.906,76.063,75.822,76.058,1422
2026-02-16 07:15:00,76.059,76.204,75.883,76.2,1560
2026-02-16 07:30:00,76.198,76.77,76.129,76.763,1681
2026-02-16 07:45:00,76.762,77.032,76.529,76.531,1415
2026-02-16 08:00:00,76.532,76.745,76.469,76.648,1453
2026-02-16 08:15:00,76.65,76.846,76.627,76.785,928
2026-02-16 08:30:00,76.781,77.026,76.72,76.938,1405
2026-02-16 08:45:00,76.934,77.034,76.723,76.921,1712
2026-02-16 09:00:00,76.92,77.27,76.541,76.542,2315
2026-02-16 09:15:00,76.542,76.96,76.539,76.951,1337
2026-02-16 09:30:00,76.95,77.126,76.909,76.981,849
2026-02-16 09:45:00,76.991,77.167,76.845,77.132,1153
2026-02-16 10:00:00,77.131,77.28,77.043,77.114,1216
2026-02-16 10:15:00,77.115,77.353,77.102,77.202,1427
2026-02-16 10:30:00,77.202,77.204,77.001,77.088,1319
2026-02-16 10:45:00,77.087,77.118,76.951,76.979,1533
2026-02-16 11:00:00,76.978,77.135,76.765,76.776,1191
2026-02-16 11:15:00,76.773,77.278,76.747,77.191,1529
2026-02-16 11:30:00,77.192,77.335,77.067,77.205,1896
2026-02-16 11:45:00,77.205,77.341,77.095,77.105,1459
2026-02-16 12:00:00,77.105,77.155,76.828,76.901,1061
2026-02-16 12:15:00,76.901,77.103,76.857,77.091,412
2026-02-16 12:30:00,77.095,77.147,76.936,77.12,867
2026-02-16 12:45:00,77.118,77.173,76.984,77.156,1023
2026-02-16 13:00:00,77.157,77.159,76.835,76.84,1251
2026-02-16 13:15:00,76.84,76.946,76.688,76.916,1457
2026-02-16 13:30:00,76.912,77.079,76.781,76.954,1166
2026-02-16 13:45:00,76.959,77.0,76.786,76.921,1004
2026-02-16 14:00:00,76.921,77.086,76.917,76.938,1240
2026-02-16 14:15:00,76.938,77.068,76.845,76.881,1254
2026-02-16 14:30:00,76.882,77.133,76.792,76.912,1397
2026-02-16 14:45:00,76.912,76.96,76.754,76.934,1013
2026-02-16 15:00:00,76.932,77.034,76.883,76.943,968
2026-02-16 15:15:00,76.943,77.1,76.734,76.787,1175
2026-02-16 15:30:00,76.787,76.92,76.612,76.652,2115
2026-02-16 15:45:00,76.653,76.654,76.326,76.597,2643
2026-02-16 16:00:00,76.582,76.714,75.942,76.217,2987
2026-02-16 16:15:00,76.218,76.405,76.168,76.32,1717
2026-02-16 16:30:00,76.32,76.331,76.04,76.263,2513
2026-02-16 16:45:00,76.264,76.327,76.103,76.103,1881
2026-02-16 17:00:00,76.104,76.146,75.798,75.935,2153
2026-02-16 17:15:00,75.935,76.359,75.717,76.297,1965
2026-02-16 17:30:00,76.3,76.695,76.299,76.447,1298
2026-02-16 17:45:00,76.446,76.447,76.279,76.358,1000
2026-02-16 18:00:00,76.356,76.659,76.355,76.546,913
2026-02-16 18:15:00,76.545,76.647,76.468,76.628,564
2026-02-16 18:30:00,76.628,76.732,76.568,76.655,709
2026-02-16 18:45:00,76.666,76.679,76.496,76.589,619
2026-02-16 19:00:00,76.594,76.753,76.508,76.727,1022
2026-02-16 19:15:00,76.726,76.773,76.661,76.661,710
2026-02-16 19:30:00,76.66,76.757,76.578,76.75,530
2026-02-16 19:45:00,76.751,76.838,76.703,76.708,887
2026-02-16 20:00:00,76.735,76.769,76.504,76.511,535
2026-02-16 20:15:00,76.511,76.604,76.455,76.58,801
2026-02-17 00:00:00,76.22,76.645,75.781,76.425,1060
2026-02-17 00:15:00,76.425,76.868,76.2,76.68,1355
2026-02-17 00:30:00,76.685,76.757,76.502,76.582,1332
2026-02-17 00:45:00,76.582,76.636,76.318,76.404,822
2026-02-17 01:00:00,76.404,76.468,75.809,75.955,2172
2026-02-17 01:15:00,75.97,76.106,75.869,75.999,1616
2026-02-17 01:30:00,76.002,76.144,75.192,75.319,2239
2026-02-17 01:45:00,75.316,75.553,74.345,74.68,4132
2026-02-17 02:00:00,74.683,74.919,73.043,74.687,5161
2026-02-17 02:15:00,74.686,75.802,74.456,75.764,3855
2026-02-17 02:30:00,75.761,76.218,75.587,76.131,3049
2026-02-17 02:45:00,76.129,76.36,75.862,75.883,3197
2026-02-17 03:00:00,75.876,76.309,75.707,76.179,2467
2026-02-17 03:15:00,76.186,76.443,76.03,76.238,1895
2026-02-17 03:30:00,76.234,76.278,75.81,75.947,1826
2026-02-17 03:45:00,75.942,76.335,75.919,76.331,1157
2026-02-17 04:00:00,76.321,76.534,75.58,75.683,2444
2026-02-17 04:15:00,75.686,75.722,74.906,75.136,2302
2026-02-17 04:30:00,75.136,75.431,74.892,75.31,2567
2026-02-17 04:45:00,75.307,75.589,75.239,75.44,1917
2026-02-17 05:00:00,75.439,75.456,75.087,75.381,2014
2026-02-17 05:15:00,75.38,75.666,75.275,75.615,1317
2026-02-17 05:30:00,75.611,75.648,75.213,75.321,1705
2026-02-17 05:45:00,75.32,75.356,75.01,75.172,1530
2026-02-17 06:00:00,75.167,75.281,74.483,74.536,2801
2026-02-17 06:15:00,74.531,74.54,73.004,73.392,6166
2026-02-17 06:30:00,73.395,74.237,72.746,74.072,3913
2026-02-17 06:45:00,74.072,74.151,73.684,73.923,3139
2026-02-17 07:00:00,73.939,74.56,73.916,74.243,2981
2026-02-17 07:15:00,74.247,74.524,74.062,74.283,2637
2026-02-17 07:30:00,74.284,74.836,74.246,74.614,2726
2026-02-17 07:45:00,74.618,74.883,74.422,74.738,1642
2026-02-17 08:00:00,74.738,74.787,74.377,74.388,2027
2026-02-17 08:15:00,74.388,74.661,74.269,74.515,1978
2026-02-17 08:30:00,74.516,74.815,74.344,74.651,1382
2026-02-17 08:45:00,74.651,75.156,74.57,74.992,1477
2026-02-17 09:00:00,74.994,75.248,74.916,75.214,2061
2026-02-17 09:15:00,75.215,75.468,75.03,75.076,2199
2026-02-17 09:30:00,75.076,75.215,74.845,74.86,1468
2026-02-17 09:45:00,74.859,75.07,74.854,74.976,1860
2026-02-17 10:00:00,74.962,75.069,74.535,74.578,2082
2026-02-17 10:15:00,74.578,74.776,74.451,74.66,1822
2026-02-17 10:30:00,74.659,74.831,74.504,74.59,1409
2026-02-17 10:45:00,74.589,74.685,74.03,74.611,2303
2026-02-17 11:00:00,74.61,74.966,74.526,74.953,1975
2026-02-17 11:15:00,74.952,74.958,74.644,74.65,1333
2026-02-17 11:30:00,74.648,74.648,74.285,74.32,1792
2026-02-17 11:45:00,74.315,74.337,73.668,73.979,2367
2026-02-17 12:00:00,73.979,74.509,73.952,74.48,2133
2026-02-17 12:15:00,74.479,74.534,74.339,74.427,1960
2026-02-17 12:30:00,74.427,74.483,74.313,74.382,1818
2026-02-17 12:45:00,74.383,74.849,74.249,74.708,2312
2026-02-17 13:00:00,74.704,75.112,74.498,74.969,3367
2026-02-17 13:15:00,74.97,75.272,74.92,75.051,3358
2026-02-17 13:30:00,75.051,75.111,74.731,74.782,2866
2026-02-17 13:45:00,74.784,74.974,74.563,74.598,2181
2026-02-17 14:00:00,74.598,74.641,73.978,74.104,2377
2026-02-17 14:15:00,74.104,74.382,73.964,74.306,3162
2026-02-17 14:30:00,74.31,74.594,73.807,74.594,3789
2026-02-17 14:45:00,74.591,74.63,72.963,72.974,5046
2026-02-17 15:00:00,72.974,74.359,72.408,74.153,5747
2026-02-17 15:15:00,74.152,74.552,73.953,74.261,2685
2026-02-17 15:30:00,74.261,74.735,72.824,72.959,8387
2026-02-17 15:45:00,72.966,73.14,72.108,72.263,7607
2026-02-17 16:00:00,72.26,72.999,71.952,72.496,7192
2026-02-17 16:15:00,72.486,73.111,72.38,72.616,6979
2026-02-17 16:30:00,72.609,73.321,72.429,72.995,6714
2026-02-17 16:45:00,72.994,73.338,72.565,73.236,6617
2026-02-17 17:00:00,73.231,73.834,73.21,73.508,6729
2026-02-17 17:15:00,73.503,73.916,73.418,73.654,6334
2026-02-17 17:30:00,73.65,73.872,73.384,73.677,5731
2026-02-17 17:45:00,73.677,73.768,73.123,73.129,3219
2026-02-17 18:00:00,73.12,73.181,72.394,72.512,6168
2026-02-17 18:15:00,72.504,72.901,72.424,72.858,5271
2026-02-17 18:30:00,72.863,73.009,72.221,72.263,6188
2026-02-17 18:45:00,72.264,72.753,72.056,72.705,6212
2026-02-17 19:00:00,72.695,73.216,72.607,73.08,6104
2026-02-17 19:15:00,73.079,73.788,73.077,73.545,5580
2026-02-17 19:30:00,73.543,73.747,73.401,73.524,5590
2026-02-17 19:45:00,73.527,74.084,73.435,73.766,5548
2026-02-17 20:00:00,73.764,74.036,73.621,73.754,6236
2026-02-17 20:15:00,73.753,73.913,73.464,73.52,5065
2026-02-17 20:30:00,73.519,73.695,73.444,73.625,2458
2026-02-17 20:45:00,73.625,73.698,73.5,73.516,2930
2026-02-17 21:00:00,73.515,73.59,73.186,73.367,4813
2026-02-17 21:15:00,73.368,73.432,73.173,73.194,3697
2026-02-17 21:30:00,73.193,73.585,73.05,73.413,4190
2026-02-17 21:45:00,73.413,73.458,73.199,73.274,5555
2026-02-17 22:00:00,73.272,73.546,73.239,73.546,1706
2026-02-17 22:15:00,73.545,73.647,73.493,73.543,1189
2026-02-17 22:30:00,73.542,73.544,73.394,73.516,740
2026-02-17 22:45:00,73.516,73.543,73.399,73.5,551
2026-02-18 00:00:00,73.193,73.753,72.78,73.675,1629
2026-02-18 00:15:00,73.676,73.736,73.104,73.509,1309
2026-02-18 00:30:00,73.509,73.649,72.843,73.147,1237
2026-02-18 00:45:00,73.147,73.185,72.293,72.388,2047
2026-02-18 01:00:00,72.386,72.658,72.298,72.529,2173
2026-02-18 01:15:00,72.529,72.784,72.373,72.59,2182
2026-02-18 01:30:00,72.582,72.97,72.57,72.898,1978
2026-02-18 01:45:00,72.901,72.926,72.401,72.5,1752
2026-02-18 02:00:00,72.501,73.012,72.493,72.891,2000
2026-02-18 02:15:00,72.892,73.219,72.892,73.171,1748
2026-02-18 02:30:00,73.171,73.48,73.001,73.282,1919
2026-02-18 02:45:00,73.282,73.47,73.137,73.42,1629
2026-02-18 03:00:00,73.419,73.726,73.283,73.625,2255
2026-02-18 03:15:00,73.61,73.645,73.237,73.416,2160
2026-02-18 03:30:00,73.414,73.789,73.363,73.689,1759
2026-02-18 03:45:00,73.695,73.758,73.465,73.51,1257
2026-02-18 04:00:00,73.508,74.187,73.493,73.994,1641
2026-02-18 04:15:00,73.994,74.428,73.994,74.367,1528
2026-02-18 04:30:00,74.369,74.621,74.327,74.621,1856
2026-02-18 04:45:00,74.62,74.741,74.542,74.657,1809
2026-02-18 05:00:00,74.656,75.088,74.495,75.015,2207
2026-02-18 05:15:00,75.013,75.358,74.861,75.305,1423
2026-02-18 05:30:00,75.305,75.632,75.289,75.574,1757
2026-02-18 05:45:00,75.575,75.85,75.458,75.841,1347
2026-02-18 06:00:00,75.844,76.004,75.474,75.536,1889
2026-02-18 06:15:00,75.525,75.842,75.462,75.569,1184
2026-02-18 06:30:00,75.568,76.124,75.526,75.81,1381
2026-02-18 06:45:00,75.807,75.903,75.589,75.59,1178
2026-02-18 07:00:00,75.592,75.652,75.18,75.351,1798
2026-02-18 07:15:00,75.347,75.697,75.227,75.485,1421
2026-02-18 07:30:00,75.485,75.627,75.404,75.555,1262
2026-02-18 07:45:00,75.555,75.738,75.487,75.488,1092
2026-02-18 08:00:00,75.488,75.769,75.443,75.706,1201
2026-02-18 08:15:00,75.707,75.861,75.603,75.832,1299
2026-02-18 08:30:00,75.841,76.065,75.713,75.766,949
2026-02-18 08:45:00,75.767,75.772,75.557,75.699,1092
2026-02-18 09:00:00,75.701,75.924,75.63,75.714,2116
2026-02-18 09:15:00,75.714,75.797,75.494,75.725,1718
2026-02-18 09:30:00,75.722,76.03,75.722,75.8,1648
2026-02-18 09:45:00,75.804,76.012,75.766,75.822,1470
2026-02-18 10:00:00,75.821,76.045,75.698,75.88,2069
2026-02-18 10:15:00,75.879,76.081,75.642,75.937,1985
2026-02-18 10:30:00,75.938,75.994,75.754,75.833,1494
2026-02-18 10:45:00,75.832,75.901,75.682,75.682,1523
2026-02-18 11:00:00,75.683,76.274,75.677,76.073,2050
2026-02-18 11:15:00,76.071,76.111,75.846,75.913,1533
2026-02-18 11:30:00,75.91,75.911,75.511,75.553,1746
2026-02-18 11:45:00,75.55,75.775,75.458,75.713,1435
2026-02-18 12:00:00,75.716,75.765,75.633,75.705,1023
2026-02-18 12:15:00,75.705,75.88,75.678,75.708,1276
2026-02-18 12:30:00,75.708,75.801,75.636,75.72,1667
2026-02-18 12:45:00,75.72,75.827,75.274,75.421,2095
2026-02-18 13:00:00,75.424,75.765,75.3,75.545,2349
2026-02-18 13:15:00,75.545,75.885,75.404,75.429,2054
2026-02-18 13:30:00,75.425,75.627,75.384,75.495,1456
2026-02-18 13:45:00,75.492,75.723,75.306,75.653,2376
2026-02-18 14:00:00,75.653,76.004,75.587,75.941,2460
2026-02-18 14:15:00,75.943,76.458,75.893,76.351,3039
2026-02-18 14:30:00,76.351,76.92,76.339,76.667,3485
2026-02-18 14:45:00,76.668,76.675,76.394,76.64,3247
2026-02-18 15:00:00,76.652,76.968,76.645,76.872,2641
2026-02-18 15:15:00,76.879,77.041,76.807,76.901,2616
2026-02-18 15:30:00,76.901,77.722,76.617,77.345,6300
2026-02-18 15:45:00,77.341,77.654,77.191,77.621,5711
2026-02-18 16:00:00,77.626,78.16,77.611,78.16,5904
2026-02-18 16:15:00,78.159,78.286,77.882,77.99,5560
2026-02-18 16:30:00,78.01,78.028,77.634,77.925,5050
2026-02-18 16:45:00,77.921,77.927,77.549,77.684,4142
2026-02-18 17:00:00,77.683,77.953,77.649,77.865,3832
2026-02-18 17:15:00,77.864,78.108,77.695,77.753,4773
2026-02-18 17:30:00,77.753,78.182,77.671,78.081,4590
2026-02-18 17:45:00,78.081,78.218,77.786,77.792,4013
2026-02-18 18:00:00,77.792,77.963,77.672,77.856,4623
2026-02-18 18:15:00,77.855,78.037,77.818,77.985,3962
2026-02-18 18:30:00,77.983,78.134,77.843,78.111,4176
2026-02-18 18:45:00,78.109,78.325,78.044,78.177,3669
2026-02-18 19:00:00,78.169,78.316,77.93,77.939,3387
2026-02-18 19:15:00,77.943,77.943,77.371,77.558,5041
2026-02-18 19:30:00,77.55,77.623,76.926,77.164,4940
2026-02-18 19:45:00,77.164,77.322,77.11,77.227,4198
2026-02-18 20:00:00,77.227,77.439,77.17,77.285,4543
2026-02-18 20:15:00,77.284,77.431,76.657,76.725,4774
2026-02-18 20:30:00,76.724,76.786,76.245,76.767,5660
2026-02-18 20:45:00,76.759,76.882,76.594,76.657,5195
2026-02-18 21:00:00,76.656,76.806,76.49,76.659,5396
2026-02-18 21:15:00,76.659,77.022,76.558,76.936,4545
2026-02-18 21:30:00,76.891,77.245,76.849,77.143,4575
2026-02-18 21:45:00,77.141,77.407,77.091,77.332,5727
2026-02-18 22:00:00,77.337,77.361,77.137,77.217,1060
2026-02-18 22:15:00,77.217,77.331,77.185,77.329,545
2026-02-18 22:30:00,77.329,77.336,77.171,77.201,569
2026-02-18 22:45:00,77.198,77.222,77.053,77.154,879
2026-02-19 00:00:00,77.298,77.679,76.866,77.478,1975
2026-02-19 00:15:00,77.476,77.617,77.245,77.36,1491
2026-02-19 00:30:00,77.36,77.553,77.249,77.307,1430
2026-02-19 00:45:00,77.305,77.329,76.9,77.155,1493
2026-02-19 01:00:00,77.155,77.172,76.749,76.843,1999
2026-02-19 01:15:00,76.857,76.997,76.649,76.725,1497
2026-02-19 01:30:00,76.735,77.008,76.472,76.693,2423
2026-02-19 01:45:00,76.693,76.773,76.461,76.48,2384
2026-02-19 02:00:00,76.479,77.027,76.445,76.972,3152
2026-02-19 02:15:00,76.971,77.003,76.611,76.838,2450
2026-02-19 02:30:00,76.843,76.974,76.608,76.903,2248
2026-02-19 02:45:00,76.895,77.278,76.89,77.275,1572
2026-02-19 03:00:00,77.271,77.423,77.193,77.214,1766
2026-02-19 03:15:00,77.215,77.231,76.995,77.21,1887
2026-02-19 03:30:00,77.21,77.373,77.138,77.271,1661
2026-02-19 03:45:00,77.271,77.389,77.122,77.16,1330
2026-02-19 04:00:00,77.161,77.243,77.023,77.18,1322
2026-02-19 04:15:00,77.181,77.319,77.131,77.287,1187
2026-02-19 04:30:00,77.285,77.894,77.284,77.824,2117
2026-02-19 04:45:00,77.823,78.046,77.773,77.972,1649
2026-02-19 05:00:00,77.973,78.224,77.85,78.058,1642
2026-02-19 05:15:00,78.059,78.07,77.833,77.857,805
2026-02-19 05:30:00,77.859,77.979,77.786,77.82,794
2026-02-19 05:45:00,77.819,77.888,77.651,77.872,1036
2026-02-19 06:00:00,77.872,78.132,77.872,78.019,948
2026-02-19 06:15:00,78.02,78.038,77.866,77.931,684
2026-02-19 06:30:00,77.927,78.017,77.886,77.968,728
2026-02-19 06:45:00,77.964,78.045,77.878,77.931,1029
2026-02-19 07:00:00,77.934,78.132,77.887,78.078,932
2026-02-19 07:15:00,78.08,78.145,77.97,78.141,945
2026-02-19 07:30:00,78.142,78.598,78.138,78.537,1460
2026-02-19 07:45:00,78.537,78.932,78.537,78.84,1633
2026-02-19 08:00:00,78.842,79.128,78.841,78.925,1433
2026-02-19 08:15:00,78.927,79.216,78.888,79.115,1110
2026-02-19 08:30:00,79.124,79.16,79.052,79.071,754
2026-02-19 08:45:00,79.072,79.108,78.787,78.88,1271
2026-02-19 09:00:00,78.88,78.957,78.627,78.936,1625
2026-02-19 09:15:00,78.937,79.327,78.933,79.293,1614
2026-02-19 09:30:00,79.294,79.299,79.147,79.273,1294
2026-02-19 09:45:00,79.275,79.452,79.062,79.202,1560
2026-02-19 10:00:00,79.207,79.281,79.077,79.248,1340
2026-02-19 10:15:00,79.248,79.292,78.732,78.733,1673
2026-02-19 10:30:00,78.733,78.878,78.38,78.788,2180
2026-02-19 10:45:00,78.788,78.823,78.545,78.579,1347
2026-02-19 11:00:00,78.579,78.582,78.129,78.258,2060
2026-02-19 11:15:00,78.257,78.632,78.2,78.306,2488
2026-02-19 11:30:00,78.305,78.577,78.157,78.405,2284
2026-02-19 11:45:00,78.404,78.543,78.316,78.471,1019
2026-02-19 12:00:00,78.472,78.637,78.343,78.43,1029
2026-02-19 12:15:00,78.429,78.498,77.99,78.05,1609
2026-02-19 12:30:00,78.051,78.241,77.983,78.086,1436
2026-02-19 12:45:00,78.085,78.145,77.358,77.932,2454
2026-02-19 13:00:00,77.935,78.005,77.393,77.749,2361
2026-02-19 13:15:00,77.748,77.955,77.581,77.942,1935
2026-02-19 13:30:00,77.941,78.126,77.855,78.116,1690
2026-02-19 13:45:00,78.117,78.27,78.001,78.084,1579
2026-02-19 14:00:00,78.086,78.102,77.573,77.804,2671
2026-02-19 14:15:00,77.804,78.163,77.665,77.96,1976
2026-02-19 14:30:00,77.958,78.333,77.717,78.246,2472
2026-02-19 14:45:00,78.246,78.432,78.2,78.346,1965
2026-02-19 15:00:00,78.345,78.345,77.615,77.645,2319
2026-02-19 15:15:00,77.644,78.019,77.601,77.979,1708
2026-02-19 15:30:00,77.979,77.989,77.167,77.785,7330
2026-02-19 15:45:00,77.784,78.193,77.346,77.957,7530
2026-02-19 16:00:00,77.957,78.358,77.907,78.096,8059
2026-02-19 16:15:00,78.095,78.362,77.976,78.349,6032
2026-02-19 16:30:00,78.354,79.093,78.321,78.86,5349
2026-02-19 16:45:00,78.86,78.912,78.133,78.63,5969
2026-02-19 17:00:00,78.627,78.644,77.872,78.275,5888
2026-02-19 17:15:00,78.275,78.437,77.838,78.053,6067
2026-02-19 17:30:00,78.048,78.228,77.934,78.095,5724
2026-02-19 17:45:00,78.096,78.187,77.339,77.554,6115
2026-02-19 18:00:00,77.538,77.87,77.407,77.72,5970
2026-02-19 18:15:00,77.719,78.049,77.582,77.896,5695
2026-02-19 18:30:00,77.898,78.071,77.835,77.974,4654
2026-02-19 18:45:00,77.973,78.004,77.481,77.558,5116
2026-02-19 19:00:00,77.561,77.897,77.501,77.776,4540
2026-02-19 19:15:00,77.779,77.871,77.472,77.517,5025
2026-02-19 19:30:00,77.517,77.808,77.482,77.573,4320
2026-02-19 19:45:00,77.574,77.951,77.569,77.822,4364
2026-02-19 20:00:00,77.82,78.002,77.743,77.898,4013
2026-02-19 20:15:00,77.896,78.097,77.855,77.981,4202
2026-02-19 20:30:00,77.976,78.011,77.527,77.748,4827
2026-02-19 20:45:00,77.75,77.808,77.63,77.773,4465
2026-02-19 21:00:00,77.771,77.986,77.762,77.984,3079
2026-02-19 21:15:00,77.984,78.202,77.896,78.164,2613
2026-02-19 21:30:00,78.157,78.436,78.127,78.404,2872
2026-02-19 21:45:00,78.408,78.514,78.34,78.403,4797
2026-02-19 22:00:00,78.393,78.433,78.284,78.373,733
2026-02-19 22:15:00,78.372,78.48,78.187,78.219,948
2026-02-19 22:30:00,78.212,78.339,78.204,78.229,764
2026-02-19 22:45:00,78.229,78.51,78.177,78.465,532
2026-02-20 00:00:00,78.674,78.735,78.21,78.254,998
2026-02-20 00:15:00,78.252,78.542,78.182,78.323,694
2026-02-20 00:30:00,78.323,78.377,78.17,78.219,585
2026-02-20 00:45:00,78.219,78.406,77.904,77.936,903
2026-02-20 01:00:00,77.956,78.225,77.842,78.166,1353
2026-02-20 01:15:00,78.172,78.228,77.872,78.039,1229
2026-02-20 01:30:00,78.041,78.341,78.018,78.285,1344
2026-02-20 01:45:00,78.286,78.674,78.286,78.661,1207
2026-02-20 02:00:00,78.66,78.735,78.345,78.515,2092
2026-02-20 02:15:00,78.516,78.516,78.174,78.314,2170
2026-02-20 02:30:00,78.314,78.391,78.141,78.265,1780
2026-02-20 02:45:00,78.257,78.431,78.209,78.282,1800
2026-02-20 03:00:00,78.283,78.621,78.23,78.304,1959
2026-02-20 03:15:00,78.305,78.413,78.148,78.162,1285
2026-02-20 03:30:00,78.161,78.386,78.161,78.315,1231
2026-02-20 03:45:00,78.315,78.321,77.911,78.09,1595
2026-02-20 04:00:00,78.089,78.513,78.079,78.403,733
2026-02-20 04:15:00,78.404,78.474,78.28,78.294,751
2026-02-20 04:30:00,78.294,78.594,77.427,77.632,1378
2026-02-20 04:45:00,77.64,77.978,77.621,77.631,1611
2026-02-20 05:00:00,77.628,77.988,77.624,77.987,1216
2026-02-20 05:15:00,77.987,78.004,77.838,77.979,785
2026-02-20 05:30:00,77.978,78.299,77.978,78.185,1076
2026-02-20 05:45:00,78.185,78.25,78.113,78.199,764
2026-02-20 06:00:00,78.203,78.45,78.202,78.316,1168
2026-02-20 06:15:00,78.316,78.51,78.272,78.464,765
2026-02-20 06:30:00,78.468,78.519,78.288,78.308,1274
2026-02-20 06:45:00,78.308,78.661,78.3,78.635,1124
2026-02-20 07:00:00,78.638,78.843,78.491,78.744,1283
2026-02-20 07:15:00,78.745,78.975,78.714,78.796,1369
2026-02-20 07:30:00,78.797,78.969,78.79,78.918,812
2026-02-20 07:45:00,78.918,78.926,78.647,78.781,1171
2026-02-20 08:00:00,78.781,79.072,78.654,78.978,1670
2026-02-20 08:15:00,78.978,79.012,78.74,78.892,1256
2026-02-20 08:30:00,78.89,79.012,78.787,78.945,1501
2026-02-20 08:45:00,78.946,78.962,78.689,78.724,1536
2026-02-20 09:00:00,78.734,78.997,78.729,78.948,2199
2026-02-20 09:15:00,78.945,79.172,78.92,79.118,950
2026-02-20 09:30:00,79.124,79.545,79.059,79.459,1507
2026-02-20 09:45:00,79.458,79.976,79.457,79.924,1672
2026-02-20 10:00:00,79.924,81.157,79.864,81.154,2664
2026-02-20 10:15:00,81.154,81.182,80.634,80.647,2972
2026-02-20 10:30:00,80.649,80.739,80.497,80.578,2047
2026-02-20 10:45:00,80.578,80.58,80.267,80.336,1381
2026-02-20 11:00:00,80.335,80.508,80.202,80.469,2067
2026-02-20 11:15:00,80.469,80.737,80.43,80.673,2104
2026-02-20 11:30:00,80.675,80.815,80.583,80.61,2042
2026-02-20 11:45:00,80.603,80.945,80.484,80.722,1957
2026-02-20 12:00:00,80.722,80.959,80.664,80.774,1840
2026-02-20 12:15:00,80.774,80.905,80.446,80.607,1490
2026-02-20 12:30:00,80.606,80.608,80.13,80.188,1910
2026-02-20 12:45:00,80.188,80.501,80.069,80.429,2535
2026-02-20 13:00:00,80.432,80.673,80.265,80.512,2185
2026-02-20 13:15:00,80.514,80.518,80.09,80.142,2340
2026-02-20 13:30:00,80.145,80.412,79.991,80.375,2707
2026-02-20 13:45:00,80.376,80.551,80.229,80.514,1828
2026-02-20 14:00:00,80.527,80.619,80.45,80.47,1680
2026-02-20 14:15:00,80.469,80.583,80.373,80.508,1361
2026-02-20 14:30:00,80.508,80.637,80.108,80.486,2604
2026-02-20 14:45:00,80.491,80.894,80.469,80.781,3043
2026-02-20 15:00:00,80.78,80.948,80.573,80.739,2854
2026-02-20 15:15:00,80.739,80.787,80.628,80.696,2807
2026-02-20 15:30:00,80.677,81.442,80.494,81.398,6010
2026-02-20 15:45:00,81.381,81.936,81.238,81.599,4920
2026-02-20 16:00:00,81.601,82.065,79.773,80.8,8196
2026-02-20 16:15:00,80.802,81.512,80.561,81.072,7704
2026-02-20 16:30:00,81.072,82.289,80.74,82.218,6512
2026-02-20 16:45:00,82.216,82.497,81.676,81.737,6431
2026-02-20 17:00:00,81.735,82.135,81.407,82.058,6378
2026-02-20 17:15:00,82.058,82.263,81.776,82.172,6316
2026-02-20 17:30:00,82.176,82.509,82.089,82.394,5151
2026-02-20 17:45:00,82.394,82.53,82.231,82.416,4489
2026-02-20 18:00:00,82.415,82.69,82.336,82.397,5163
2026-02-20 18:15:00,82.397,82.414,81.836,82.397,6646
2026-02-20 18:30:00,82.401,82.707,82.369,82.617,4660
2026-02-20 18:45:00,82.617,82.862,82.587,82.691,5214
2026-02-20 19:00:00,82.686,82.844,82.613,82.758,5271
2026-02-20 19:15:00,82.755,82.758,82.208,82.334,5844
2026-02-20 19:30:00,82.331,82.775,82.267,82.633,6194
2026-02-20 19:45:00,82.633,82.872,82.593,82.807,4850
2026-02-20 20:00:00,82.807,82.969,82.755,82.778,2749
2026-02-20 20:15:00,82.779,82.942,82.673,82.816,3646
2026-02-20 20:30:00,82.818,83.149,82.802,83.137,3667
2026-02-20 20:45:00,83.137,83.326,83.098,83.261,4015
2026-02-20 21:00:00,83.259,83.592,83.219,83.587,4594
2026-02-20 21:15:00,83.591,84.19,83.55,84.169,4708
2026-02-20 21:30:00,84.166,84.599,83.958,84.113,5058
2026-02-20 21:45:00,84.115,84.598,83.84,84.492,5590
2026-02-20 22:00:00,84.493,84.545,83.859,83.985,2173
2026-02-20 22:15:00,83.984,84.411,83.882,84.385,1654
2026-02-20 22:30:00,84.384,84.486,84.289,84.408,1313
2026-02-20 22:45:00,84.407,84.689,84.376,84.564,1801
2026-02-23 00:00:00,85.036,86.13,84.863,86.115,3287
2026-02-23 00:15:00,86.112,86.425,85.936,86.249,2956
2026-02-23 00:30:00,86.247,86.687,86.17,86.634,3695
2026-02-23 00:45:00,86.633,87.252,86.459,86.996,2838
2026-02-23 01:00:00,86.994,87.115,86.418,86.592,5236
2026-02-23 01:15:00,86.592,86.715,86.313,86.676,2760
2026-02-23 01:30:00,86.682,86.825,86.295,86.352,2224
2026-02-23 01:45:00,86.352,86.352,86.022,86.322,2525
2026-02-23 02:00:00,86.317,86.758,85.948,86.483,3881
2026-02-23 02:15:00,86.483,87.13,86.459,87.108,3374
2026-02-23 02:30:00,87.107,87.578,87.063,87.564,2766
2026-02-23 02:45:00,87.567,87.617,86.8,86.835,2910
2026-02-23 03:00:00,86.818,87.399,86.78,87.265,2572
2026-02-23 03:15:00,87.265,87.547,87.217,87.486,2571
2026-02-23 03:30:00,87.487,87.813,87.432,87.564,2241
2026-02-23 03:45:00,87.564,87.653,87.368,87.553,1328
2026-02-23 04:00:00,87.554,87.64,87.104,87.234,1596
2026-02-23 04:15:00,87.235,87.28,87.099,87.155,1800
2026-02-23 04:30:00,87.156,87.523,87.156,87.223,1838
2026-02-23 04:45:00,87.223,87.439,87.168,87.185,1596
2026-02-23 05:00:00,87.184,87.389,87.054,87.286,2120
2026-02-23 05:15:00,87.289,87.394,87.195,87.338,918
2026-02-23 05:30:00,87.337,87.584,87.18,87.302,847
2026-02-23 05:45:00,87.305,87.324,87.048,87.159,715
2026-02-23 06:00:00,87.159,87.276,87.012,87.177,1294
2026-02-23 06:15:00,87.177,87.261,86.833,87.009,1693
2026-02-23 06:30:00,87.014,87.023,86.789,86.878,1614
2026-02-23 06:45:00,86.879,87.027,86.839,86.992,1371
2026-02-23 07:00:00,86.993,87.073,86.934,87.013,1350
2026-02-23 07:15:00,87.013,87.083,86.723,86.778,1046
2026-02-23 07:30:00,86.793,86.898,86.509,86.542,1409
2026-02-23 07:45:00,86.542,86.633,86.234,86.372,947
2026-02-23 08:00:00,86.373,86.635,86.331,86.455,2383
2026-02-23 08:15:00,86.452,86.487,85.41,85.655,2813
2026-02-23 08:30:00,85.655,85.7,85.152,85.64,2633
2026-02-23 08:45:00,85.641,85.989,85.63,85.827,1975
2026-02-23 09:00:00,85.823,85.962,85.667,85.936,3443
2026-02-23 09:15:00,85.935,86.189,85.924,86.01,3004
2026-02-23 09:30:00,86.009,86.348,85.863,86.084,3241
2026-02-23 09:45:00,86.082,86.414,86.075,86.353,2503
2026-02-23 10:00:00,86.341,86.604,86.277,86.593,2619
2026-02-23 10:15:00,86.596,86.689,86.49,86.688,1957
2026-02-23 10:30:00,86.688,86.796,86.529,86.622,1366
2026-02-23 10:45:00,86.623,86.788,86.564,86.688,1143
2026-02-23 11:00:00,86.688,86.825,86.638,86.738,1770
2026-02-23 11:15:00,86.742,86.892,86.669,86.88,1863
2026-02-23 11:30:00,86.877,87.023,86.717,86.866,1843
2026-02-23 11:45:00,86.866,87.069,86.848,86.963,1482
2026-02-23 12:00:00,86.963,87.002,86.592,86.6,1422
2026-02-23 12:15:00,86.6,86.6,86.333,86.371,1787
2026-02-23 12:30:00,86.372,86.722,86.245,86.545,1688
2026-02-23 12:45:00,86.547,86.676,86.359,86.517,1752
2026-02-23 13:00:00,86.516,86.92,86.351,86.658,2278
2026-02-23 13:15:00,86.658,86.667,86.418,86.613,1648
2026-02-23 13:30:00,86.613,86.999,86.571,86.966,1883
2026-02-23 13:45:00,86.967,87.124,86.849,87.065,1642
2026-02-23 14:00:00,87.063,87.113,86.857,86.904,2530
2026-02-23 14:15:00,86.905,86.927,86.471,86.477,2520
2026-02-23 14:30:00,86.478,86.478,86.157,86.327,2361
2026-02-23 14:45:00,86.32,86.514,85.683,85.723,2466
2026-02-23 15:00:00,85.727,86.51,85.671,86.398,2624
2026-02-23 15:15:00,86.398,86.647,86.343,86.476,2284
2026-02-23 15:30:00,86.482,87.937,86.469,87.908,6656
2026-02-23 15:45:00,87.905,88.014,87.097,87.233,6766
2026-02-23 16:00:00,87.238,87.563,86.693,87.37,6204
2026-02-23 16:15:00,87.371,87.424,86.796,87.312,7060
2026-02-23 16:30:00,87.315,87.495,87.032,87.241,5954
2026-02-23 16:45:00,87.242,87.371,86.361,86.672,6420
2026-02-23 17:00:00,86.672,87.193,85.973,87.086,6083
2026-02-23 17:15:00,87.085,87.438,86.92,87.237,4844
2026-02-23 17:30:00,87.241,87.413,87.115,87.221,5015
2026-02-23 17:45:00,87.227,87.282,86.653,86.71,4971
2026-02-23 18:00:00,86.711,86.906,86.381,86.65,5341
2026-02-23 18:15:00,86.65,87.043,86.544,86.934,4454
2026-02-23 18:30:00,86.929,87.017,86.325,86.666,4791
2026-02-23 18:45:00,86.672,86.927,86.345,86.898,4730
2026-02-23 19:00:00,86.899,87.115,86.843,87.027,3756
2026-02-23 19:15:00,87.026,87.048,86.697,87.024,4742
2026-02-23 19:30:00,87.024,87.596,87.019,87.528,3202
2026-02-23 19:45:00,87.529,87.698,87.487,87.622,4123
2026-02-23 20:00:00,87.621,87.714,87.434,87.683,4033
2026-02-23 20:15:00,87.682,87.81,87.49,87.576,3884
2026-02-23 20:30:00,87.576,87.826,87.57,87.736,3399
2026-02-23 20:45:00,87.735,87.763,87.542,87.67,3965
2026-02-23 21:00:00,87.669,88.021,87.644,87.856,3826
2026-02-23 21:15:00,87.85,88.348,87.839,88.321,3220
2026-02-23 21:30:00,88.319,88.866,88.29,88.682,4023
2026-02-23 21:45:00,88.681,89.03,88.522,88.89,4426
2026-02-23 22:00:00,88.889,88.889,88.516,88.558,997
2026-02-23 22:15:00,88.556,88.622,88.507,88.536,1078
2026-02-23 22:30:00,88.535,88.585,87.946,88.074,1568
2026-02-23 22:45:00,88.071,88.23,88.014,88.181,1246
2026-02-24 00:00:00,88.338,88.867,88.309,88.705,1956
2026-02-24 00:15:00,88.705,88.827,88.335,88.524,1616
2026-02-24 00:30:00,88.525,88.8,88.326,88.5,1620
2026-02-24 00:45:00,88.5,88.509,88.083,88.118,1509
2026-02-24 01:00:00,88.117,88.261,87.758,87.878,2492
2026-02-24 01:15:00,87.88,88.069,87.743,87.781,1641
2026-02-24 01:30:00,87.784,87.894,87.444,87.843,1824
2026-02-24 01:45:00,87.842,87.937,87.33,87.671,2639
2026-02-24 02:00:00,87.671,87.671,86.694,86.796,6407
2026-02-24 02:15:00,86.81,86.919,84.927,86.159,6517
2026-02-24 02:30:00,86.174,86.784,85.977,86.58,4781
2026-02-24 02:45:00,86.593,86.72,85.872,86.487,3420
2026-02-24 03:00:00,86.489,87.024,86.43,86.921,4599
2026-02-24 03:15:00,86.921,86.921,86.301,86.54,3129
2026-02-24 03:30:00,86.54,87.135,86.525,87.01,4329
2026-02-24 03:45:00,87.011,87.514,86.999,87.441,3141
2026-02-24 04:00:00,87.439,87.452,87.006,87.303,2669
2026-02-24 04:15:00,87.302,87.585,87.167,87.29,2667
2026-02-24 04:30:00,87.3,87.416,87.011,87.113,1997
2026-02-24 04:45:00,87.113,87.23,86.9,86.933,1697
2026-02-24 05:00:00,86.932,87.023,86.671,86.705,1757
2026-02-24 05:15:00,86.734,87.021,86.704,86.953,1905
2026-02-24 05:30:00,86.952,87.077,86.728,86.742,1641
2026-02-24 05:45:00,86.744,86.941,86.729,86.831,1210
2026-02-24 06:00:00,86.8,87.337,86.722,87.292,1942
2026-02-24 06:15:00,87.299,87.503,87.115,87.159,1877
2026-02-24 06:30:00,87.159,87.866,87.056,87.848,3807
2026-02-24 06:45:00,87.853,88.238,87.716,88.123,2835
2026-02-24 07:00:00,88.12,88.876,88.049,88.821,2500
2026-02-24 07:15:00,88.821,88.909,87.777,87.862,2637
2026-02-24 07:30:00,87.862,88.336,87.794,88.179,3928
2026-02-24 07:45:00,88.179,88.334,87.985,88.084,2902
2026-02-24 08:00:00,88.085,88.242,87.835,88.218,2854
2026-02-24 08:15:00,88.217,88.34,87.9,88.098,1997
2026-02-24 08:30:00,88.098,88.333,87.978,88.245,2370
2026-02-24 08:45:00,88.244,88.245,87.856,87.874,1496
2026-02-24 09:00:00,87.869,88.227,87.638,88.164,3209
2026-02-24 09:15:00,88.152,88.219,87.624,87.877,2791
2026-02-24 09:30:00,87.879,88.241,87.879,88.034,1779
2026-02-24 09:45:00,88.031,88.187,87.871,88.092,1554
2026-02-24 10:00:00,88.085,88.322,87.89,87.997,1420
2026-02-24 10:15:00,87.997,88.185,87.916,87.983,1461
2026-02-24 10:30:00,87.984,88.142,87.824,88.006,1678
2026-02-24 10:45:00,88.006,88.095,87.861,88.024,1410
2026-02-24 11:00:00,88.027,88.467,88.026,88.457,1980
2026-02-24 11:15:00,88.457,88.57,88.296,88.361,1532
2026-02-24 11:30:00,88.361,88.432,87.79,87.826,2545
2026-02-24 11:45:00,87.825,88.072,87.825,88.026,1670
2026-02-24 12:00:00,88.027,88.096,87.928,88.031,1200
2026-02-24 12:15:00,88.031,88.051,87.786,87.994,1502
2026-02-24 12:30:00,87.987,88.159,87.856,88.111,1541
2026-02-24 12:45:00,88.11,88.311,87.791,88.062,1947
2026-02-24 13:00:00,88.063,88.2,87.826,87.947,2974
2026-02-24 13:15:00,87.94,87.97,87.348,87.691,3682
2026-02-24 13:30:00,87.692,87.897,87.578,87.749,2855
2026-02-24 13:45:00,87.746,87.853,87.464,87.745,2906
2026-02-24 14:00:00,87.746,88.247,87.746,88.201,4117
2026-02-24 14:15:00,88.201,88.225,87.908,87.97,4579
2026-02-24 14:30:00,87.97,88.075,87.262,87.662,5090
2026-02-24 14:45:00,87.662,87.679,86.025,86.175,6272
2026-02-24 15:00:00,86.174,86.259,85.363,85.726,6580
2026-02-24 15:15:00,85.727,86.483,85.629,86.307,4501
2026-02-24 15:30:00,86.298,87.201,86.034,87.14,7102
2026-02-24 15:45:00,87.139,87.429,86.896,87.086,7842
2026-02-24 16:00:00,87.083,87.539,86.868,87.51,7172
2026-02-24 16:15:00,87.508,87.928,87.397,87.631,7036
2026-02-24 16:30:00,87.641,87.944,87.525,87.927,6314
2026-02-24 16:45:00,87.929,88.033,87.734,87.798,4774
2026-02-24 17:00:00,87.798,88.162,87.716,88.1,4883
2026-02-24 17:15:00,88.1,88.19,87.664,87.744,4081
2026-02-24 17:30:00,87.739,87.936,87.249,87.799,3542
2026-02-24 17:45:00,87.802,87.812,86.939,87.318,5176
2026-02-24 18:00:00,87.319,87.844,87.313,87.79,4407
2026-02-24 18:15:00,87.791,87.994,87.778,87.93,3968
2026-02-24 18:30:00,87.937,87.988,87.799,87.964,3866
2026-02-24 18:45:00,87.964,87.982,87.898,87.971,3543
2026-02-24 19:00:00,87.972,88.214,87.883,88.134,2583
2026-02-24 19:15:00,88.133,88.142,87.449,87.636,5040
2026-02-24 19:30:00,87.632,87.69,87.034,87.42,4673
2026-02-24 19:45:00,87.42,87.507,87.207,87.217,4245
2026-02-24 20:00:00,87.215,87.249,86.554,86.863,5481
2026-02-24 20:15:00,86.865,87.07,86.575,87.041,4473
2026-02-24 20:30:00,87.042,87.316,86.87,87.095,3823
2026-02-24 20:45:00,87.096,87.166,86.938,86.95,3760
2026-02-24 21:00:00,86.95,87.117,86.63,86.804,4214
2026-02-24 21:15:00,86.804,87.407,86.694,87.31,4181
2026-02-24 21:30:00,87.311,87.693,87.208,87.641,3877
2026-02-24 21:45:00,87.63,87.643,87.128,87.271,4260
2026-02-24 22:00:00,87.271,87.303,87.136,87.294,1077
2026-02-24 22:15:00,87.295,87.319,87.08,87.08,945
2026-02-24 22:30:00,87.081,87.258,86.956,87.207,1344
2026-02-24 22:45:00,87.208,87.375,87.05,87.202,745
2026-02-25 00:00:00,87.127,87.135,86.569,86.903,1537
2026-02-25 00:15:00,86.9,86.915,86.642,86.688,1677
2026-02-25 00:30:00,86.685,87.335,86.553,87.292,2296
2026-02-25 00:45:00,87.293,87.417,87.209,87.22,1432
2026-02-25 01:00:00,87.22,87.299,86.763,86.927,1964
2026-02-25 01:15:00,86.902,87.188,86.856,86.937,1325
2026-02-25 01:30:00,86.937,87.281,86.858,87.12,2705
2026-02-25 01:45:00,87.12,87.461,87.02,87.38,1481
2026-02-25 02:00:00,87.38,88.028,87.347,87.932,4246
2026-02-25 02:15:00,87.935,88.511,87.867,88.469,3958
2026-02-25 02:30:00,88.469,88.679,88.136,88.232,3256
2026-02-25 02:45:00,88.231,88.464,88.216,88.25,2729
2026-02-25 03:00:00,88.25,88.7,88.25,88.679,3094
2026-02-25 03:15:00,88.701,89.126,88.701,89.116,2257
2026-02-25 03:30:00,89.12,89.602,89.012,89.596,3730
2026-02-25 03:45:00,89.594,89.707,89.057,89.397,3328
2026-02-25 04:00:00,89.412,89.806,89.388,89.773,3464
2026-02-25 04:15:00,89.772,89.795,89.267,89.47,2634
2026-02-25 04:30:00,89.475,89.562,88.767,89.164,2714
2026-02-25 04:45:00,89.163,89.604,89.063,89.46,2431
2026-02-25 05:00:00,89.46,89.517,89.092,89.387,2450
2026-02-25 05:15:00,89.386,89.506,89.23,89.457,1812
2026-02-25 05:30:00,89.457,89.494,89.3,89.44,1511
2026-02-25 05:45:00,89.441,89.52,89.241,89.376,1434
2026-02-25 06:00:00,89.403,89.683,89.363,89.541,2480
2026-02-25 06:15:00,89.541,89.716,89.518,89.688,1752
2026-02-25 06:30:00,89.689,91.0,89.647,90.853,4193
2026-02-25 06:45:00,90.853,91.231,90.76,90.766,4361
2026-02-25 07:00:00,90.763,90.773,90.05,90.472,4270
2026-02-25 07:15:00,90.47,90.827,90.17,90.181,3677
2026-02-25 07:30:00,90.169,90.647,90.165,90.44,3195
2026-02-25 07:45:00,90.421,90.7,90.168,90.567,3640
2026-02-25 08:00:00,90.565,90.699,90.372,90.507,1850
2026-02-25 08:15:00,90.495,90.616,90.307,90.582,1158
2026-02-25 08:30:00,90.581,90.671,90.285,90.375,1464
2026-02-25 08:45:00,90.381,90.501,90.273,90.348,1863
2026-02-25 09:00:00,90.347,90.61,90.32,90.575,2631
2026-02-25 09:15:00,90.574,90.979,90.554,90.91,2627
2026-02-25 09:30:00,90.909,91.07,90.768,91.036,2251
2026-02-25 09:45:00,91.039,91.074,90.9,90.908,1676
2026-02-25 10:00:00,90.908,90.908,90.403,90.659,3510
2026-02-25 10:15:00,90.654,90.924,90.593,90.864,2566
2026-02-25 10:30:00,90.863,90.977,90.646,90.692,2482
2026-02-25 10:45:00,90.694,90.824,90.577,90.69,2145
2026-02-25 11:00:00,90.695,90.895,90.69,90.756,2252
2026-02-25 11:15:00,90.748,90.791,90.3,90.49,3118
2026-02-25 11:30:00,90.49,90.706,90.474,90.525,1892
2026-02-25 11:45:00,90.524,90.582,90.372,90.48,1448
2026-02-25 12:00:00,90.48,90.488,89.785,89.822,2312
2026-02-25 12:15:00,89.822,90.152,89.45,90.117,2776
2026-02-25 12:30:00,90.114,90.324,90.074,90.266,1719
2026-02-25 12:45:00,90.264,90.468,89.959,90.468,2073
2026-02-25 13:00:00,90.468,90.703,90.377,90.397,2485
2026-02-25 13:15:00,90.407,90.478,90.275,90.281,2430
2026-02-25 13:30:00,90.281,90.506,90.093,90.451,2567
2026-02-25 13:45:00,90.452,90.641,90.327,90.579,2097
2026-02-25 14:00:00,90.579,90.968,90.533,90.73,3923
2026-02-25 14:15:00,90.728,90.986,90.684,90.747,3637
2026-02-25 14:30:00,90.748,90.953,90.407,90.456,3438
2026-02-25 14:45:00,90.456,90.676,90.218,90.545,4044
2026-02-25 15:00:00,90.546,90.84,90.292,90.737,3722
2026-02-25 15:15:00,90.738,90.843,90.347,90.347,2884
2026-02-25 15:30:00,90.347,90.762,89.391,90.18,7332
2026-02-25 15:45:00,90.177,90.733,89.994,90.594,5607
2026-02-25 16:00:00,90.589,90.794,90.06,90.354,7019
2026-02-25 16:15:00,90.35,90.534,89.822,90.095,6121
2026-02-25 16:30:00,90.095,90.415,89.799,90.201,5253
2026-02-25 16:45:00,90.201,90.631,90.101,90.615,5918
2026-02-25 17:00:00,90.608,90.632,90.276,90.408,4563
2026-02-25 17:15:00,90.406,90.753,90.273,90.592,4501
2026-02-25 17:30:00,90.584,90.753,90.354,90.669,4170
2026-02-25 17:45:00,90.677,90.917,90.672,90.77,4502
2026-02-25 18:00:00,90.769,90.844,90.583,90.747,3328
2026-02-25 18:15:00,90.748,90.852,90.52,90.738,3896
2026-02-25 18:30:00,90.742,90.824,90.586,90.7,4326
2026-02-25 18:45:00,90.72,91.075,90.637,90.977,3650
2026-02-25 19:00:00,90.968,90.983,90.927,90.93,1276
2026-02-25 19:15:00,90.932,91.123,90.905,91.091,2454
2026-02-25 19:30:00,91.092,91.159,90.639,91.117,2557
2026-02-25 19:45:00,91.117,91.132,90.535,90.588,3504
2026-02-25 20:00:00,90.588,90.914,90.554,90.855,3778
2026-02-25 20:15:00,90.856,90.99,90.681,90.969,2975
2026-02-25 20:30:00,90.969,90.991,90.768,90.944,3261
2026-02-25 20:45:00,90.937,91.281,90.678,91.082,4821
2026-02-25 21:00:00,91.081,91.176,90.81,90.869,3815
2026-02-25 21:15:00,90.869,90.92,89.776,89.776,6371
2026-02-25 21:30:00,89.774,89.939,89.374,89.546,7038
2026-02-25 21:45:00,89.544,89.549,88.18,88.358,7741
2026-02-25 22:00:00,88.336,89.078,88.271,88.832,3763
2026-02-25 22:15:00,88.836,89.19,88.735,89.156,1927
2026-02-25 22:30:00,89.151,89.599,89.041,89.59,2070
2026-02-25 22:45:00,89.579,89.59,89.034,89.253,1764
2026-02-26 00:00:00,88.959,89.589,88.915,89.018,2116
2026-02-26 00:15:00,89.005,89.372,88.857,89.133,2865
2026-02-26 00:30:00,89.134,89.138,88.735,89.0,3312
2026-02-26 00:45:00,89.002,89.163,87.199,87.538,4444
2026-02-26 01:00:00,87.537,88.293,87.454,88.126,4255
2026-02-26 01:15:00,88.118,88.952,88.108,88.896,3524
2026-02-26 01:30:00,88.897,89.261,88.724,89.033,3452
2026-02-26 01:45:00,89.034,89.536,88.993,89.319,3047
2026-02-26 02:00:00,89.316,90.321,89.263,89.907,4710
2026-02-26 02:15:00,89.908,90.2,89.593,89.695,3789
2026-02-26 02:30:00,89.695,90.022,89.533,89.812,4279
2026-02-26 02:45:00,89.812,89.913,89.123,89.573,4251
2026-02-26 03:00:00,89.564,89.769,89.108,89.142,4268
2026-02-26 03:15:00,89.147,89.475,88.833,88.849,2780
2026-02-26 03:30:00,88.875,88.941,87.854,88.149,5763
2026-02-26 03:45:00,88.138,88.949,88.138,88.82,3882
2026-02-26 04:00:00,88.822,89.083,88.708,89.06,3876
2026-02-26 04:15:00,89.059,89.162,88.643,88.937,3279
2026-02-26 04:30:00,88.933,89.241,88.917,89.082,1556
2026-02-26 04:45:00,89.082,89.296,88.899,89.255,1527
2026-02-26 05:00:00,89.26,89.71,89.245,89.518,1728
2026-02-26 05:15:00,89.517,89.58,89.303,89.495,1838
2026-02-26 05:30:00,89.493,89.499,89.217,89.305,1171
2026-02-26 05:45:00,89.305,89.382,89.099,89.272,1221
2026-02-26 06:00:00,89.281,89.901,89.177,89.846,1640
2026-02-26 06:15:00,89.849,89.975,89.669,89.776,2014
2026-02-26 06:30:00,89.78,89.914,89.429,89.589,3222
2026-02-26 06:45:00,89.578,89.732,89.214,89.418,3140
2026-02-26 07:00:00,89.42,89.675,89.333,89.615,2383
2026-02-26 07:15:00,89.61,89.61,89.088,89.166,3369
2026-02-26 07:30:00,89.164,89.494,89.158,89.409,3072
2026-02-26 07:45:00,89.41,89.425,88.664,89.121,3221
2026-02-26 08:00:00,89.121,89.266,88.198,88.541,3036
2026-02-26 08:15:00,88.54,88.797,88.23,88.37,2716
2026-02-26 08:30:00,88.369,88.696,88.194,88.381,2643
2026-02-26 08:45:00,88.38,88.518,88.087,88.429,3124
2026-02-26 09:00:00,88.429,88.532,87.877,88.042,3636
2026-02-26 09:15:00,88.042,88.204,86.873,86.933,3248
2026-02-26 09:30:00,86.933,87.157,86.261,86.993,4504
2026-02-26 09:45:00,86.996,87.462,86.616,87.445,3712
2026-02-26 10:00:00,87.445,87.713,87.167,87.713,3070
2026-02-26 10:15:00,87.716,87.806,87.283,87.473,3616
2026-02-26 10:30:00,87.472,87.618,87.396,87.415,2727
2026-02-26 10:45:00,87.414,87.75,87.392,87.526,2360
2026-02-26 11:00:00,87.526,87.687,87.418,87.446,1931
2026-02-26 11:15:00,87.451,87.5,87.082,87.096,2472
2026-02-26 11:30:00,87.097,87.46,87.07,87.093,3284
2026-02-26 11:45:00,87.09,87.256,86.718,86.851,2458
2026-02-26 12:00:00,86.851,87.554,86.845,87.447,2498
2026-02-26 12:15:00,87.444,87.63,87.275,87.519,2474
2026-02-26 12:30:00,87.518,87.644,87.464,87.502,1828
2026-02-26 12:45:00,87.504,87.534,86.986,87.109,2223
2026-02-26 13:00:00,87.11,87.357,85.878,86.379,4829
2026-02-26 13:15:00,86.378,86.82,86.12,86.803,3337
2026-02-26 13:30:00,86.804,87.105,86.792,87.015,3473
2026-02-26 13:45:00,87.018,87.174,86.731,87.154,2133
2026-02-26 14:00:00,87.157,87.399,86.445,86.63,5781
2026-02-26 14:15:00,86.637,87.326,86.618,87.113,3674
2026-02-26 14:30:00,87.113,87.375,86.909,87.03,3557
2026-02-26 14:45:00,87.03,87.492,86.999,87.131,3999
2026-02-26 15:00:00,87.121,87.136,86.544,86.901,3953
2026-02-26 15:15:00,86.902,87.069,86.708,86.881,3799
2026-02-26 15:30:00,86.879,86.989,85.664,86.849,8330
2026-02-26 15:45:00,86.853,86.95,86.342,86.607,7676
2026-02-26 16:00:00,86.598,86.998,86.309,86.517,7656
2026-02-26 16:15:00,86.521,86.6,85.222,85.735,8051
2026-02-26 16:30:00,85.742,86.613,85.706,86.554,7375
2026-02-26 16:45:00,86.561,87.613,86.561,87.464,6272
2026-02-26 17:00:00,87.489,87.524,86.871,86.948,5070
2026-02-26 17:15:00,86.948,87.363,86.834,87.297,6731
2026-02-26 17:30:00,87.292,87.292,86.96,87.001,6794
2026-02-26 17:45:00,86.991,87.086,86.601,86.739,6270
2026-02-26 18:00:00,86.74,87.324,86.678,86.869,5760
2026-02-26 18:15:00,86.869,86.966,86.639,86.656,5407
2026-02-26 18:30:00,86.651,87.066,86.644,86.808,5504
2026-02-26 18:45:00,86.805,86.83,86.344,86.674,5863
2026-02-26 19:00:00,86.679,86.797,86.366,86.705,5423
2026-02-26 19:15:00,86.707,87.158,86.624,87.004,5058
2026-02-26 19:30:00,87.001,87.516,86.737,87.435,4565
2026-02-26 19:45:00,87.433,87.582,87.338,87.422,4336
2026-02-26 20:00:00,87.426,87.825,87.366,87.762,3925
2026-02-26 20:15:00,87.763,87.976,87.707,87.902,2782
2026-02-26 20:30:00,87.908,88.083,87.825,88.018,3072
2026-02-26 20:45:00,88.019,88.371,88.019,88.256,4108
2026-02-26 21:00:00,88.257,88.799,88.226,88.768,3991
2026-02-26 21:15:00,88.768,88.931,88.606,88.687,3654
2026-02-26 21:30:00,88.685,88.86,88.468,88.818,4723
2026-02-26 21:45:00,88.817,88.886,88.562,88.827,4247
2026-02-26 22:00:00,88.829,88.938,88.828,88.875,1282
2026-02-26 22:15:00,88.874,88.886,88.557,88.582,1230
2026-02-26 22:30:00,88.583,88.585,88.365,88.541,1303
2026-02-26 22:45:00,88.54,88.54,88.186,88.269,1205
2026-02-27 00:00:00,88.367,88.379,87.869,87.993,1016
2026-02-27 00:15:00,87.994,88.147,87.932,88.039,981
2026-02-27 00:30:00,88.036,88.245,87.936,88.121,1490
2026-02-27 00:45:00,88.104,88.222,87.977,88.157,1404
2026-02-27 01:00:00,88.16,88.579,88.075,88.569,2061
2026-02-27 01:15:00,88.568,88.919,88.531,88.629,2535
2026-02-27 01:30:00,88.625,88.726,88.18,88.319,2797
2026-02-27 01:45:00,88.318,88.754,88.167,88.45,2247
2026-02-27 02:00:00,88.495,88.665,87.802,88.136,4392
2026-02-27 02:15:00,88.137,88.543,88.079,88.179,3256
2026-02-27 02:30:00,88.18,88.912,88.007,88.795,3603
2026-02-27 02:45:00,88.79,89.513,88.727,89.488,4805
2026-02-27 03:00:00,89.491,90.072,89.448,90.014,4473
2026-02-27 03:15:00,90.013,90.015,89.653,89.704,2293
2026-02-27 03:30:00,89.707,89.84,89.256,89.588,4897
2026-02-27 03:45:00,89.589,89.848,89.303,89.814,3188
2026-02-27 04:00:00,89.813,89.882,89.707,89.758,2977
2026-02-27 04:15:00,89.759,89.944,89.44,89.549,3574
2026-02-27 04:30:00,89.55,89.881,89.466,89.783,2453
2026-02-27 04:45:00,89.78,89.875,89.316,89.317,2072
2026-02-27 05:00:00,89.309,89.65,89.279,89.649,1148
2026-02-27 05:15:00,89.649,89.705,89.407,89.691,638
2026-02-27 05:30:00,89.691,89.801,89.628,89.696,522
2026-02-27 05:45:00,89.696,89.699,89.432,89.484,828
2026-02-27 06:00:00,89.482,89.706,89.455,89.706,1603
2026-02-27 06:15:00,89.708,89.941,89.654,89.852,1741
2026-02-27 06:30:00,89.85,90.014,89.729,89.783,3704
2026-02-27 06:45:00,89.784,90.134,89.738,90.048,2776
2026-02-27 07:00:00,90.051,90.56,90.0,90.487,3149
2026-02-27 07:15:00,90.489,90.579,90.201,90.302,3527
2026-02-27 07:30:00,90.302,90.46,89.962,90.192,3411
2026-02-27 07:45:00,90.191,90.414,90.106,90.143,2224
2026-02-27 08:00:00,90.143,90.282,90.079,90.205,2395
2026-02-27 08:15:00,90.212,90.271,89.85,89.935,2466
2026-02-27 08:30:00,89.936,90.05,89.792,89.924,1776
2026-02-27 08:45:00,89.927,90.231,89.882,90.157,2062
2026-02-27 09:00:00,90.155,90.335,89.902,89.924,2164
2026-02-27 09:15:00,89.927,89.999,89.54,89.562,2489
2026-02-27 09:30:00,89.558,89.932,89.522,89.845,2700
2026-02-27 09:45:00,89.844,89.89,89.533,89.552,2226
2026-02-27 10:00:00,89.553,89.806,89.443,89.668,2192
2026-02-27 10:15:00,89.665,89.948,89.663,89.721,2109
2026-02-27 10:30:00,89.721,89.994,89.658,89.976,1881
2026-02-27 10:45:00,89.984,90.05,89.645,89.676,2222
2026-02-27 11:00:00,89.675,89.75,89.072,89.368,2344
2026-02-27 11:15:00,89.369,89.775,89.3,89.622,2410
2026-02-27 11:30:00,89.621,89.706,89.378,89.504,2239
2026-02-27 11:45:00,89.508,89.716,89.393,89.695,1341
2026-02-27 12:00:00,89.695,89.967,89.673,89.801,1579
2026-02-27 12:15:00,89.798,89.798,89.619,89.726,1935
2026-02-27 12:30:00,89.725,89.921,89.606,89.641,2230
2026-02-27 12:45:00,89.634,90.042,89.634,89.976,2322
2026-02-27 13:00:00,89.979,90.099,89.503,89.592,2784
2026-02-27 13:15:00,89.594,89.892,89.594,89.718,1945
2026-02-27 13:30:00,89.718,89.826,89.555,89.565,2525
2026-02-27 13:45:00,89.563,89.794,89.427,89.756,3056
2026-02-27 14:00:00,89.757,90.566,89.687,90.484,5235
2026-02-27 14:15:00,90.498,92.712,90.467,92.392,5762
2026-02-27 14:30:00,92.387,92.404,91.462,91.924,6255
2026-02-27 14:45:00,91.925,92.274,91.676,92.199,5504
2026-02-27 15:00:00,92.192,92.374,91.846,92.091,4778
2026-02-27 15:15:00,92.091,92.341,91.649,91.929,5027
2026-02-27 15:30:00,91.929,91.929,90.933,91.363,8290
2026-02-27 15:45:00,91.37,92.024,90.941,91.646,8013
2026-02-27 16:00:00,91.641,92.486,91.557,92.327,7639
2026-02-27 16:15:00,92.325,92.473,91.878,92.149,7698
2026-02-27 16:30:00,92.151,93.047,92.151,92.91,6074
2026-02-27 16:45:00,92.909,93.816,92.885,93.542,6498
2026-02-27 17:00:00,93.545,93.921,93.217,93.8,7339
2026-02-27 17:15:00,93.795,94.14,93.201,93.491,6127
2026-02-27 17:30:00,93.484,93.751,93.066,93.506,6835
2026-02-27 17:45:00,93.504,93.761,93.172,93.188,5452
2026-02-27 18:00:00,93.197,93.633,92.967,93.475,7058
2026-02-27 18:15:00,93.47,93.542,93.053,93.452,5178
2026-02-27 18:30:00,93.456,93.77,93.171,93.749,6318
2026-02-27 18:45:00,93.75,93.858,93.471,93.61,4615
2026-02-27 19:00:00,93.624,93.809,93.479,93.541,6165
2026-02-27 19:15:00,93.545,93.579,92.309,92.841,6507
2026-02-27 19:30:00,92.84,93.017,92.533,93.006,6453
2026-02-27 19:45:00,93.005,93.175,92.83,93.175,5268
2026-02-27 20:00:00,93.174,93.509,93.088,93.298,4644
2026-02-27 20:15:00,93.298,93.352,93.0,93.108,4861
2026-02-27 20:30:00,93.111,93.305,92.886,92.971,4524
2026-02-27 20:45:00,92.971,93.242,92.834,93.181,4643
2026-02-27 21:00:00,93.182,93.283,93.049,93.278,5016
2026-02-27 21:15:00,93.278,93.704,93.278,93.457,5119
2026-02-27 21:30:00,93.456,93.706,93.292,93.601,5219
2026-02-27 21:45:00,93.6,93.859,93.555,93.782,7132
2026-02-27 22:00:00,93.784,93.787,93.623,93.657,1510
2026-02-27 22:15:00,93.656,93.83,93.6,93.792,912
2026-02-27 22:30:00,93.793,93.887,93.688,93.805,1226
2026-02-27 22:45:00,93.799,93.841,93.666,93.739,1590
2026-03-02 00:00:00,95.012,95.844,93.879,94.929,6068
2026-03-02 00:15:00,94.921,95.621,94.851,95.307,4996
2026-03-02 00:30:00,95.323,96.391,95.159,96.117,5008
2026-03-02 00:45:00,96.109,96.149,95.616,95.736,4752
2026-03-02 01:00:00,95.736,95.791,94.872,95.503,4464
2026-03-02 01:15:00,95.503,95.503,94.433,94.801,4268
2026-03-02 01:30:00,94.801,95.242,94.605,94.82,3298
2026-03-02 01:45:00,94.817,95.037,94.121,94.202,4944
2026-03-02 02:00:00,94.2,94.72,92.914,94.367,7661
2026-03-02 02:15:00,94.367,94.561,92.362,92.643,6711
2026-03-02 02:30:00,92.651,93.561,92.108,93.236,5358
2026-03-02 02:45:00,93.229,93.421,92.013,92.244,5306
2026-03-02 03:00:00,92.218,93.047,92.203,93.033,5162
2026-03-02 03:15:00,93.033,93.8,92.995,93.416,4313
2026-03-02 03:30:00,93.414,94.067,93.133,94.042,4557
2026-03-02 03:45:00,94.041,94.078,93.663,93.968,3924
2026-03-02 04:00:00,93.972,94.383,93.882,94.295,3758
2026-03-02 04:15:00,94.284,94.354,93.748,94.06,3534
2026-03-02 04:30:00,94.062,94.559,94.021,94.29,2656
2026-03-02 04:45:00,94.29,94.61,94.218,94.345,2126
2026-03-02 05:00:00,94.345,94.442,93.948,94.005,1664
2026-03-02 05:15:00,94.003,94.318,93.789,93.987,1736
2026-03-02 05:30:00,93.993,94.091,93.321,93.534,2679
2026-03-02 05:45:00,93.492,93.873,93.445,93.769,2621
2026-03-02 06:00:00,93.748,93.838,93.477,93.629,3181
2026-03-02 06:15:00,93.627,93.713,93.43,93.633,2167
2026-03-02 06:30:00,93.642,94.315,93.579,94.28,3882
2026-03-02 06:45:00,94.281,94.399,93.979,94.103,3257
2026-03-02 07:00:00,94.102,94.793,94.02,94.718,3039
2026-03-02 07:15:00,94.719,95.218,94.718,95.191,3878
2026-03-02 07:30:00,95.189,95.214,94.752,94.763,4155
2026-03-02 07:45:00,94.764,95.335,94.764,94.944,3475
2026-03-02 08:00:00,94.948,95.681,94.858,95.548,3860
2026-03-02 08:15:00,95.551,95.938,95.508,95.553,4089
2026-03-02 08:30:00,95.54,95.998,95.54,95.885,3406
2026-03-02 08:45:00,95.884,96.091,95.7,96.082,2985
2026-03-02 09:00:00,96.085,96.15,95.466,95.616,4210
2026-03-02 09:15:00,95.616,95.798,95.366,95.77,3983
2026-03-02 09:30:00,95.77,95.831,95.373,95.546,3310
2026-03-02 09:45:00,95.549,95.791,95.41,95.499,3231
2026-03-02 10:00:00,95.462,95.492,95.031,95.111,4089
2026-03-02 10:15:00,95.115,95.405,95.024,95.4,3045
2026-03-02 10:30:00,95.401,95.785,95.325,95.38,3130
2026-03-02 10:45:00,95.384,95.467,95.078,95.334,2929
2026-03-02 11:00:00,95.337,95.563,95.114,95.229,3210
2026-03-02 11:15:00,95.228,95.438,95.114,95.369,3161
2026-03-02 11:30:00,95.375,95.637,95.265,95.629,3131
2026-03-02 11:45:00,95.629,95.657,95.133,95.26,2937
2026-03-02 12:00:00,95.261,95.362,94.72,94.949,2825
2026-03-02 12:15:00,94.948,95.404,94.936,95.317,2852
2026-03-02 12:30:00,95.317,95.439,94.868,94.895,2502
2026-03-02 12:45:00,94.892,94.898,94.33,94.604,4288
2026-03-02 13:00:00,94.602,95.134,94.27,94.998,3552
2026-03-02 13:15:00,94.998,95.14,94.66,95.101,2312
2026-03-02 13:30:00,95.102,95.254,94.746,95.154,3143
2026-03-02 13:45:00,95.15,95.279,94.947,95.087,2980
2026-03-02 14:00:00,95.083,95.116,94.059,94.158,6818
2026-03-02 14:15:00,94.162,94.809,93.82,94.176,6947
2026-03-02 14:30:00,94.177,94.446,93.101,93.193,6422
2026-03-02 14:45:00,93.191,93.923,93.029,93.868,5083
2026-03-02 15:00:00,93.868,93.873,92.478,92.786,6284
2026-03-02 15:15:00,92.786,92.828,88.228,89.56,8015
2026-03-02 15:30:00,89.589,90.341,88.314,90.049,8740
2026-03-02 15:45:00,90.049,90.18,89.33,89.966,8367
2026-03-02 16:00:00,89.972,90.672,89.327,90.53,7863
2026-03-02 16:15:00,90.531,90.678,89.657,90.163,7567
2026-03-02 16:30:00,90.155,90.891,90.096,90.644,6450
2026-03-02 16:45:00,90.644,90.698,88.401,88.668,7313
2026-03-02 17:00:00,88.634,88.634,86.486,88.097,8443
2026-03-02 17:15:00,88.098,88.157,87.342,87.734,7818
2026-03-02 17:30:00,87.736,88.197,87.007,87.595,7075
2026-03-02 17:45:00,87.605,87.82,87.011,87.058,7878
2026-03-02 18:00:00,87.033,87.661,86.852,87.209,6729
2026-03-02 18:15:00,87.209,87.912,86.972,87.467,5981
2026-03-02 18:30:00,87.476,88.196,87.411,87.741,5087
2026-03-02 18:45:00,87.746,88.049,87.194,87.93,6283
2026-03-02 19:00:00,87.931,88.042,87.472,87.68,6031
2026-03-02 19:15:00,87.67,88.703,87.655,88.68,4812
2026-03-02 19:30:00,88.673,88.711,88.015,88.479,5439
2026-03-02 19:45:00,88.477,88.91,88.39,88.794,4136
2026-03-02 20:00:00,88.794,89.405,88.747,89.212,4903
2026-03-02 20:15:00,89.213,89.504,89.031,89.504,2665
2026-03-02 20:30:00,89.505,89.747,89.25,89.263,3014
2026-03-02 20:45:00,89.263,89.484,89.035,89.335,4041
2026-03-02 21:00:00,89.335,89.788,89.192,89.556,4666
2026-03-02 21:15:00,89.552,89.917,89.228,89.669,5850
2026-03-02 21:30:00,89.673,90.789,89.548,90.73,4260
2026-03-02 21:45:00,90.727,90.732,89.878,89.975,6065
2026-03-02 22:00:00,89.973,90.114,89.757,89.829,1894
2026-03-02 22:15:00,89.831,89.921,89.618,89.662,927
2026-03-02 22:30:00,89.662,89.736,89.345,89.534,1850
2026-03-02 22:45:00,89.532,89.627,88.927,89.278,1739
2026-03-03 00:00:00,89.87,90.241,89.472,89.962,2081
2026-03-03 00:15:00,89.955,90.122,89.424,89.768,1657
2026-03-03 00:30:00,89.767,89.794,89.452,89.513,1732
2026-03-03 00:45:00,89.514,90.054,89.481,90.054,1920
2026-03-03 01:00:00,90.054,90.364,89.748,90.314,2582
2026-03-03 01:15:00,90.314,90.691,90.258,90.572,1850
2026-03-03 01:30:00,90.574,91.117,90.539,91.039,2511
2026-03-03 01:45:00,91.038,91.326,90.553,90.56,2783
2026-03-03 02:00:00,90.569,91.004,90.026,90.441,5201
2026-03-03 02:15:00,90.441,91.218,90.241,91.141,4324
2026-03-03 02:30:00,91.142,91.272,90.331,90.331,4363
2026-03-03 02:45:00,90.32,90.471,88.378,88.646,6518
2026-03-03 03:00:00,88.66,89.356,88.178,89.032,5488
2026-03-03 03:15:00,89.039,89.435,88.741,89.41,3602
2026-03-03 03:30:00,89.411,89.887,89.2,89.807,4497
2026-03-03 03:45:00,89.792,90.229,89.441,90.098,3685
2026-03-03 04:00:00,90.1,90.279,89.699,89.846,3098
2026-03-03 04:15:00,89.85,90.245,89.812,89.978,3643
2026-03-03 04:30:00,89.981,90.257,89.867,90.219,2171
2026-03-03 04:45:00,90.22,90.249,89.975,90.175,2166
2026-03-03 05:00:00,90.188,90.212,89.837,90.03,2445
2026-03-03 05:15:00,90.037,90.275,89.802,90.143,2393
2026-03-03 05:30:00,90.141,90.238,89.799,89.814,2158
2026-03-03 05:45:00,89.814,89.85,89.519,89.662,2898
2026-03-03 06:00:00,89.65,90.107,89.477,89.761,3171
2026-03-03 06:15:00,89.766,89.957,89.285,89.844,3512
2026-03-03 06:30:00,89.844,89.848,88.951,89.192,5386
2026-03-03 06:45:00,89.19,89.283,86.148,86.916,6668
2026-03-03 07:00:00,86.919,87.438,85.403,85.507,6154
2026-03-03 07:15:00,85.508,86.656,85.228,86.495,4824
2026-03-03 07:30:00,86.495,86.538,82.968,84.356,5432
2026-03-03 07:45:00,84.348,85.241,83.856,85.186,5210
2026-03-03 08:00:00,85.171,86.363,84.842,86.225,3746
2026-03-03 08:15:00,86.226,86.471,85.952,86.206,3781
2026-03-03 08:30:00,86.224,86.84,86.027,86.809,2938
2026-03-03 08:45:00,86.804,87.416,86.724,87.113,3321
2026-03-03 09:00:00,87.113,87.69,86.723,86.817,4411
2026-03-03 09:15:00,86.822,86.988,86.171,86.208,4123
2026-03-03 09:30:00,86.198,86.304,85.248,85.627,4904
2026-03-03 09:45:00,85.625,86.075,84.871,84.994,4938
2026-03-03 10:00:00,85.056,85.454,84.534,84.972,5330
2026-03-03 10:15:00,84.972,85.49,82.986,83.323,6380
2026-03-03 10:30:00,83.348,84.355,83.225,83.747,5918
2026-03-03 10:45:00,83.748,84.557,83.544,84.325,4868
2026-03-03 11:00:00,84.325,84.71,83.91,84.103,4127
2026-03-03 11:15:00,84.103,84.169,83.427,83.842,4007
2026-03-03 11:30:00,83.838,83.838,82.154,82.622,5672
2026-03-03 11:45:00,82.632,82.632,81.618,81.99,6165
2026-03-03 12:00:00,81.985,82.561,79.239,81.26,7168
2026-03-03 12:15:00,81.261,81.373,79.347,79.567,6290
2026-03-03 12:30:00,79.562,80.807,77.93,80.601,8152
2026-03-03 12:45:00,80.599,81.686,80.59,81.149,6447
2026-03-03 13:00:00,81.156,82.376,80.835,82.072,6824
2026-03-03 13:15:00,82.072,82.821,81.679,82.616,5807
2026-03-03 13:30:00,82.618,82.887,81.938,82.665,4988
2026-03-03 13:45:00,82.672,83.45,82.41,83.229,4786
2026-03-03 14:00:00,83.224,83.224,81.366,82.098,7348
2026-03-03 14:15:00,82.09,82.951,81.938,82.866,6304
2026-03-03 14:30:00,82.866,83.209,82.136,82.368,5373
2026-03-03 14:45:00,82.368,82.368,81.589,82.225,5710
2026-03-03 15:00:00,82.208,82.894,82.015,82.625,5739
2026-03-03 15:15:00,82.623,82.743,81.425,82.015,5652
2026-03-03 15:30:00,82.007,82.007,79.653,79.891,8632
2026-03-03 15:45:00,79.891,80.261,79.122,79.508,8690
2026-03-03 16:00:00,79.5,80.786,79.458,80.782,8410
2026-03-03 16:15:00,80.782,81.195,79.729,80.653,7632
2026-03-03 16:30:00,80.618,81.825,80.419,81.218,6848
2026-03-03 16:45:00,81.217,82.616,81.133,82.527,7059
2026-03-03 17:00:00,82.527,83.458,82.291,83.301,6990
2026-03-03 17:15:00,83.3,83.731,83.026,83.245,6620
2026-03-03 17:30:00,83.253,83.617,82.639,83.046,7499
2026-03-03 17:45:00,83.041,83.19,82.121,82.53,6804
2026-03-03 18:00:00,82.53,82.71,81.814,82.66,7347
2026-03-03 18:15:00,82.665,83.106,82.372,82.388,5764
2026-03-03 18:30:00,82.388,82.674,81.959,82.233,6722
2026-03-03 18:45:00,82.23,82.546,81.606,82.159,6113
2026-03-03 19:00:00,82.167,83.217,82.124,83.057,7014
2026-03-03 19:15:00,83.046,83.499,82.992,83.32,6465
2026-03-03 19:30:00,83.365,83.997,83.139,83.885,6069
2026-03-03 19:45:00,83.887,84.033,83.48,83.507,4915
2026-03-03 20:00:00,83.507,83.8,82.502,82.701,6260
2026-03-03 20:15:00,82.705,83.141,82.43,82.683,6252
2026-03-03 20:30:00,82.682,83.413,82.231,83.409,6344
2026-03-03 20:45:00,83.408,83.824,82.776,83.01,6271
2026-03-03 21:00:00,83.029,83.379,82.815,82.981,5954
2026-03-03 21:15:00,82.98,83.491,82.68,83.219,5037
2026-03-03 21:30:00,83.219,83.379,82.363,82.733,4595
2026-03-03 21:45:00,82.731,82.757,81.996,82.465,5994
2026-03-03 22:00:00,82.473,82.7,82.319,82.456,2239
2026-03-03 22:15:00,82.458,82.501,82.026,82.081,1972
2026-03-03 22:30:00,82.082,82.205,81.869,82.023,1914
2026-03-03 22:45:00,82.023,82.169,81.878,82.008,1143
2026-03-04 00:00:00,82.083,82.45,81.315,82.232,2550
2026-03-04 00:15:00,82.225,82.631,82.225,82.499,2891
2026-03-04 00:30:00,82.499,83.009,82.392,83.004,1998
2026-03-04 00:45:00,82.998,83.122,82.921,82.962,1913
2026-03-04 01:00:00,82.962,83.004,81.844,82.546,4526
2026-03-04 01:15:00,82.544,83.287,82.417,83.157,3115
2026-03-04 01:30:00,83.158,83.328,82.766,83.035,3020
2026-03-04 01:45:00,83.034,83.297,82.934,83.205,3750
2026-03-04 02:00:00,83.207,84.027,83.137,83.646,6518
2026-03-04 02:15:00,83.645,83.94,82.614,82.654,5640
2026-03-04 02:30:00,82.631,83.357,82.238,83.319,5156
2026-03-04 02:45:00,83.348,84.404,83.158,84.339,4832
2026-03-04 03:00:00,84.337,85.479,84.311,85.379,5566
2026-03-04 03:15:00,85.381,85.385,84.562,84.618,3422
2026-03-04 03:30:00,84.61,84.903,84.116,84.89,4756
2026-03-04 03:45:00,84.888,85.05,83.982,84.037,5666
2026-03-04 04:00:00,84.046,84.266,83.33,84.147,4270
2026-03-04 04:15:00,84.147,84.379,83.842,84.126,3553
2026-03-04 04:30:00,84.124,84.411,83.542,83.84,4779
2026-03-04 04:45:00,83.831,85.004,83.677,84.905,3357
2026-03-04 05:00:00,84.905,85.394,84.681,85.388,3504
2026-03-04 05:15:00,85.391,85.457,84.749,84.827,3288
2026-03-04 05:30:00,84.826,85.063,84.516,84.714,3769
2026-03-04 05:45:00,84.713,84.785,84.465,84.675,3260
2026-03-04 06:00:00,84.695,84.973,84.342,84.683,4054
2026-03-04 06:15:00,84.684,85.039,84.33,84.452,3337
2026-03-04 06:30:00,84.45,84.976,84.214,84.575,4665
2026-03-04 06:45:00,84.574,84.851,84.32,84.56,4720
2026-03-04 07:00:00,84.56,84.566,83.741,83.886,4922
2026-03-04 07:15:00,83.877,84.354,83.782,84.007,4693
2026-03-04 07:30:00,84.007,84.931,83.926,84.646,4048
2026-03-04 07:45:00,84.645,84.893,84.306,84.886,4122
2026-03-04 08:00:00,84.887,85.229,84.732,85.132,3599
2026-03-04 08:15:00,85.13,85.228,84.914,85.048,3303
2026-03-04 08:30:00,85.047,85.236,84.89,85.005,2445
2026-03-04 08:45:00,85.005,85.238,84.815,84.816,2426
2026-03-04 09:00:00,84.8,84.977,84.383,84.782,4384
2026-03-04 09:15:00,84.785,85.127,84.566,84.791,3382
2026-03-04 09:30:00,84.792,85.508,84.752,85.447,3422
2026-03-04 09:45:00,85.456,85.79,85.202,85.296,2838
2026-03-04 10:00:00,85.296,86.004,85.064,85.702,3770
2026-03-04 10:15:00,85.702,85.887,85.587,85.646,2475
2026-03-04 10:30:00,85.65,86.07,85.57,85.791,2707
2026-03-04 10:45:00,85.792,86.273,85.72,86.201,2498
2026-03-04 11:00:00,86.199,86.626,86.199,86.419,3660
2026-03-04 11:15:00,86.444,86.444,85.597,85.679,2764
2026-03-04 11:30:00,85.69,85.971,85.608,85.828,2441
2026-03-04 11:45:00,85.828,86.009,85.707,85.954,2220
2026-03-04 12:00:00,85.954,86.361,85.924,86.31,2176
2026-03-04 12:15:00,86.314,86.325,86.02,86.227,1736
2026-03-04 12:30:00,86.228,86.491,86.115,86.131,1988
2026-03-04 12:45:00,86.131,86.333,85.88,86.193,1722
2026-03-04 13:00:00,86.192,86.803,86.128,86.604,2488
2026-03-04 13:15:00,86.609,86.609,85.728,85.782,3315
2026-03-04 13:30:00,85.781,85.809,84.909,85.337,3900
2026-03-04 13:45:00,85.337,85.663,85.097,85.384,2754
2026-03-04 14:00:00,85.404,86.197,85.345,86.029,4680
2026-03-04 14:15:00,86.025,86.096,85.198,85.823,5394
2026-03-04 14:30:00,85.824,85.908,85.424,85.703,4082
2026-03-04 14:45:00,85.703,85.865,84.495,84.714,4890
2026-03-04 15:00:00,84.706,85.236,83.963,84.352,4524
2026-03-04 15:15:00,84.353,84.658,83.589,84.213,5567
2026-03-04 15:30:00,84.213,85.026,84.132,84.295,7833
2026-03-04 15:45:00,84.287,84.78,83.178,83.506,7984
2026-03-04 16:00:00,83.506,84.208,83.336,83.363,8073
2026-03-04 16:15:00,83.367,84.513,83.114,84.424,7634
2026-03-04 16:30:00,84.426,84.616,83.619,83.778,6891
2026-03-04 16:45:00,83.773,84.276,83.392,84.205,6651
2026-03-04 17:00:00,84.211,84.623,83.616,83.775,6403
2026-03-04 17:15:00,83.773,83.973,83.249,83.542,5640
2026-03-04 17:30:00,83.569,84.11,83.287,83.644,5828
2026-03-04 17:45:00,83.644,83.932,83.464,83.56,4499
2026-03-04 18:00:00,83.566,83.978,83.399,83.703,5624
2026-03-04 18:15:00,83.705,83.869,82.996,83.501,5414
2026-03-04 18:30:00,83.501,83.661,83.108,83.239,5484
2026-03-04 18:45:00,83.236,83.816,83.196,83.565,4799
2026-03-04 19:00:00,83.565,83.65,82.324,82.649,4803
2026-03-04 19:15:00,82.65,83.296,82.19,83.201,5193
2026-03-04 19:30:00,83.201,83.241,82.54,83.069,3097
2026-03-04 19:45:00,83.083,83.555,83.083,83.334,3048
2026-03-04 20:00:00,83.337,83.452,83.058,83.269,3815
2026-03-04 20:15:00,83.27,83.406,83.15,83.377,3486
2026-03-04 20:30:00,83.366,83.634,83.291,83.478,4577
2026-03-04 20:45:00,83.479,83.736,83.459,83.598,3318
2026-03-04 21:00:00,83.585,83.635,83.117,83.179,2237
2026-03-04 21:15:00,83.19,83.656,82.849,83.604,2706
2026-03-04 21:30:00,83.605,83.761,83.312,83.451,2477
2026-03-04 21:45:00,83.458,83.46,82.958,83.154,4592
2026-03-04 22:00:00,83.16,83.553,83.102,83.463,1785
2026-03-04 22:15:00,83.461,83.467,83.306,83.449,1244
2026-03-04 22:30:00,83.452,83.475,83.133,83.385,1353
2026-03-04 22:45:00,83.384,83.586,83.35,83.46,884
2026-03-05 00:00:00,83.62,83.912,83.293,83.399,1185
2026-03-05 00:15:00,83.36,83.67,83.357,83.545,970
2026-03-05 00:30:00,83.55,83.808,83.473,83.78,1103
2026-03-05 00:45:00,83.781,83.991,83.734,83.98,1813
2026-03-05 01:00:00,83.984,84.223,83.876,84.18,1939
2026-03-05 01:15:00,84.184,84.32,84.168,84.279,1078
2026-03-05 01:30:00,84.279,84.279,84.008,84.107,1454
2026-03-05 01:45:00,84.106,84.236,83.942,84.132,2550
2026-03-05 02:00:00,84.133,85.159,84.106,84.83,5112
2026-03-05 02:15:00,84.828,85.143,84.619,84.827,4946
2026-03-05 02:30:00,84.826,85.039,84.329,84.41,5644
2026-03-05 02:45:00,84.407,84.75,84.216,84.319,4664
2026-03-05 03:00:00,84.316,84.749,84.298,84.651,4527
2026-03-05 03:15:00,84.651,84.779,84.333,84.494,3312
2026-03-05 03:30:00,84.494,84.797,84.412,84.671,4720
2026-03-05 03:45:00,84.678,85.147,84.505,85.136,4336
2026-03-05 04:00:00,85.138,85.54,84.958,85.009,3571
2026-03-05 04:15:00,85.009,85.196,84.758,84.8,3176
2026-03-05 04:30:00,84.801,85.185,84.604,85.149,2353
2026-03-05 04:45:00,85.15,85.261,84.748,84.862,2212
2026-03-05 05:00:00,84.861,85.014,84.659,84.984,2086
2026-03-05 05:15:00,84.986,85.091,84.861,85.003,2180
2026-03-05 05:30:00,85.004,85.036,84.621,84.668,1929
2026-03-05 05:45:00,84.669,84.718,84.242,84.659,3116
2026-03-05 06:00:00,84.655,84.71,84.493,84.655,3285
2026-03-05 06:15:00,84.656,84.768,84.455,84.639,3059
2026-03-05 06:30:00,84.64,84.802,84.037,84.328,4412
2026-03-05 06:45:00,84.327,84.476,82.553,82.587,5275
2026-03-05 07:00:00,82.59,82.997,80.478,81.63,8131
2026-03-05 07:15:00,81.629,82.311,81.349,82.052,5514
2026-03-05 07:30:00,82.053,82.418,81.705,82.35,4664
2026-03-05 07:45:00,82.355,83.62,82.28,83.415,5359
2026-03-05 08:00:00,83.421,83.682,83.135,83.353,3804
2026-03-05 08:15:00,83.35,83.539,83.116,83.362,2889
2026-03-05 08:30:00,83.363,83.686,83.235,83.504,2551
2026-03-05 08:45:00,83.505,83.829,83.485,83.669,3052
2026-03-05 09:00:00,83.665,83.85,82.944,82.972,4276
2026-03-05 09:15:00,82.971,83.282,82.82,82.89,4227
2026-03-05 09:30:00,82.89,83.52,82.869,83.49,3570
2026-03-05 09:45:00,83.492,83.912,83.489,83.833,2223
2026-03-05 10:00:00,83.842,84.817,83.537,84.725,4437
2026-03-05 10:15:00,84.726,84.945,84.183,84.24,3719
2026-03-05 10:30:00,84.241,84.463,83.957,84.165,4002
2026-03-05 10:45:00,84.165,84.33,83.97,84.144,3246
2026-03-05 11:00:00,84.144,84.144,83.714,83.989,2909
2026-03-05 11:15:00,83.989,84.143,83.935,84.1,2610
2026-03-05 11:30:00,84.093,84.176,83.67,83.921,3131
2026-03-05 11:45:00,83.921,84.508,83.921,84.243,2929
2026-03-05 12:00:00,84.243,84.437,84.105,84.418,1844
2026-03-05 12:15:00,84.427,84.528,84.263,84.273,2059
2026-03-05 12:30:00,84.272,84.391,84.176,84.209,2407
2026-03-05 12:45:00,84.208,84.489,84.052,84.111,1681
2026-03-05 13:00:00,84.113,84.548,83.944,84.33,2187
2026-03-05 13:15:00,84.335,84.677,84.188,84.217,1920
2026-03-05 13:30:00,84.206,84.361,84.13,84.13,2014
2026-03-05 13:45:00,84.13,84.272,83.886,83.95,1602
2026-03-05 14:00:00,83.95,84.107,82.804,83.266,5069
2026-03-05 14:15:00,83.265,83.337,81.67,82.486,6501
2026-03-05 14:30:00,82.474,83.097,82.431,82.763,5415
2026-03-05 14:45:00,82.764,82.997,82.303,82.581,4319
2026-03-05 15:00:00,82.581,82.994,82.369,82.694,4346
2026-03-05 15:15:00,82.693,82.784,82.055,82.69,5528
2026-03-05 15:30:00,82.69,83.294,81.907,82.197,7248
2026-03-05 15:45:00,82.196,82.832,81.936,82.643,6442
2026-03-05 16:00:00,82.643,83.41,81.678,82.21,6690
2026-03-05 16:15:00,82.208,82.465,81.499,81.987,7350
2026-03-05 16:30:00,81.995,82.009,81.345,81.548,6356
2026-03-05 16:45:00,81.554,82.354,81.516,82.34,6623
2026-03-05 17:00:00,82.34,82.374,81.535,82.031,5348
2026-03-05 17:15:00,82.031,82.033,81.132,81.51,6353
2026-03-05 17:30:00,81.514,81.878,81.162,81.646,6583
2026-03-05 17:45:00,81.646,81.954,81.534,81.73,6812
2026-03-05 18:00:00,81.731,82.343,81.629,82.333,3740
2026-03-05 18:15:00,82.332,82.386,81.774,81.784,4795
2026-03-05 18:30:00,81.783,81.876,81.391,81.54,6355
2026-03-05 18:45:00,81.541,81.786,81.346,81.5,7212
2026-03-05 19:00:00,81.482,82.172,81.291,82.09,6949
2026-03-05 19:15:00,82.089,82.435,81.528,81.854,5172
2026-03-05 19:30:00,81.853,82.149,81.576,82.067,6926
2026-03-05 19:45:00,82.067,82.122,81.511,81.619,5343
2026-03-05 20:00:00,81.617,82.03,81.556,81.647,4652
2026-03-05 20:15:00,81.646,81.661,81.183,81.232,4009
2026-03-05 20:30:00,81.235,81.235,80.608,81.095,5714
2026-03-05 20:45:00,81.093,81.266,80.877,81.014,6107
2026-03-05 21:00:00,81.012,81.726,80.743,81.636,6549
2026-03-05 21:15:00,81.636,82.331,81.636,81.859,3402
2026-03-05 21:30:00,81.859,82.067,81.708,82.011,2950
2026-03-05 21:45:00,82.017,82.187,81.826,81.993,4620
2026-03-05 22:00:00,81.994,82.268,81.871,81.964,2286
2026-03-05 22:15:00,81.965,82.135,81.926,82.075,1225
2026-03-05 22:30:00,82.084,82.221,81.924,82.038,1204
2026-03-05 22:45:00,82.035,82.344,81.959,82.278,853
2026-03-06 00:00:00,82.237,82.915,82.054,82.233,1086
2026-03-06 00:15:00,82.234,82.636,82.135,82.548,1548
2026-03-06 00:30:00,82.547,83.251,82.458,83.219,1579
2026-03-06 00:45:00,83.224,83.247,82.691,82.717,2104
2026-03-06 01:00:00,82.716,83.107,82.488,82.968,2547
2026-03-06 01:15:00,82.97,83.29,82.833,83.058,2098
2026-03-06 01:30:00,83.06,83.085,82.683,82.814,1908
2026-03-06 01:45:00,82.814,82.933,82.27,82.299,2791
2026-03-06 02:00:00,82.297,82.498,81.758,82.201,5863
2026-03-06 02:15:00,82.2,82.915,82.145,82.639,5078
2026-03-06 02:30:00,82.64,83.817,82.64,83.741,5133
2026-03-06 02:45:00,83.744,84.399,83.601,84.059,4175
2026-03-06 03:00:00,84.057,84.093,83.571,83.794,4494
2026-03-06 03:15:00,83.794,83.929,83.71,83.751,2375
2026-03-06 03:30:00,83.754,83.793,83.346,83.439,4046
2026-03-06 03:45:00,83.439,83.886,83.417,83.777,4573
2026-03-06 04:00:00,83.777,84.26,83.764,84.059,4096
2026-03-06 04:15:00,84.059,84.599,83.905,84.452,3034
2026-03-06 04:30:00,84.451,84.515,84.157,84.244,2087
2026-03-06 04:45:00,84.243,84.469,84.216,84.337,1333
2026-03-06 05:00:00,84.336,84.494,84.209,84.379,1601
2026-03-06 05:15:00,84.38,84.41,84.051,84.051,1096
2026-03-06 05:30:00,84.051,84.296,84.016,84.245,1222
2026-03-06 05:45:00,84.244,84.434,84.142,84.146,1369
2026-03-06 06:00:00,84.147,84.321,84.069,84.121,1633
2026-03-06 06:15:00,84.123,84.274,84.061,84.247,1213
2026-03-06 06:30:00,84.247,84.271,83.866,83.963,3160
2026-03-06 06:45:00,83.964,83.985,83.331,83.661,4183
2026-03-06 07:00:00,83.658,83.948,83.486,83.754,3636
2026-03-06 07:15:00,83.754,84.221,83.629,83.937,3060
2026-03-06 07:30:00,83.936,84.448,83.731,84.214,2463
2026-03-06 07:45:00,84.213,84.435,84.08,84.317,2307
2026-03-06 08:00:00,84.317,84.454,83.882,84.127,2421
2026-03-06 08:15:00,84.125,84.35,84.062,84.241,2365
2026-03-06 08:30:00,84.237,84.382,84.135,84.154,2348
2026-03-06 08:45:00,84.155,84.647,84.053,84.637,2051
2026-03-06 09:00:00,84.641,84.731,84.223,84.47,3508
2026-03-06 09:15:00,84.468,84.548,83.755,83.932,3911
2026-03-06 09:30:00,83.931,84.251,83.79,84.126,3112
2026-03-06 09:45:00,84.126,84.465,84.057,84.199,2087
2026-03-06 10:00:00,84.201,84.235,83.824,83.936,3402
2026-03-06 10:15:00,83.936,84.014,83.422,83.618,3847
2026-03-06 10:30:00,83.617,83.752,82.406,82.914,4772
2026-03-06 10:45:00,82.915,83.007,82.555,82.767,4278
2026-03-06 11:00:00,82.772,82.971,82.372,82.695,3793
2026-03-06 11:15:00,82.693,83.242,82.67,83.041,2990
2026-03-06 11:30:00,83.041,83.181,82.627,82.655,2880
2026-03-06 11:45:00,82.657,83.026,82.404,82.969,3078
2026-03-06 12:00:00,82.975,83.034,82.615,82.859,2958
2026-03-06 12:15:00,82.858,83.481,82.833,83.136,2966
2026-03-06 12:30:00,83.135,83.293,82.213,82.29,3470
2026-03-06 12:45:00,82.289,82.535,81.873,82.265,4605
2026-03-06 13:00:00,82.266,82.703,82.091,82.384,4737
2026-03-06 13:15:00,82.385,82.521,82.215,82.315,3392
2026-03-06 13:30:00,82.315,82.828,82.29,82.796,3916
2026-03-06 13:45:00,82.795,82.803,82.199,82.376,3344
2026-03-06 14:00:00,82.365,82.47,81.662,82.013,7220
2026-03-06 14:15:00,82.016,82.751,81.974,82.622,5401
2026-03-06 14:30:00,82.611,84.167,82.59,83.723,7315
2026-03-06 14:45:00,83.723,83.764,82.328,82.579,7494
2026-03-06 15:00:00,82.578,82.965,82.391,82.638,6493
2026-03-06 15:15:00,82.631,83.034,82.377,82.919,5852
2026-03-06 15:30:00,82.92,83.152,82.359,82.435,8396
2026-03-06 15:45:00,82.436,83.777,82.364,83.765,7245
2026-03-06 16:00:00,83.771,84.781,83.72,84.12,7332
2026-03-06 16:15:00,84.127,84.94,83.955,84.398,7951
2026-03-06 16:30:00,84.408,84.869,84.31,84.442,7255
2026-03-06 16:45:00,84.443,84.559,83.959,84.163,6710
2026-03-06 17:00:00,84.161,84.572,84.1,84.501,7111
2026-03-06 17:15:00,84.496,84.837,84.196,84.448,6393
2026-03-06 17:30:00,84.461,84.579,83.596,84.051,6905
2026-03-06 17:45:00,84.052,84.209,83.71,83.969,6827
2026-03-06 18:00:00,83.971,84.008,83.55,83.777,6455
2026-03-06 18:15:00,83.776,84.0,83.688,83.811,7033
2026-03-06 18:30:00,83.811,84.245,83.742,83.939,6020
2026-03-06 18:45:00,83.943,84.181,83.861,84.025,6335
2026-03-06 19:00:00,84.022,84.319,83.895,84.0,5555
2026-03-06 19:15:00,84.0,84.402,83.711,84.387,5237
2026-03-06 19:30:00,84.386,84.521,84.066,84.521,4218
2026-03-06 19:45:00,84.521,84.581,84.221,84.424,3446
2026-03-06 20:00:00,84.423,84.688,84.361,84.682,3760
2026-03-06 20:15:00,84.68,84.733,84.422,84.472,4347
2026-03-06 20:30:00,84.473,84.581,84.262,84.269,4516
2026-03-06 20:45:00,84.267,84.547,84.227,84.366,2765
2026-03-06 21:00:00,84.365,84.488,84.121,84.212,4730
2026-03-06 21:15:00,84.214,84.368,83.923,83.927,4640
2026-03-06 21:30:00,83.927,84.042,83.575,83.908,5255
2026-03-06 21:45:00,83.91,84.007,83.678,83.857,4566
2026-03-06 22:00:00,83.856,84.241,83.803,84.156,1624
2026-03-06 22:15:00,84.156,84.304,84.091,84.224,1049
2026-03-06 22:30:00,84.222,84.458,84.194,84.331,1158
2026-03-06 22:45:00,84.329,84.539,84.253,84.471,1220
2026-03-08 23:00:00,84.811,85.209,82.412,83.379,3886
2026-03-08 23:15:00,83.378,83.699,82.463,83.552,3760
2026-03-08 23:30:00,83.498,84.195,82.511,82.887,4894
2026-03-08 23:45:00,82.887,83.37,82.36,83.254,3113
2026-03-09 00:00:00,83.389,83.529,81.903,82.333,3380
2026-03-09 00:15:00,82.334,82.568,82.117,82.487,2574
2026-03-09 00:30:00,82.486,82.49,80.961,81.479,4449
2026-03-09 00:45:00,81.479,81.988,81.042,81.939,5161
2026-03-09 01:00:00,81.94,82.335,81.126,81.274,5190
2026-03-09 01:15:00,81.274,81.42,80.922,81.198,4624
2026-03-09 01:30:00,81.196,81.863,81.055,81.164,4052
2026-03-09 01:45:00,81.159,81.443,80.783,81.428,5833
2026-03-09 02:00:00,81.421,81.421,79.619,80.706,8439
2026-03-09 02:15:00,80.707,81.009,80.27,80.335,7077
2026-03-09 02:30:00,80.334,80.928,80.253,80.913,6499
2026-03-09 02:45:00,80.899,81.252,80.345,81.048,6483
2026-03-09 03:00:00,81.049,82.894,80.636,82.794,6400
2026-03-09 03:15:00,82.79,83.026,81.988,82.173,4490
2026-03-09 03:30:00,82.173,82.883,82.123,82.649,7124
2026-03-09 03:45:00,82.648,82.96,82.296,82.695,6424
2026-03-09 04:00:00,82.696,82.893,82.398,82.508,5881
2026-03-09 04:15:00,82.509,83.417,82.485,82.901,4821
2026-03-09 04:30:00,82.897,83.294,82.823,82.982,3752
2026-03-09 04:45:00,82.983,83.281,82.961,83.112,2996
2026-03-09 05:00:00,83.112,83.537,82.924,83.169,3066
2026-03-09 05:15:00,83.169,83.19,82.849,82.851,1601
2026-03-09 05:30:00,82.851,83.123,82.747,82.905,1690
2026-03-09 05:45:00,82.898,82.898,82.542,82.583,1658
2026-03-09 06:00:00,82.609,83.351,82.409,83.111,2789
2026-03-09 06:15:00,83.112,83.403,82.712,83.299,4177
2026-03-09 06:30:00,83.303,84.505,83.162,84.481,6620
2026-03-09 06:45:00,84.481,84.735,84.047,84.23,3941
2026-03-09 07:00:00,84.225,84.936,83.943,84.685,4582
2026-03-09 07:15:00,84.685,84.877,84.275,84.407,2940
2026-03-09 07:30:00,84.407,84.531,83.909,84.078,3707
2026-03-09 07:45:00,84.079,84.14,83.697,83.737,4906
2026-03-09 08:00:00,83.742,83.742,83.151,83.226,5258
2026-03-09 08:15:00,83.226,83.493,83.113,83.481,2975
2026-03-09 08:30:00,83.482,83.802,83.245,83.532,3059
2026-03-09 08:45:00,83.532,83.597,83.126,83.579,3245
2026-03-09 09:00:00,83.579,83.88,83.294,83.572,3683
2026-03-09 09:15:00,83.572,83.796,83.254,83.262,3685
2026-03-09 09:30:00,83.258,83.772,83.214,83.58,4145
2026-03-09 09:45:00,83.58,83.871,83.38,83.733,3876
2026-03-09 10:00:00,83.728,83.937,83.531,83.865,4510
2026-03-09 10:15:00,83.864,84.358,83.849,84.296,2822
2026-03-09 10:30:00,84.297,84.496,83.717,83.725,5124
2026-03-09 10:45:00,83.724,84.057,83.62,83.987,4216
2026-03-09 11:00:00,83.988,84.175,83.638,84.041,3933
2026-03-09 11:15:00,84.041,84.216,83.836,83.861,3455
2026-03-09 11:30:00,83.848,83.991,83.559,83.815,4475
2026-03-09 11:45:00,83.808,83.938,83.013,83.195,4461
2026-03-09 12:00:00,83.197,83.555,83.093,83.195,4139
2026-03-09 12:15:00,83.196,83.415,82.811,83.125,3453
2026-03-09 12:30:00,83.124,83.47,83.019,83.05,3728
2026-03-09 12:45:00,83.05,83.436,82.942,83.192,3751
2026-03-09 13:00:00,83.209,83.568,83.209,83.532,4373
2026-03-09 13:15:00,83.534,83.893,83.453,83.878,2465
2026-03-09 13:30:00,83.879,84.095,83.829,83.97,2771
2026-03-09 13:45:00,83.973,83.991,83.515,83.668,2524
2026-03-09 14:00:00,83.669,84.293,83.669,84.166,4101
2026-03-09 14:15:00,84.165,84.449,84.007,84.415,4117
2026-03-09 14:30:00,84.415,85.125,83.527,83.858,7539
2026-03-09 14:45:00,83.858,84.033,83.377,83.47,8245
2026-03-09 15:00:00,83.473,84.132,83.092,83.479,8141
2026-03-09 15:15:00,83.483,83.904,83.278,83.669,7804
2026-03-09 15:30:00,83.667,84.362,83.647,84.292,6616
2026-03-09 15:45:00,84.291,84.503,84.011,84.313,7263
2026-03-09 16:00:00,84.319,84.522,84.03,84.517,7069
2026-03-09 16:15:00,84.515,84.578,84.115,84.435,6315
2026-03-09 16:30:00,84.433,84.515,84.215,84.323,5464
2026-03-09 16:45:00,84.323,84.576,84.262,84.395,4730
2026-03-09 17:00:00,84.395,84.665,84.344,84.566,4324
2026-03-09 17:15:00,84.563,84.584,84.215,84.456,4172
2026-03-09 17:30:00,84.456,84.746,84.456,84.668,3183
2026-03-09 17:45:00,84.669,84.731,84.511,84.642,3623
2026-03-09 18:00:00,84.644,84.775,84.288,84.372,3495
2026-03-09 18:15:00,84.373,84.427,83.954,83.97,4844
2026-03-09 18:30:00,83.967,84.343,83.852,84.196,5198
2026-03-09 18:45:00,84.193,84.496,84.185,84.33,5385
2026-03-09 19:00:00,84.327,84.382,84.05,84.366,4448
2026-03-09 19:15:00,84.368,84.762,84.309,84.614,3223
2026-03-09 19:30:00,84.618,85.4,84.618,85.239,2754
2026-03-09 19:45:00,85.239,86.057,85.139,85.767,3547
2026-03-09 20:00:00,85.773,86.156,85.683,86.026,4210
2026-03-09 20:15:00,86.032,86.682,85.958,86.614,5397
2026-03-09 20:30:00,86.613,86.657,85.904,86.384,4996
2026-03-09 20:45:00,86.385,86.43,86.023,86.367,4677
2026-03-09 21:00:00,86.368,86.831,86.368,86.69,2369
2026-03-09 21:15:00,86.689,86.747,86.379,86.564,1709
2026-03-09 21:30:00,86.567,86.628,86.326,86.603,1694
2026-03-09 21:45:00,86.602,87.011,86.548,86.944,1716
2026-03-09 23:00:00,87.002,87.179,86.597,87.003,1338
2026-03-09 23:15:00,87.002,87.126,86.721,86.97,1482
2026-03-09 23:30:00,86.978,87.217,86.969,87.079,1140
2026-03-09 23:45:00,87.079,87.537,87.079,87.458,1325
2026-03-10 00:00:00,87.491,87.986,86.977,87.842,2373
2026-03-10 00:15:00,87.841,87.989,87.574,87.622,3202
2026-03-10 00:30:00,87.621,87.88,87.435,87.519,2175
2026-03-10 00:45:00,87.519,87.579,87.233,87.305,2008
2026-03-10 01:00:00,87.307,87.523,86.849,87.402,4795
2026-03-10 01:15:00,87.401,87.406,86.851,87.073,4522
2026-03-10 01:30:00,87.072,87.654,86.882,87.604,3419
2026-03-10 01:45:00,87.604,87.604,86.867,86.952,3893
2026-03-10 02:00:00,86.949,87.972,86.569,87.661,7740
2026-03-10 02:15:00,87.66,89.105,87.559,88.759,6643
2026-03-10 02:30:00,88.761,89.154,88.405,88.993,5949
2026-03-10 02:45:00,88.994,89.532,88.711,89.42,5620
2026-03-10 03:00:00,89.416,89.609,89.011,89.315,5645
2026-03-10 03:15:00,89.316,89.486,89.26,89.371,1496
2026-03-10 03:30:00,89.371,89.99,89.303,89.955,3660
2026-03-10 03:45:00,89.955,89.955,88.712,88.806,4622
2026-03-10 04:00:00,88.811,89.294,88.787,88.894,5148
2026-03-10 04:15:00,88.893,89.116,88.357,88.474,4488
2026-03-10 04:30:00,88.471,88.568,88.116,88.209,3096
2026-03-10 04:45:00,88.207,88.221,87.694,88.059,3203
2026-03-10 05:00:00,88.061,88.36,87.875,88.33,2841
2026-03-10 05:15:00,88.329,88.471,88.249,88.269,1825
2026-03-10 05:30:00,88.27,88.406,88.168,88.316,3007
2026-03-10 05:45:00,88.317,88.439,88.212,88.368,3035
2026-03-10 06:00:00,88.37,88.736,88.359,88.697,4144
2026-03-10 06:15:00,88.698,88.788,88.504,88.616,3069
2026-03-10 06:30:00,88.612,89.014,88.609,88.891,5281
2026-03-10 06:45:00,88.89,89.201,88.708,89.121,4561
2026-03-10 07:00:00,89.122,89.208,88.877,89.069,3665
2026-03-10 07:15:00,89.069,89.118,88.679,88.777,3196
2026-03-10 07:30:00,88.786,88.956,88.58,88.872,3610
2026-03-10 07:45:00,88.871,89.108,88.769,88.915,3440
2026-03-10 08:00:00,88.916,89.176,88.504,88.788,2539
2026-03-10 08:15:00,88.788,88.898,88.369,88.761,2923
2026-03-10 08:30:00,88.756,88.907,88.554,88.841,3253
2026-03-10 08:45:00,88.84,89.18,88.84,89.169,2988
2026-03-10 09:00:00,89.17,89.268,88.931,89.089,3549
2026-03-10 09:15:00,89.091,89.146,88.85,89.104,3003
2026-03-10 09:30:00,89.105,89.329,88.96,89.212,3290
2026-03-10 09:45:00,89.213,89.372,88.987,88.998,3028
2026-03-10 10:00:00,88.999,89.225,88.999,89.136,2866
2026-03-10 10:15:00,89.138,89.365,88.981,89.339,2350
2026-03-10 10:30:00,89.34,89.437,89.234,89.381,2084
2026-03-10 10:45:00,89.38,89.381,89.109,89.122,2199
2026-03-10 11:00:00,89.122,89.122,88.782,88.841,2481
2026-03-10 11:15:00,88.84,88.868,88.49,88.579,3122
2026-03-10 11:30:00,88.581,88.591,87.815,88.466,4021
2026-03-10 11:45:00,88.463,88.542,88.254,88.38,2730
2026-03-10 12:00:00,88.381,88.939,88.244,88.563,3533
2026-03-10 12:15:00,88.562,88.703,88.142,88.388,3705
2026-03-10 12:30:00,88.392,88.496,88.032,88.051,3629
2026-03-10 12:45:00,88.051,88.382,88.021,88.372,4037
2026-03-10 13:00:00,88.373,88.549,87.904,88.364,4430
2026-03-10 13:15:00,88.363,88.625,88.14,88.472,3431
2026-03-10 13:30:00,88.473,88.77,88.457,88.698,2754
2026-03-10 13:45:00,88.698,88.8,88.396,88.597,2956
2026-03-10 14:00:00,88.597,89.283,88.586,89.251,5409
2026-03-10 14:15:00,89.258,89.637,89.119,89.353,4027
2026-03-10 14:30:00,89.365,89.375,88.733,88.868,7226
2026-03-10 14:45:00,88.868,88.995,88.372,88.776,6607
2026-03-10 15:00:00,88.776,89.013,88.322,88.553,7362
2026-03-10 15:15:00,88.553,89.035,88.524,88.891,6125
2026-03-10 15:30:00,88.903,88.979,88.543,88.969,4738
2026-03-10 15:45:00,88.973,89.281,88.905,89.146,3757
2026-03-10 16:00:00,89.147,89.463,89.053,89.411,3545
2026-03-10 16:15:00,89.414,89.654,89.4,89.558,3793
2026-03-10 16:30:00,89.56,89.695,89.438,89.679,4359
2026-03-10 16:45:00,89.678,89.687,89.404,89.481,3972
2026-03-10 17:00:00,89.494,89.494,89.037,89.212,4364
2026-03-10 17:15:00,89.208,89.581,89.157,89.513,4322
2026-03-10 17:30:00,89.518,89.688,89.516,89.532,3493
2026-03-10 17:45:00,89.533,89.681,89.369,89.426,5035
2026-03-10 18:00:00,89.425,89.597,89.296,89.569,4499
2026-03-10 18:15:00,89.578,89.604,89.108,89.37,4947
2026-03-10 18:30:00,89.374,89.532,89.102,89.189,4767
2026-03-10 18:45:00,89.193,89.249,88.955,89.032,4960
2026-03-10 19:00:00,89.033,89.131,88.696,88.747,5853
2026-03-10 19:15:00,88.745,88.8,86.904,88.254,8125
2026-03-10 19:30:00,88.257,88.388,87.688,88.122,7160
2026-03-10 19:45:00,88.115,88.488,87.88,87.902,5965
2026-03-10 20:00:00,87.904,88.486,87.798,88.46,5549
2026-03-10 20:15:00,88.46,88.656,88.298,88.373,5732
2026-03-10 20:30:00,88.372,88.438,87.728,88.147,6614
2026-03-10 20:45:00,88.148,88.463,88.083,88.418,6364
2026-03-10 21:00:00,88.419,88.593,88.293,88.533,1571
2026-03-10 21:15:00,88.534,88.605,88.275,88.487,1263
2026-03-10 21:30:00,88.488,88.616,88.382,88.589,1000
2026-03-10 21:45:00,88.589,88.626,88.279,88.336,812
2026-03-10 23:00:00,88.284,88.845,88.117,88.609,845
2026-03-10 23:15:00,88.609,88.914,88.603,88.631,1222
2026-03-10 23:30:00,88.632,88.739,88.352,88.401,1673
2026-03-10 23:45:00,88.402,88.524,88.238,88.277,1922
2026-03-11 00:00:00,88.322,88.569,88.251,88.407,1482
2026-03-11 00:15:00,88.402,88.542,88.259,88.4,1417
2026-03-11 00:30:00,88.4,88.519,88.329,88.411,1506
2026-03-11 00:45:00,88.412,88.436,88.07,88.415,1724
2026-03-11 01:00:00,88.415,88.512,87.804,88.08,2838
2026-03-11 01:15:00,88.081,88.852,88.044,88.79,2854
2026-03-11 01:30:00,88.789,88.887,88.579,88.713,1640
2026-03-11 01:45:00,88.721,89.239,88.689,89.205,2206
2026-03-11 02:00:00,89.207,89.412,88.765,88.932,4865
2026-03-11 02:15:00,88.934,89.125,88.468,88.715,3991
2026-03-11 02:30:00,88.716,88.844,88.395,88.624,4932
2026-03-11 02:45:00,88.631,88.894,88.508,88.508,3638
2026-03-11 03:00:00,88.505,88.632,87.987,88.106,5376
2026-03-11 03:15:00,88.105,88.425,88.075,88.195,2554
2026-03-11 03:30:00,88.194,88.423,87.825,88.404,3956
2026-03-11 03:45:00,88.402,89.01,88.402,88.76,3304
2026-03-11 04:00:00,88.761,88.865,88.505,88.601,2744
2026-03-11 04:15:00,88.6,88.677,88.348,88.371,3457
2026-03-11 04:30:00,88.371,88.534,88.291,88.347,1309
2026-03-11 04:45:00,88.346,88.404,88.028,88.173,1704
2026-03-11 05:00:00,88.173,88.349,87.987,88.343,1236
2026-03-11 05:15:00,88.343,88.427,88.287,88.352,1122
2026-03-11 05:30:00,88.35,88.354,88.23,88.307,793
2026-03-11 05:45:00,88.308,88.311,88.08,88.202,1011
2026-03-11 06:00:00,88.213,88.336,88.12,88.163,1773
2026-03-11 06:15:00,88.162,88.27,87.905,87.926,1724
2026-03-11 06:30:00,87.924,87.964,86.962,87.738,4734
2026-03-11 06:45:00,87.746,87.749,87.071,87.66,4015
2026-03-11 07:00:00,87.66,88.014,87.391,87.944,3786
2026-03-11 07:15:00,87.948,88.07,87.817,88.019,3586
2026-03-11 07:30:00,88.019,88.041,87.615,87.674,3519
2026-03-11 07:45:00,87.673,87.708,87.294,87.403,3764
2026-03-11 08:00:00,87.402,87.602,87.272,87.444,3198
2026-03-11 08:15:00,87.446,87.586,87.343,87.586,3319
2026-03-11 08:30:00,87.586,87.637,86.572,86.917,3687
2026-03-11 08:45:00,86.916,87.023,86.383,86.974,3386
2026-03-11 09:00:00,86.973,87.072,86.386,87.072,3630
2026-03-11 09:15:00,87.072,87.1,86.62,86.773,3053
2026-03-11 09:30:00,86.772,87.062,86.55,86.884,3323
2026-03-11 09:45:00,86.881,87.253,86.826,87.109,2715
2026-03-11 10:00:00,87.109,87.219,86.771,87.081,3027
2026-03-11 10:15:00,87.082,87.236,87.031,87.187,2162
2026-03-11 10:30:00,87.187,87.349,87.053,87.079,2702
2026-03-11 10:45:00,87.079,87.092,86.418,86.62,2543
2026-03-11 11:00:00,86.62,87.154,86.544,87.111,2783
2026-03-11 11:15:00,87.12,87.138,86.927,87.097,1794
2026-03-11 11:30:00,87.098,87.098,86.514,86.563,2510
2026-03-11 11:45:00,86.567,86.811,86.41,86.539,2919
2026-03-11 12:00:00,86.553,86.999,86.538,86.75,1906
2026-03-11 12:15:00,86.752,86.842,86.507,86.62,3669
2026-03-11 12:30:00,86.621,86.778,86.194,86.212,4336
2026-03-11 12:45:00,86.21,86.497,85.962,86.236,3683
2026-03-11 13:00:00,86.237,86.566,85.984,86.465,2900
2026-03-11 13:15:00,86.465,86.732,86.342,86.476,3130
2026-03-11 13:30:00,86.451,86.604,85.962,86.001,4849
2026-03-11 13:45:00,85.997,86.022,85.251,85.283,4678
2026-03-11 14:00:00,85.283,85.901,84.693,85.728,5656
2026-03-11 14:15:00,85.724,86.191,85.657,86.184,4153
2026-03-11 14:30:00,86.182,86.182,85.093,85.093,7448
2026-03-11 14:45:00,85.094,85.286,84.414,85.225,7386
2026-03-11 15:00:00,85.225,85.654,85.19,85.636,7449
2026-03-11 15:15:00,85.635,85.854,85.255,85.84,6162
2026-03-11 15:30:00,85.834,85.928,85.309,85.682,5655
2026-03-11 15:45:00,85.679,85.879,85.467,85.517,5137
2026-03-11 16:00:00,85.51,85.721,84.914,85.1,6245
2026-03-11 16:15:00,85.091,85.409,84.903,85.169,5152
2026-03-11 16:30:00,85.17,85.173,84.799,84.931,5569
2026-03-11 16:45:00,84.931,85.1,84.711,84.836,4895
2026-03-11 17:00:00,84.835,85.0,84.45,84.885,6107
2026-03-11 17:15:00,84.886,85.08,84.662,84.93,6182
2026-03-11 17:30:00,84.922,85.377,84.866,85.258,3053
2026-03-11 17:45:00,85.258,85.4,85.153,85.282,1750
2026-03-11 18:00:00,85.278,85.565,85.23,85.272,2377
2026-03-11 18:15:00,85.268,85.504,85.08,85.416,3623
2026-03-11 18:30:00,85.404,85.464,84.756,85.126,4638
2026-03-11 18:45:00,85.127,85.276,85.004,85.267,3962
2026-03-11 19:00:00,85.267,85.538,85.236,85.427,3318
2026-03-11 19:15:00,85.43,85.892,85.404,85.876,3511
2026-03-11 19:30:00,85.874,85.874,85.552,85.671,2469
2026-03-11 19:45:00,85.668,85.706,85.294,85.457,3260
2026-03-11 20:00:00,85.457,85.587,85.383,85.473,3151
2026-03-11 20:15:00,85.472,85.683,85.445,85.662,2893
2026-03-11 20:30:00,85.663,85.917,85.628,85.9,3002
2026-03-11 20:45:00,85.9,86.022,85.722,85.984,2226
2026-03-11 21:00:00,85.984,86.054,85.843,85.89,903
2026-03-11 21:15:00,85.886,85.886,85.775,85.784,609
2026-03-11 21:30:00,85.78,85.787,85.658,85.672,650
2026-03-11 21:45:00,85.67,85.796,85.624,85.723,684
2026-03-11 23:00:00,85.792,85.856,85.333,85.59,1021
2026-03-11 23:15:00,85.592,85.602,85.13,85.278,1120
2026-03-11 23:30:00,85.277,85.297,84.918,85.068,2385
2026-03-11 23:45:00,85.072,85.286,84.601,84.927,3390
2026-03-12 00:00:00,84.954,85.2,84.878,85.11,2550
2026-03-12 00:15:00,85.109,85.16,84.941,85.112,1547
2026-03-12 00:30:00,85.111,85.18,84.835,84.839,2277
2026-03-12 00:45:00,84.838,84.846,84.54,84.596,2186
2026-03-12 01:00:00,84.597,84.972,83.956,84.918,4055
2026-03-12 01:15:00,84.919,85.334,84.879,85.196,2900
2026-03-12 01:30:00,85.197,85.65,85.176,85.57,2119
2026-03-12 01:45:00,85.574,85.674,85.418,85.608,2565
2026-03-12 02:00:00,85.61,85.901,85.3,85.587,5713
2026-03-12 02:15:00,85.588,85.597,84.995,85.045,4883
2026-03-12 02:30:00,85.043,85.714,84.924,85.713,3190
2026-03-12 02:45:00,85.705,85.746,85.346,85.451,3775
2026-03-12 03:00:00,85.449,85.706,85.406,85.613,2863
2026-03-12 03:15:00,85.613,85.616,85.261,85.298,2109
2026-03-12 03:30:00,85.297,85.516,84.624,84.773,4608
2026-03-12 03:45:00,84.774,84.824,84.336,84.53,4945
2026-03-12 04:00:00,84.532,84.99,84.438,84.709,3353
2026-03-12 04:15:00,84.707,84.945,84.521,84.83,3227
2026-03-12 04:30:00,84.829,84.918,84.423,84.858,3000
2026-03-12 04:45:00,84.87,85.01,84.812,84.89,1199
2026-03-12 05:00:00,84.9,84.924,84.727,84.843,1502
2026-03-12 05:15:00,84.842,84.934,84.681,84.807,1508
2026-03-12 05:30:00,84.806,84.806,84.432,84.468,2101
2026-03-12 05:45:00,84.468,84.568,84.378,84.407,2186
2026-03-12 06:00:00,84.4,84.873,84.399,84.786,2930
2026-03-12 06:15:00,84.787,84.973,84.588,84.662,1972
2026-03-12 06:30:00,84.659,85.408,84.567,85.313,2801
2026-03-12 06:45:00,85.316,85.441,85.19,85.313,2715
2026-03-12 07:00:00,85.31,85.477,85.177,85.426,2186
2026-03-12 07:15:00,85.411,85.478,85.113,85.409,2320
2026-03-12 07:30:00,85.407,86.533,85.407,86.44,3274
2026-03-12 07:45:00,86.448,86.497,86.1,86.161,2242
2026-03-12 08:00:00,86.161,86.166,85.809,86.041,1451
2026-03-12 08:15:00,86.042,86.468,85.981,86.459,2140
2026-03-12 08:30:00,86.459,87.003,86.377,86.902,2141
2026-03-12 08:45:00,86.906,87.066,86.808,87.015,2049
2026-03-12 09:00:00,87.018,87.187,86.898,87.028,2375
2026-03-12 09:15:00,87.027,87.067,86.65,86.751,2483
2026-03-12 09:30:00,86.751,87.118,86.637,86.648,2221
2026-03-12 09:45:00,86.645,86.794,86.507,86.751,1643
2026-03-12 10:00:00,86.752,86.963,86.7,86.819,2031
2026-03-12 10:15:00,86.818,86.944,86.788,86.828,2176
2026-03-12 10:30:00,86.828,87.132,86.828,86.977,2270
2026-03-12 10:45:00,86.978,87.136,86.86,87.081,2159
2026-03-12 11:00:00,87.081,87.205,86.987,87.011,1918
2026-03-12 11:15:00,87.012,87.223,86.868,87.143,1928
2026-03-12 11:30:00,87.147,87.187,86.786,86.972,2585
2026-03-12 11:45:00,86.973,87.22,86.969,87.215,2099
2026-03-12 12:00:00,87.215,87.234,86.859,86.882,1800
2026-03-12 12:15:00,86.88,86.926,86.78,86.857,2194
2026-03-12 12:30:00,86.86,87.077,86.848,87.071,2431
2026-03-12 12:45:00,87.072,87.102,86.798,86.928,2335
2026-03-12 13:00:00,86.929,87.143,86.694,86.836,4110
2026-03-12 13:15:00,86.835,86.976,86.572,86.926,3495
2026-03-12 13:30:00,86.931,87.269,86.767,87.026,2989
2026-03-12 13:45:00,87.024,87.385,86.999,87.292,2882
2026-03-12 14:00:00,87.29,87.424,86.956,87.176,4807
2026-03-12 14:15:00,87.181,87.183,86.56,86.725,5172
2026-03-12 14:30:00,86.724,86.724,86.058,86.438,7893
2026-03-12 14:45:00,86.437,86.516,85.719,85.906,7739
2026-03-12 15:00:00,85.907,86.443,85.852,86.38,7770
2026-03-12 15:15:00,86.384,86.461,85.697,85.753,7120
2026-03-12 15:30:00,85.752,85.847,85.349,85.802,6612
2026-03-12 15:45:00,85.789,85.964,85.156,85.557,7781
2026-03-12 16:00:00,85.557,85.656,84.478,84.868,7590
2026-03-12 16:15:00,84.869,85.184,84.583,85.142,6807
2026-03-12 16:30:00,85.141,85.309,84.668,85.225,6524
2026-03-12 16:45:00,85.224,85.361,85.071,85.226,6442
2026-03-12 17:00:00,85.229,85.453,84.862,85.178,5369
2026-03-12 17:15:00,85.178,85.582,85.16,85.334,5230
2026-03-12 17:30:00,85.337,85.599,85.014,85.439,5251
2026-03-12 17:45:00,85.441,85.507,85.092,85.107,5447
2026-03-12 18:00:00,85.1,85.426,85.086,85.097,5230
2026-03-12 18:15:00,85.096,85.172,84.806,84.922,5492
2026-03-12 18:30:00,84.927,85.002,84.725,84.897,5676
2026-03-12 18:45:00,84.893,85.012,84.726,84.817,5185
2026-03-12 19:00:00,84.82,85.181,84.781,84.993,4922
2026-03-12 19:15:00,84.994,85.114,84.68,84.83,4264
2026-03-12 19:30:00,84.829,84.951,84.727,84.883,4801
2026-03-12 19:45:00,84.878,85.032,84.69,84.791,4495
2026-03-12 20:00:00,84.786,84.879,84.432,84.858,5206
2026-03-12 20:15:00,84.857,84.951,84.703,84.927,3801
2026-03-12 20:30:00,84.925,85.029,84.635,84.681,3908
2026-03-12 20:45:00,84.68,84.778,84.331,84.493,5584
2026-03-12 21:00:00,84.494,84.606,84.223,84.244,1915
2026-03-12 21:15:00,84.246,84.37,83.469,83.472,2610
2026-03-12 21:30:00,83.474,83.789,83.01,83.786,2865
2026-03-12 21:45:00,83.785,83.988,83.677,83.894,1686
2026-03-12 23:00:00,83.56,83.736,83.374,83.487,1096
2026-03-12 23:15:00,83.486,84.269,83.486,84.126,1878
2026-03-12 23:30:00,84.126,84.152,83.874,84.035,993
2026-03-12 23:45:00,84.04,84.352,83.924,84.348,927
2026-03-13 00:00:00,84.247,84.336,84.118,84.163,805
2026-03-13 00:15:00,84.16,84.372,84.143,84.212,1664
2026-03-13 00:30:00,84.211,84.256,84.111,84.168,1691
2026-03-13 00:45:00,84.169,84.271,83.987,84.012,1283
2026-03-13 01:00:00,84.005,84.747,83.914,84.699,2205
2026-03-13 01:15:00,84.698,84.829,84.592,84.67,1932
2026-03-13 01:30:00,84.671,85.001,84.666,84.777,1776
2026-03-13 01:45:00,84.776,85.079,84.772,85.062,1895
2026-03-13 02:00:00,85.061,85.426,85.061,85.3,2704
2026-03-13 02:15:00,85.302,85.326,85.021,85.212,3306
2026-03-13 02:30:00,85.213,85.308,84.632,84.657,3552
2026-03-13 02:45:00,84.658,84.818,83.96,84.803,5449
2026-03-13 03:00:00,84.803,85.212,84.803,85.064,3806
2026-03-13 03:15:00,85.063,85.134,84.844,85.08,2499
2026-03-13 03:30:00,85.074,85.179,84.765,84.882,3464
2026-03-13 03:45:00,84.884,84.894,84.364,84.419,3446
2026-03-13 04:00:00,84.417,84.551,84.211,84.298,4095
2026-03-13 04:15:00,84.305,84.478,84.125,84.399,3688
2026-03-13 04:30:00,84.401,84.579,84.123,84.509,2147
2026-03-13 04:45:00,84.51,84.764,84.491,84.729,1780
2026-03-13 05:00:00,84.727,84.751,84.497,84.515,1731
2026-03-13 05:15:00,84.516,84.551,84.21,84.244,2436
2026-03-13 05:30:00,84.246,84.399,84.194,84.334,2387
2026-03-13 05:45:00,84.331,84.424,84.222,84.318,1296
2026-03-13 06:00:00,84.326,84.47,84.299,84.39,2010
2026-03-13 06:15:00,84.386,84.522,84.16,84.194,1835
2026-03-13 06:30:00,84.193,84.254,83.484,83.614,4690
2026-03-13 06:45:00,83.625,83.841,83.198,83.681,4350
2026-03-13 07:00:00,83.68,83.901,83.492,83.6,3984
2026-03-13 07:15:00,83.593,83.597,82.606,82.946,5207
2026-03-13 07:30:00,82.946,83.084,82.458,82.513,5566
2026-03-13 07:45:00,82.513,82.752,82.192,82.468,4850
2026-03-13 08:00:00,82.466,82.865,82.432,82.548,4163
2026-03-13 08:15:00,82.548,82.553,81.615,82.294,4811
2026-03-13 08:30:00,82.293,82.671,82.19,82.456,2471
2026-03-13 08:45:00,82.457,82.649,82.101,82.398,3269
2026-03-13 09:00:00,82.401,82.405,81.615,82.295,5164
2026-03-13 09:15:00,82.293,82.393,81.716,81.977,3975
2026-03-13 09:30:00,81.974,82.737,81.965,82.467,3315
2026-03-13 09:45:00,82.467,82.895,82.326,82.664,3287
2026-03-13 10:00:00,82.662,82.924,82.606,82.691,3762
2026-03-13 10:15:00,82.692,82.786,82.322,82.775,3658
2026-03-13 10:30:00,82.774,82.835,82.525,82.633,2524
2026-03-13 10:45:00,82.634,83.106,82.605,82.993,2648
2026-03-13 11:00:00,82.996,83.169,82.79,83.151,3231
2026-03-13 11:15:00,83.151,83.165,82.838,82.843,2722
2026-03-13 11:30:00,82.843,83.069,82.697,83.015,3119
2026-03-13 11:45:00,83.016,83.513,82.905,83.245,3429
2026-03-13 12:00:00,83.241,83.358,82.932,83.083,3074
2026-03-13 12:15:00,83.078,83.425,83.018,83.364,3224
2026-03-13 12:30:00,83.356,83.356,83.046,83.198,2483
2026-03-13 12:45:00,83.202,83.784,83.099,83.69,2395
2026-03-13 13:00:00,83.686,84.193,83.618,83.96,3306
2026-03-13 13:15:00,83.96,84.191,83.848,84.029,1763
2026-03-13 13:30:00,84.029,84.26,83.849,83.985,2572
2026-03-13 13:45:00,83.985,84.456,83.955,84.23,3169
2026-03-13 14:00:00,84.23,84.46,83.922,84.222,4550
2026-03-13 14:15:00,84.222,84.367,83.988,84.022,3736
2026-03-13 14:30:00,84.021,84.046,83.313,84.046,6074
2026-03-13 14:45:00,84.041,84.22,83.479,83.523,5867
2026-03-13 15:00:00,83.509,83.615,82.461,82.465,6715
2026-03-13 15:15:00,82.457,82.614,82.095,82.409,6049
2026-03-13 15:30:00,82.404,82.558,81.924,81.984,6251
2026-03-13 15:45:00,81.983,82.133,80.62,80.638,7199
2026-03-13 16:00:00,80.643,81.572,80.568,81.415,6679
2026-03-13 16:15:00,81.41,81.427,80.83,80.991,6653
2026-03-13 16:30:00,80.987,81.164,80.335,80.46,6931
2026-03-13 16:45:00,80.461,81.047,80.153,80.244,7043
2026-03-13 17:00:00,80.236,80.368,79.401,80.199,6988
2026-03-13 17:15:00,80.198,80.283,79.751,80.111,5904
2026-03-13 17:30:00,80.11,80.37,79.907,80.014,6563
2026-03-13 17:45:00,80.034,80.527,79.823,80.287,5254
2026-03-13 18:00:00,80.287,80.984,80.274,80.982,3990
2026-03-13 18:15:00,80.993,81.315,80.933,81.1,5448
2026-03-13 18:30:00,81.101,81.326,80.88,80.985,4795
2026-03-13 18:45:00,80.985,81.111,80.662,80.938,5638
2026-03-13 19:00:00,80.94,81.042,80.803,80.941,3429
2026-03-13 19:15:00,80.944,81.12,80.693,81.117,5244
2026-03-13 19:30:00,81.093,81.23,80.761,80.832,4061
2026-03-13 19:45:00,80.831,81.023,80.785,80.984,4637
2026-03-13 20:00:00,80.982,81.088,80.645,80.932,4493
2026-03-13 20:15:00,80.936,80.97,80.426,80.537,4291
2026-03-13 20:30:00,80.539,80.646,80.08,80.27,5286
2026-03-13 20:45:00,80.263,80.471,79.841,80.238,5077
2026-03-13 21:00:00,80.251,80.345,79.905,80.283,1778
2026-03-13 21:15:00,80.286,80.418,80.219,80.266,1892
2026-03-13 21:30:00,80.265,80.563,80.175,80.493,1894
2026-03-13 21:45:00,80.493,80.61,80.425,80.579,2085
2026-03-15 23:00:00,80.0,80.367,79.627,80.171,1064
2026-03-15 23:15:00,80.168,80.169,79.402,79.95,2359
2026-03-15 23:30:00,79.962,80.128,79.798,80.034,3200
2026-03-15 23:45:00,80.034,80.584,79.991,80.469,2214
2026-03-16 00:00:00,80.522,80.539,79.941,79.961,3544
2026-03-16 00:15:00,79.962,80.14,79.254,79.946,3436
2026-03-16 00:30:00,79.947,79.96,79.524,79.762,3995
2026-03-16 00:45:00,79.764,80.103,79.575,80.079,4240
2026-03-16 01:00:00,80.079,81.353,80.072,81.154,4407
2026-03-16 01:15:00,81.158,81.412,81.003,81.067,2112
2026-03-16 01:30:00,81.067,81.406,81.023,81.32,1749
2026-03-16 01:45:00,81.32,81.548,81.051,81.448,2574
2026-03-16 02:00:00,81.451,81.515,78.555,78.59,7754
2026-03-16 02:15:00,78.59,79.581,78.46,79.074,6051
2026-03-16 02:30:00,79.072,79.711,78.568,79.699,6828
2026-03-16 02:45:00,79.699,80.385,79.637,80.372,6098
2026-03-16 03:00:00,80.37,80.462,79.857,80.105,5546
2026-03-16 03:15:00,80.106,80.281,79.647,79.903,3510
2026-03-16 03:30:00,79.901,80.002,79.37,79.711,5547
2026-03-16 03:45:00,79.704,79.821,79.126,79.306,5123
2026-03-16 04:00:00,79.305,79.595,78.851,78.941,4683
2026-03-16 04:15:00,78.939,79.93,78.884,79.847,4319
2026-03-16 04:30:00,79.849,80.183,79.828,80.175,2551
2026-03-16 04:45:00,80.175,80.313,80.009,80.248,2423
2026-03-16 05:00:00,80.246,80.651,80.187,80.586,2085
2026-03-16 05:15:00,80.586,80.668,80.348,80.361,1977
2026-03-16 05:30:00,80.361,80.535,80.217,80.282,1654
2026-03-16 05:45:00,80.282,80.319,80.062,80.075,1129
2026-03-16 06:00:00,80.072,80.251,79.999,80.042,1919
2026-03-16 06:15:00,80.043,80.07,79.734,79.873,1726
2026-03-16 06:30:00,79.876,80.356,79.419,80.285,4162
2026-03-16 06:45:00,80.285,80.465,80.12,80.26,2988
2026-03-16 07:00:00,80.275,80.477,79.949,80.444,3719
2026-03-16 07:15:00,80.443,80.745,80.325,80.378,3231
2026-03-16 07:30:00,80.38,80.462,79.859,80.094,3183
2026-03-16 07:45:00,80.096,80.139,79.589,80.094,3786
2026-03-16 08:00:00,80.105,80.371,79.762,79.916,2285
2026-03-16 08:15:00,79.915,79.923,79.087,79.307,3698
2026-03-16 08:30:00,79.307,79.493,78.936,78.993,3615
2026-03-16 08:45:00,78.996,79.41,78.992,79.065,2709
2026-03-16 09:00:00,79.077,79.522,78.733,78.751,4125
2026-03-16 09:15:00,78.752,79.473,78.656,79.357,3759
2026-03-16 09:30:00,79.358,79.412,78.676,78.713,3463
2026-03-16 09:45:00,78.712,79.346,78.675,79.155,3057
2026-03-16 10:00:00,79.156,79.167,78.554,78.91,4128
2026-03-16 10:15:00,78.911,79.035,78.712,78.747,2896
2026-03-16 10:30:00,78.748,78.842,78.203,78.209,3148
2026-03-16 10:45:00,78.216,78.684,77.576,77.846,3620
2026-03-16 11:00:00,77.846,77.846,77.052,77.177,4822
2026-03-16 11:15:00,77.178,77.812,77.166,77.722,4087
2026-03-16 11:30:00,77.736,78.139,77.678,78.074,2985
2026-03-16 11:45:00,78.074,79.005,77.945,78.908,3007
2026-03-16 12:00:00,78.908,79.062,78.679,78.976,2746
2026-03-16 12:15:00,78.976,79.369,78.94,79.178,2793
2026-03-16 12:30:00,79.178,79.418,79.039,79.235,2089
2026-03-16 12:45:00,79.234,79.328,78.786,78.924,2353
2026-03-16 13:00:00,78.925,79.256,78.816,79.188,3212
2026-03-16 13:15:00,79.185,79.716,79.079,79.597,3341
2026-03-16 13:30:00,79.595,80.014,79.584,79.987,2607
2026-03-16 13:45:00,79.995,80.239,79.976,80.228,2536
2026-03-16 14:00:00,80.229,80.386,79.732,80.252,3708
2026-03-16 14:15:00,80.252,80.909,80.249,80.898,4256
2026-03-16 14:30:00,80.897,81.626,80.698,81.194,5632
2026-03-16 14:45:00,81.193,81.372,80.924,81.24,5813
2026-03-16 15:00:00,81.241,81.535,81.108,81.263,6408
2026-03-16 15:15:00,81.26,81.451,80.795,80.795,6161
2026-03-16 15:30:00,80.791,80.857,80.379,80.419,6128
2026-03-16 15:45:00,80.422,80.732,80.012,80.667,7204
2026-03-16 16:00:00,80.666,80.934,80.414,80.757,5805
2026-03-16 16:15:00,80.757,81.083,80.657,80.812,5465
2026-03-16 16:30:00,80.813,80.974,80.638,80.638,3993
2026-03-16 16:45:00,80.641,80.686,80.21,80.297,5326
2026-03-16 17:00:00,80.298,80.73,80.171,80.503,5817
2026-03-16 17:15:00,80.501,80.647,79.809,79.847,5214
2026-03-16 17:30:00,79.845,80.129,79.489,79.949,6139
2026-03-16 17:45:00,79.95,80.411,79.841,80.188,5843
2026-03-16 18:00:00,80.19,80.695,80.189,80.66,5672
2026-03-16 18:15:00,80.66,80.703,80.378,80.53,5042
2026-03-16 18:30:00,80.523,80.577,80.116,80.239,4810
2026-03-16 18:45:00,80.237,80.412,80.12,80.212,4423
2026-03-16 19:00:00,80.21,80.517,80.092,80.493,4780
2026-03-16 19:15:00,80.503,80.892,80.502,80.892,4075
2026-03-16 19:30:00,80.882,81.389,80.874,81.252,3320
2026-03-16 19:45:00,81.251,81.337,81.013,81.036,3765
2026-03-16 20:00:00,81.035,81.394,80.923,81.014,3896
2026-03-16 20:15:00,81.014,81.133,80.776,80.83,4056
2026-03-16 20:30:00,80.823,81.032,80.713,80.867,4358
2026-03-16 20:45:00,80.868,81.031,80.715,80.864,3516
2026-03-16 21:00:00,80.861,81.049,80.699,80.932,1493
2026-03-16 21:15:00,80.931,80.942,80.844,80.884,1005
2026-03-16 21:30:00,80.885,80.889,80.724,80.822,1063
2026-03-16 21:45:00,80.815,80.891,80.707,80.727,1182
2026-03-16 23:00:00,80.834,81.139,80.602,80.728,1506
2026-03-16 23:15:00,80.734,80.907,80.592,80.74,1730
2026-03-16 23:30:00,80.745,80.943,80.65,80.818,1144
2026-03-16 23:45:00,80.818,80.872,80.712,80.753,900
2026-03-17 00:00:00,80.757,80.923,80.748,80.871,1111
2026-03-17 00:15:00,80.872,81.056,80.858,81.049,1124
2026-03-17 00:30:00,81.048,81.133,80.986,80.986,1787
2026-03-17 00:45:00,80.988,81.146,80.916,81.12,2123
2026-03-17 01:00:00,81.121,81.14,80.346,80.583,3342
2026-03-17 01:15:00,80.583,80.698,80.228,80.383,2505
2026-03-17 01:30:00,80.384,80.579,80.23,80.329,1928
2026-03-17 01:45:00,80.328,80.505,80.221,80.379,2661
2026-03-17 02:00:00,80.374,80.774,79.843,80.551,5918
2026-03-17 02:15:00,80.549,80.771,80.264,80.546,3143
2026-03-17 02:30:00,80.547,81.068,80.523,80.817,3223
2026-03-17 02:45:00,80.817,81.477,80.766,81.428,2766
2026-03-17 03:00:00,81.428,81.441,81.093,81.181,2481
2026-03-17 03:15:00,81.182,81.294,81.068,81.283,1219
2026-03-17 03:30:00,81.285,81.534,81.162,81.469,3047
2026-03-17 03:45:00,81.469,81.491,81.125,81.149,1662
2026-03-17 04:00:00,81.149,81.149,80.895,81.0,2766
2026-03-17 04:15:00,81.0,81.565,80.977,81.526,1609
2026-03-17 04:30:00,81.525,81.554,81.168,81.221,1370
2026-03-17 04:45:00,81.222,81.368,81.19,81.361,689
2026-03-17 05:00:00,81.357,81.49,81.298,81.469,851
2026-03-17 05:15:00,81.47,82.052,81.399,82.032,1070
2026-03-17 05:30:00,82.032,82.366,81.976,82.33,1582
2026-03-17 05:45:00,82.332,82.53,82.22,82.444,1679
2026-03-17 06:00:00,82.447,82.472,82.126,82.357,1999
2026-03-17 06:15:00,82.359,82.474,82.045,82.05,2631
2026-03-17 06:30:00,82.047,82.082,81.651,81.663,3891
2026-03-17 06:45:00,81.664,81.737,81.032,81.101,4266
2026-03-17 07:00:00,81.104,81.222,80.564,80.782,4514
2026-03-17 07:15:00,80.78,81.087,80.51,80.966,3587
2026-03-17 07:30:00,80.981,81.138,80.792,80.973,2788
2026-03-17 07:45:00,80.974,80.993,80.571,80.585,1933
2026-03-17 08:00:00,80.585,81.13,80.578,81.027,1821
2026-03-17 08:15:00,81.025,81.236,80.799,81.177,1855
2026-03-17 08:30:00,81.177,81.348,81.139,81.208,2088
2026-03-17 08:45:00,81.208,81.208,80.968,80.994,1827
2026-03-17 09:00:00,80.993,81.143,80.533,80.755,2760
2026-03-17 09:15:00,80.752,81.19,80.693,81.055,2670
2026-03-17 09:30:00,81.055,81.199,80.949,81.109,2397
2026-03-17 09:45:00,81.109,81.109,80.751,80.937,1807
2026-03-17 10:00:00,80.931,80.95,80.533,80.597,2756
2026-03-17 10:15:00,80.594,80.898,80.521,80.837,2610
2026-03-17 10:30:00,80.838,80.96,80.627,80.958,1849
2026-03-17 10:45:00,80.957,81.018,80.776,80.844,1668
2026-03-17 11:00:00,80.842,80.976,80.289,80.375,2620
2026-03-17 11:15:00,80.376,80.578,80.353,80.42,2136
2026-03-17 11:30:00,80.418,80.593,80.058,80.163,3008
2026-03-17 11:45:00,80.168,80.308,79.834,80.201,2541
2026-03-17 12:00:00,80.202,80.552,80.079,80.514,2397
2026-03-17 12:15:00,80.513,80.719,80.486,80.579,1693
2026-03-17 12:30:00,80.578,80.616,80.42,80.572,1548
2026-03-17 12:45:00,80.573,80.727,80.22,80.285,2062
2026-03-17 13:00:00,80.283,80.325,79.995,80.279,2413
2026-03-17 13:15:00,80.279,80.839,80.279,80.824,2117
2026-03-17 13:30:00,80.823,81.04,80.651,80.711,2039
2026-03-17 13:45:00,80.712,80.721,80.411,80.65,2087
2026-03-17 14:00:00,80.652,80.976,80.559,80.784,4971
2026-03-17 14:15:00,80.784,81.143,80.741,80.783,3787
2026-03-17 14:30:00,80.791,81.372,80.743,81.166,6219
2026-03-17 14:45:00,81.169,81.378,80.837,81.245,6192
2026-03-17 15:00:00,81.241,81.33,80.841,81.104,5538
2026-03-17 15:15:00,81.105,81.105,80.469,80.603,5398
2026-03-17 15:30:00,80.604,80.727,80.33,80.655,6462
2026-03-17 15:45:00,80.661,80.804,80.105,80.129,6371
2026-03-17 16:00:00,80.128,80.456,79.916,79.991,4751
2026-03-17 16:15:00,79.988,80.318,79.664,79.685,5389
2026-03-17 16:30:00,79.681,79.858,78.234,78.98,6390
2026-03-17 16:45:00,78.981,79.441,78.945,79.19,5145
2026-03-17 17:00:00,79.206,79.312,78.755,78.99,5717
2026-03-17 17:15:00,78.992,79.474,78.957,79.443,5502
2026-03-17 17:30:00,79.441,79.585,79.316,79.478,5135
2026-03-17 17:45:00,79.478,79.497,79.211,79.378,4277
2026-03-17 18:00:00,79.374,79.711,79.356,79.459,4027
2026-03-17 18:15:00,79.458,79.932,79.44,79.614,3808
2026-03-17 18:30:00,79.614,79.666,79.41,79.445,3723
2026-03-17 18:45:00,79.44,79.593,79.362,79.548,3214
2026-03-17 19:00:00,79.553,79.714,79.395,79.695,3320
2026-03-17 19:15:00,79.696,79.85,79.466,79.526,4218
2026-03-17 19:30:00,79.527,79.569,79.388,79.524,2299
2026-03-17 19:45:00,79.525,79.69,79.455,79.464,3498
2026-03-17 20:00:00,79.465,79.471,79.186,79.299,3630
2026-03-17 20:15:00,79.298,79.301,79.023,79.065,2756
2026-03-17 20:30:00,79.071,79.202,78.975,79.156,2055
2026-03-17 20:45:00,79.155,79.262,79.045,79.147,3088
2026-03-17 21:00:00,79.146,79.249,79.131,79.167,944
2026-03-17 21:15:00,79.165,79.177,79.076,79.156,887
2026-03-17 21:30:00,79.157,79.267,79.127,79.265,945
2026-03-17 21:45:00,79.262,79.313,79.144,79.226,1381
2026-03-17 23:00:00,79.327,79.342,79.013,79.218,805
2026-03-17 23:15:00,79.224,79.291,78.979,79.114,906
2026-03-17 23:30:00,79.114,79.133,78.772,78.837,789
2026-03-17 23:45:00,78.836,79.084,78.717,78.99,1272
2026-03-18 00:00:00,79.009,79.131,78.999,79.076,823
2026-03-18 00:15:00,79.077,79.126,79.017,79.067,630
2026-03-18 00:30:00,79.067,79.21,79.057,79.134,595
2026-03-18 00:45:00,79.132,79.207,79.106,79.204,419
2026-03-18 01:00:00,79.212,79.801,79.209,79.653,1740
2026-03-18 01:15:00,79.654,79.687,79.393,79.401,1496
2026-03-18 01:30:00,79.395,79.422,79.182,79.363,1789
2026-03-18 01:45:00,79.367,79.636,79.265,79.427,2001
2026-03-18 02:00:00,79.426,80.057,79.059,79.862,3872
2026-03-18 02:15:00,79.862,80.002,79.683,79.702,2728
2026-03-18 02:30:00,79.701,79.797,79.145,79.27,4626
2026-03-18 02:45:00,79.273,79.305,78.771,79.154,4281
2026-03-18 03:00:00,79.172,79.276,78.94,79.095,4015
2026-03-18 03:15:00,79.092,79.385,79.092,79.186,2626
2026-03-18 03:30:00,79.185,79.22,78.824,79.013,3839
2026-03-18 03:45:00,79.012,79.169,78.156,78.348,3596
2026-03-18 04:00:00,78.347,78.804,78.125,78.736,4360
2026-03-18 04:15:00,78.742,78.954,78.614,78.816,2878
2026-03-18 04:30:00,78.815,78.929,78.753,78.863,1368
2026-03-18 04:45:00,78.862,78.886,78.515,78.693,1514
2026-03-18 05:00:00,78.697,78.805,78.642,78.709,1240
2026-03-18 05:15:00,78.709,78.758,78.645,78.717,880
2026-03-18 05:30:00,78.716,78.721,78.256,78.448,2281
2026-03-18 05:45:00,78.45,78.576,78.408,78.566,1668
2026-03-18 06:00:00,78.563,79.183,78.525,79.075,1690
2026-03-18 06:15:00,79.07,79.372,78.98,79.214,1982
2026-03-18 06:30:00,79.197,79.625,78.88,79.328,4570
2026-03-18 06:45:00,79.327,79.447,78.889,79.008,3068
2026-03-18 07:00:00,79.005,79.8,78.999,79.725,3515
2026-03-18 07:15:00,79.724,80.092,79.609,79.874,2524
2026-03-18 07:30:00,79.869,80.12,79.619,79.776,2785
2026-03-18 07:45:00,79.775,79.905,79.567,79.845,2510
2026-03-18 08:00:00,79.846,80.172,79.827,79.907,1757
2026-03-18 08:15:00,79.909,79.938,79.666,79.868,1752
2026-03-18 08:30:00,79.867,79.954,79.585,79.636,1404
2026-03-18 08:45:00,79.635,79.745,79.291,79.744,2862
2026-03-18 09:00:00,79.743,79.806,79.41,79.475,2964
2026-03-18 09:15:00,79.48,79.51,78.952,79.327,3244
2026-03-18 09:30:00,79.33,79.373,79.091,79.26,2528
2026-03-18 09:45:00,79.26,79.441,79.073,79.37,2905
2026-03-18 10:00:00,79.367,79.614,79.345,79.436,2191
2026-03-18 10:15:00,79.437,79.819,79.386,79.686,1977
2026-03-18 10:30:00,79.685,79.94,79.672,79.921,1856
2026-03-18 10:45:00,79.922,80.021,79.844,79.924,1600
2026-03-18 11:00:00,79.924,79.952,79.729,79.827,1467
2026-03-18 11:15:00,79.828,80.036,79.678,79.729,1967
2026-03-18 11:30:00,79.729,79.861,79.282,79.635,3166
2026-03-18 11:45:00,79.633,79.663,78.907,79.053,2516
2026-03-18 12:00:00,79.052,79.54,78.747,79.485,4002
2026-03-18 12:15:00,79.485,79.625,78.726,78.835,3568
2026-03-18 12:30:00,78.837,79.208,78.428,78.587,5763
2026-03-18 12:45:00,78.586,78.794,78.371,78.581,5681
2026-03-18 13:00:00,78.579,78.992,78.164,78.264,5504
2026-03-18 13:15:00,78.26,78.542,77.862,78.19,5954
2026-03-18 13:30:00,78.19,78.214,77.611,77.699,6035
2026-03-18 13:45:00,77.698,78.134,77.421,77.553,4493
2026-03-18 14:00:00,77.552,77.552,75.99,76.223,7355
2026-03-18 14:15:00,76.223,76.824,75.573,76.773,6025
2026-03-18 14:30:00,76.762,77.407,76.339,77.079,7132
2026-03-18 14:45:00,77.079,77.497,76.561,77.442,5979
2026-03-18 15:00:00,77.438,77.902,77.243,77.266,6325
2026-03-18 15:15:00,77.267,77.375,76.464,76.471,7159
2026-03-18 15:30:00,76.461,76.762,76.199,76.359,6247
2026-03-18 15:45:00,76.351,76.804,76.27,76.783,5324
2026-03-18 16:00:00,76.783,77.089,76.757,76.887,5328
2026-03-18 16:15:00,76.892,77.024,76.665,76.837,5412
2026-03-18 16:30:00,76.843,77.103,76.668,76.668,4722
2026-03-18 16:45:00,76.663,76.879,76.532,76.616,4391
2026-03-18 17:00:00,76.615,76.958,76.521,76.95,4261
2026-03-18 17:15:00,76.95,77.357,76.845,77.343,4429
2026-03-18 17:30:00,77.338,77.358,76.869,77.255,4485
2026-03-18 17:45:00,77.253,77.299,77.068,77.102,4694
2026-03-18 18:00:00,77.107,77.221,76.912,76.959,4448
2026-03-18 18:15:00,76.96,77.503,76.959,77.31,5231
2026-03-18 18:30:00,77.309,77.42,77.125,77.156,4144
2026-03-18 18:45:00,77.155,77.271,76.968,77.001,3448
2026-03-18 19:00:00,76.996,77.466,76.673,77.133,6323
2026-03-18 19:15:00,77.131,77.14,76.653,76.826,6050
2026-03-18 19:30:00,76.853,76.922,76.332,76.402,6308
2026-03-18 19:45:00,76.397,76.402,75.99,76.012,5814
2026-03-18 20:00:00,76.011,76.511,75.839,76.323,5395
2026-03-18 20:15:00,76.326,76.514,75.856,76.076,6729
2026-03-18 20:30:00,76.065,76.403,76.03,76.108,5827
2026-03-18 20:45:00,76.114,76.15,75.859,75.902,6455
2026-03-18 21:00:00,75.901,76.002,75.457,75.517,2275
2026-03-18 21:15:00,75.516,75.579,75.068,75.127,2905
2026-03-18 21:30:00,75.126,75.478,74.991,75.42,2421
2026-03-18 21:45:00,75.413,75.467,75.241,75.358,1735
2026-03-18 23:00:00,75.574,75.728,75.056,75.083,1357
2026-03-18 23:15:00,75.081,75.393,74.99,75.194,2961
2026-03-18 23:30:00,75.196,75.646,75.11,75.473,2907
2026-03-18 23:45:00,75.472,75.78,75.453,75.67,2420
2026-03-19 00:00:00,75.638,76.019,75.637,75.918,2590
2026-03-19 00:15:00,75.916,76.024,75.587,75.989,2317
2026-03-19 00:30:00,75.988,76.199,75.932,75.99,2349
2026-03-19 00:45:00,75.991,76.25,75.841,75.864,2405
2026-03-19 01:00:00,75.865,76.243,75.836,76.139,2199
2026-03-19 01:15:00,76.14,76.443,76.032,76.409,1973
2026-03-19 01:30:00,76.409,76.659,76.201,76.321,2738
2026-03-19 01:45:00,76.322,76.497,76.169,76.414,3230
2026-03-19 02:00:00,76.412,76.668,75.509,75.648,6134
2026-03-19 02:15:00,75.647,76.056,75.441,76.049,5472
2026-03-19 02:30:00,76.05,76.67,75.964,76.579,5256
2026-03-19 02:45:00,76.578,76.58,76.052,76.127,4031
2026-03-19 03:00:00,76.136,76.168,75.792,75.961,4295
2026-03-19 03:15:00,75.962,76.545,75.962,76.522,2388
2026-03-19 03:30:00,76.506,76.666,76.35,76.576,4396
2026-03-19 03:45:00,76.575,76.593,76.194,76.421,3520
2026-03-19 04:00:00,76.421,76.549,76.243,76.491,3057
2026-03-19 04:15:00,76.492,76.5,76.041,76.094,2955
2026-03-19 04:30:00,76.093,76.114,75.837,75.945,1460
2026-03-19 04:45:00,75.945,76.038,75.81,75.812,1043
2026-03-19 05:00:00,75.811,75.811,75.474,75.617,1735
2026-03-19 05:15:00,75.618,75.689,75.538,75.59,1110
2026-03-19 05:30:00,75.589,75.697,75.492,75.572,1354
2026-03-19 05:45:00,75.572,75.717,75.473,75.694,1296
2026-03-19 06:00:00,75.694,75.996,75.631,75.924,1669
2026-03-19 06:15:00,75.923,76.012,75.634,75.637,1111
2026-03-19 06:30:00,75.641,75.641,74.834,74.936,4956
2026-03-19 06:45:00,74.941,75.008,74.318,74.328,5361
2026-03-19 07:00:00,74.324,74.937,74.32,74.679,5177
2026-03-19 07:15:00,74.673,74.706,73.408,73.494,5725
2026-03-19 07:30:00,73.493,73.552,72.503,72.851,6434
2026-03-19 07:45:00,72.844,72.928,71.702,72.3,6914
2026-03-19 08:00:00,72.299,72.714,72.208,72.551,4693
2026-03-19 08:15:00,72.551,72.784,72.094,72.274,4134
2026-03-19 08:30:00,72.274,72.406,71.781,71.793,3240
2026-03-19 08:45:00,71.794,71.998,71.073,71.132,3666
2026-03-19 09:00:00,71.179,71.758,70.972,71.227,5382
2026-03-19 09:15:00,71.231,71.747,70.966,71.078,4838
2026-03-19 09:30:00,71.067,71.245,70.049,70.072,6143
2026-03-19 09:45:00,70.083,71.602,69.95,71.34,5529
2026-03-19 10:00:00,71.34,71.582,71.093,71.355,5102
2026-03-19 10:15:00,71.35,71.866,71.284,71.405,5979
2026-03-19 10:30:00,71.406,71.756,71.174,71.278,5658
2026-03-19 10:45:00,71.276,71.882,71.215,71.572,5570
2026-03-19 11:00:00,71.575,71.943,71.434,71.591,4534
2026-03-19 11:15:00,71.591,71.595,71.015,71.503,3730
2026-03-19 11:30:00,71.503,71.851,71.353,71.519,4542
2026-03-19 11:45:00,71.522,71.529,70.42,70.78,4453
2026-03-19 12:00:00,70.782,71.317,70.43,70.532,4745
2026-03-19 12:15:00,70.532,70.975,70.325,70.926,4683
2026-03-19 12:30:00,70.925,71.299,70.52,70.605,4604
2026-03-19 12:45:00,70.601,70.653,70.263,70.263,4593
2026-03-19 13:00:00,70.238,70.242,68.814,69.215,5987
2026-03-19 13:15:00,69.213,69.304,68.339,68.492,5710
2026-03-19 13:30:00,68.492,68.65,67.558,67.669,5884
2026-03-19 13:45:00,67.666,67.67,66.461,67.329,6326
2026-03-19 14:00:00,67.256,67.454,65.47,67.106,7935
2026-03-19 14:15:00,67.106,68.453,66.902,68.317,7530
2026-03-19 14:30:00,68.319,68.55,67.461,67.781,8848
2026-03-19 14:45:00,67.778,69.673,67.158,69.608,7953
2026-03-19 15:00:00,69.6,70.496,69.578,70.035,7920
2026-03-19 15:15:00,70.032,70.279,69.084,69.15,7350
2026-03-19 15:30:00,69.161,70.337,69.132,70.087,6763
2026-03-19 15:45:00,70.087,70.479,69.786,70.046,6154
2026-03-19 16:00:00,70.046,71.04,69.8,70.745,6078
2026-03-19 16:15:00,70.743,70.78,69.835,70.091,6350
2026-03-19 16:30:00,70.091,70.097,69.059,69.293,7155
2026-03-19 16:45:00,69.292,70.375,69.179,70.116,6559
2026-03-19 17:00:00,70.115,71.151,69.997,70.629,7156
2026-03-19 17:15:00,70.647,70.845,70.328,70.408,6444
2026-03-19 17:30:00,70.408,70.665,70.206,70.402,5801
2026-03-19 17:45:00,70.401,70.502,69.806,70.114,4466
2026-03-19 18:00:00,70.119,70.699,70.063,70.338,4093
2026-03-19 18:15:00,70.338,71.576,70.152,71.222,5673
2026-03-19 18:30:00,71.229,71.563,71.155,71.219,6198
2026-03-19 18:45:00,71.227,71.927,71.22,71.311,5797
2026-03-19 19:00:00,71.318,71.509,71.026,71.45,6704
2026-03-19 19:15:00,71.433,71.485,71.084,71.388,5488
2026-03-19 19:30:00,71.389,71.389,70.903,71.173,5206
2026-03-19 19:45:00,71.171,71.608,70.977,71.564,5701
2026-03-19 20:00:00,71.565,72.515,71.565,72.355,6388
2026-03-19 20:15:00,72.354,72.468,71.835,71.996,5768
2026-03-19 20:30:00,72.007,72.414,71.814,72.103,4241
2026-03-19 20:45:00,72.103,72.59,72.053,72.51,4509
2026-03-19 21:00:00,72.509,72.74,72.491,72.609,2395
2026-03-19 21:15:00,72.61,72.846,72.566,72.782,1564
2026-03-19 21:30:00,72.783,72.791,72.538,72.662,1523
2026-03-19 21:45:00,72.663,72.868,72.613,72.843,1570
2026-03-19 23:00:00,73.082,73.818,72.893,73.363,1760
2026-03-19 23:15:00,73.362,73.428,73.004,73.018,2607
2026-03-19 23:30:00,73.018,73.027,72.41,72.436,2056
2026-03-19 23:45:00,72.436,72.561,72.184,72.186,1722
2026-03-20 00:00:00,72.348,72.557,72.318,72.318,1646
2026-03-20 00:15:00,72.32,72.533,72.261,72.362,1506
2026-03-20 00:30:00,72.362,72.472,71.989,72.24,1266
2026-03-20 00:45:00,72.239,72.63,72.199,72.53,2165
2026-03-20 01:00:00,72.528,73.229,72.522,73.164,2721
2026-03-20 01:15:00,73.171,73.199,72.534,72.793,3497
2026-03-20 01:30:00,72.794,72.932,72.627,72.875,3103
2026-03-20 01:45:00,72.876,72.933,72.44,72.48,3205
2026-03-20 02:00:00,72.478,73.684,72.253,73.151,7363
2026-03-20 02:15:00,73.152,73.708,73.147,73.704,6210
2026-03-20 02:30:00,73.7,74.534,73.608,74.376,6241
2026-03-20 02:45:00,74.372,74.486,73.51,73.784,6179
2026-03-20 03:00:00,73.785,74.136,73.438,73.862,5186
2026-03-20 03:15:00,73.858,74.076,73.817,73.957,2516
2026-03-20 03:30:00,73.963,74.164,73.543,73.611,4661
2026-03-20 03:45:00,73.613,74.125,73.559,73.898,4819
2026-03-20 04:00:00,73.897,74.183,73.798,74.072,5268
2026-03-20 04:15:00,74.073,74.465,74.058,74.343,4942
2026-03-20 04:30:00,74.346,74.369,74.107,74.128,2887
2026-03-20 04:45:00,74.126,74.226,74.066,74.184,2659
2026-03-20 05:00:00,74.185,74.213,73.869,73.925,1985
2026-03-20 05:15:00,73.925,73.978,73.812,73.962,2417
2026-03-20 05:30:00,73.963,73.99,73.62,73.779,2346
2026-03-20 05:45:00,73.78,73.944,73.67,73.863,1753
2026-03-20 06:00:00,73.862,73.864,73.555,73.742,2304
2026-03-20 06:15:00,73.742,73.854,73.667,73.692,2181
2026-03-20 06:30:00,73.692,73.798,72.777,73.261,5186
2026-03-20 06:45:00,73.254,73.285,72.349,72.52,5889
2026-03-20 07:00:00,72.525,73.168,72.525,72.853,5146
2026-03-20 07:15:00,72.853,72.906,72.135,72.447,4463
2026-03-20 07:30:00,72.443,72.543,71.189,71.427,5477
2026-03-20 07:45:00,71.448,71.761,71.264,71.548,5096
2026-03-20 08:00:00,71.549,71.876,71.401,71.736,3472
2026-03-20 08:15:00,71.735,72.029,71.687,72.018,2938
2026-03-20 08:30:00,72.016,72.717,71.937,72.637,3434
2026-03-20 08:45:00,72.645,72.982,72.601,72.972,2476
2026-03-20 09:00:00,72.977,73.251,72.644,73.14,3879
2026-03-20 09:15:00,73.139,73.66,73.097,73.287,3485
2026-03-20 09:30:00,73.287,73.429,72.951,73.219,3664
2026-03-20 09:45:00,73.22,73.226,72.829,73.078,3871
2026-03-20 10:00:00,73.079,73.259,72.82,73.027,4063
2026-03-20 10:15:00,73.032,73.087,72.839,72.95,3645
2026-03-20 10:30:00,72.949,72.98,72.215,72.263,3480
2026-03-20 10:45:00,72.269,72.302,71.624,71.706,4270
2026-03-20 11:00:00,71.706,71.808,71.216,71.675,4847
2026-03-20 11:15:00,71.677,71.808,71.205,71.54,4235
2026-03-20 11:30:00,71.538,72.041,71.37,72.041,4464
2026-03-20 11:45:00,72.039,72.045,71.461,71.646,4747
2026-03-20 12:00:00,71.645,72.264,71.447,72.173,4662
2026-03-20 12:15:00,72.173,72.338,71.929,72.091,3263
2026-03-20 12:30:00,72.095,72.367,71.923,72.268,2374
2026-03-20 12:45:00,72.271,72.362,71.838,72.175,3321
2026-03-20 13:00:00,72.174,72.448,72.085,72.143,3914
2026-03-20 13:15:00,72.144,72.343,71.891,72.237,3629
2026-03-20 13:30:00,72.24,72.349,71.366,71.656,4870
2026-03-20 13:45:00,71.656,71.97,71.345,71.855,4018
2026-03-20 14:00:00,71.856,72.233,70.796,71.217,6219
2026-03-20 14:15:00,71.221,71.604,70.85,71.34,4669
2026-03-20 14:30:00,71.34,71.702,70.768,71.581,6944
2026-03-20 14:45:00,71.584,71.711,69.94,70.202,6707
2026-03-20 15:00:00,70.201,70.395,69.208,69.238,7384
2026-03-20 15:15:00,69.239,69.257,68.431,68.604,7652
2026-03-20 15:30:00,68.593,69.64,68.572,69.388,7788
2026-03-20 15:45:00,69.389,69.708,68.939,69.458,7219
2026-03-20 16:00:00,69.458,70.175,69.387,70.175,6779
2026-03-20 16:15:00,70.192,70.265,69.229,69.64,6585
2026-03-20 16:30:00,69.639,70.061,69.4,69.524,6384
2026-03-20 16:45:00,69.516,69.535,68.817,69.251,6406
2026-03-20 17:00:00,69.258,70.09,69.2,70.055,5631
2026-03-20 17:15:00,70.05,70.41,69.801,69.807,5300
2026-03-20 17:30:00,69.813,70.029,69.541,69.877,5014
2026-03-20 17:45:00,69.879,69.882,69.424,69.702,5111
2026-03-20 18:00:00,69.701,70.149,69.498,69.827,5427
2026-03-20 18:15:00,69.826,69.837,69.246,69.342,5130
2026-03-20 18:30:00,69.343,69.484,69.004,69.461,5032
2026-03-20 18:45:00,69.46,69.689,69.376,69.628,4978
2026-03-20 19:00:00,69.626,69.731,69.226,69.376,5496
2026-03-20 19:15:00,69.38,69.485,68.723,69.155,5672
2026-03-20 19:30:00,69.154,69.247,68.478,68.522,5048
2026-03-20 19:45:00,68.524,68.627,67.786,68.088,5855
2026-03-20 20:00:00,68.09,68.505,67.788,68.086,7051
2026-03-20 20:15:00,68.084,68.215,67.665,67.952,6348
2026-03-20 20:30:00,67.965,68.254,67.665,68.206,6269
2026-03-20 20:45:00,68.211,68.211,67.758,67.934,6057
2026-03-20 21:00:00,67.938,68.095,67.721,68.031,2733
2026-03-20 21:15:00,68.031,68.245,67.889,67.898,2538
2026-03-20 21:30:00,67.904,68.064,67.814,68.029,1909
2026-03-20 21:45:00,68.029,68.133,67.834,67.891,2238
2026-03-22 23:00:00,67.167,68.311,66.814,67.958,2254
2026-03-22 23:15:00,67.933,69.554,67.863,69.384,3306
2026-03-22 23:30:00,69.382,69.584,68.713,68.808,2432
2026-03-22 23:45:00,68.813,69.17,68.56,68.82,2547
2026-03-23 00:00:00,68.721,69.045,68.453,68.692,4004
2026-03-23 00:15:00,68.693,68.912,68.225,68.327,4294
2026-03-23 00:30:00,68.323,68.692,68.007,68.567,3962
2026-03-23 00:45:00,68.569,68.754,67.552,68.075,3783
2026-03-23 01:00:00,68.076,68.337,67.055,67.389,5293
2026-03-23 01:15:00,67.389,67.833,66.984,67.284,3748
2026-03-23 01:30:00,67.286,67.578,64.778,65.787,5220
2026-03-23 01:45:00,65.787,66.543,65.123,66.308,5238
2026-03-23 02:00:00,66.308,67.47,65.409,67.156,8301
2026-03-23 02:15:00,67.167,67.96,67.116,67.317,7970
2026-03-23 02:30:00,67.327,67.978,67.078,67.461,8069
2026-03-23 02:45:00,67.462,67.51,66.015,66.098,7501
2026-03-23 03:00:00,66.097,67.202,66.081,66.463,7675
2026-03-23 03:15:00,66.464,66.972,66.423,66.512,6012
2026-03-23 03:30:00,66.51,66.51,65.296,65.829,7002
2026-03-23 03:45:00,65.83,65.83,64.738,65.286,6994
2026-03-23 04:00:00,65.289,65.763,64.604,64.795,6292
2026-03-23 04:15:00,64.796,65.375,64.613,65.049,6836
2026-03-23 04:30:00,65.051,65.418,64.931,65.15,4297
2026-03-23 04:45:00,65.149,65.477,65.02,65.309,3344
2026-03-23 05:00:00,65.321,65.75,65.309,65.625,3987
2026-03-23 05:15:00,65.626,65.775,65.529,65.678,2853
2026-03-23 05:30:00,65.676,65.721,65.203,65.67,3555
2026-03-23 05:45:00,65.669,66.176,65.659,66.145,3761
2026-03-23 06:00:00,66.13,66.639,66.089,66.438,3540
2026-03-23 06:15:00,66.437,66.468,65.801,65.82,3467
2026-03-23 06:30:00,65.806,65.806,64.672,64.849,7148
2026-03-23 06:45:00,64.846,64.846,63.442,63.887,6340
2026-03-23 07:00:00,63.875,63.964,62.777,63.876,7327
2026-03-23 07:15:00,63.877,64.199,61.925,62.032,7350
2026-03-23 07:30:00,62.032,62.561,61.481,61.628,7959
2026-03-23 07:45:00,61.625,63.12,61.451,62.835,7333
2026-03-23 08:00:00,62.84,62.862,61.229,61.567,7274
2026-03-23 08:15:00,61.567,62.409,60.966,62.205,6866
2026-03-23 08:30:00,62.22,63.643,62.089,63.623,6147
2026-03-23 08:45:00,63.609,63.863,63.188,63.863,6547
2026-03-23 09:00:00,63.856,65.092,63.83,64.953,6433
2026-03-23 09:15:00,64.951,65.131,64.549,64.629,6354
2026-03-23 09:30:00,64.629,65.035,64.358,64.671,5181
2026-03-23 09:45:00,64.661,64.893,64.113,64.375,5091
2026-03-23 10:00:00,64.375,64.404,63.689,63.902,5147
2026-03-23 10:15:00,63.897,64.73,63.885,64.643,4781
2026-03-23 10:30:00,64.643,64.736,63.186,63.364,5889
2026-03-23 10:45:00,63.349,63.534,63.201,63.455,5425
2026-03-23 11:00:00,63.457,64.206,63.268,63.925,4786
2026-03-23 11:15:00,63.923,64.087,63.629,63.805,4193
2026-03-23 11:30:00,63.808,64.01,63.305,63.624,4451
2026-03-23 11:45:00,63.625,64.247,63.471,64.05,5707
2026-03-23 12:00:00,64.083,69.218,64.083,69.076,8213
2026-03-23 12:15:00,69.062,69.113,66.874,68.065,7324
2026-03-23 12:30:00,68.074,68.695,67.493,68.14,7163
2026-03-23 12:45:00,68.142,68.299,66.831,67.284,7307
2026-03-23 13:00:00,67.28,67.532,66.64,67.16,7194
2026-03-23 13:15:00,67.176,68.285,67.162,68.224,6920
2026-03-23 13:30:00,68.224,68.987,67.884,68.959,6864
2026-03-23 13:45:00,68.969,69.701,68.759,69.399,6842
2026-03-23 14:00:00,69.401,69.519,68.01,68.751,7887
2026-03-23 14:15:00,68.751,68.879,67.519,67.679,7050
2026-03-23 14:30:00,67.684,68.766,67.37,68.1,8837
2026-03-23 14:45:00,68.082,69.174,68.028,68.96,8077
2026-03-23 15:00:00,68.953,69.548,68.947,69.403,8014
2026-03-23 15:15:00,69.413,70.767,69.307,70.092,8062
2026-03-23 15:30:00,70.093,70.393,69.738,70.11,7802
2026-03-23 15:45:00,70.109,70.28,69.51,70.034,7464
2026-03-23 16:00:00,70.042,70.582,69.915,70.204,7865
2026-03-23 16:15:00,70.204,70.289,69.354,69.722,7843
2026-03-23 16:30:00,69.724,69.879,68.492,68.533,7651
2026-03-23 16:45:00,68.545,68.861,67.419,67.88,8325
2026-03-23 17:00:00,67.878,68.784,67.85,68.64,7975
2026-03-23 17:15:00,68.64,68.698,67.947,67.947,6876
2026-03-23 17:30:00,67.958,69.056,67.948,68.991,7686
2026-03-23 17:45:00,68.989,69.229,68.729,68.845,7182
2026-03-23 18:00:00,68.955,69.295,68.769,69.088,6313
2026-03-23 18:15:00,69.089,69.476,68.943,69.35,6727
2026-03-23 18:30:00,69.348,69.738,69.348,69.48,6777
2026-03-23 18:45:00,69.47,69.673,69.235,69.576,7076
2026-03-23 19:00:00,69.579,69.737,69.09,69.58,6777
2026-03-23 19:15:00,69.581,69.945,69.381,69.834,5926
2026-03-23 19:30:00,69.831,70.117,69.827,70.042,6101
2026-03-23 19:45:00,70.038,70.173,69.742,69.77,5855
2026-03-23 20:00:00,69.773,69.827,69.012,69.074,5426
2026-03-23 20:15:00,69.075,69.355,68.951,69.274,6064
2026-03-23 20:30:00,69.271,69.421,69.132,69.421,5726
2026-03-23 20:45:00,69.425,69.635,68.877,68.951,6994
2026-03-23 21:00:00,68.926,69.09,68.627,69.013,3322
2026-03-23 21:15:00,69.019,69.147,68.929,69.01,1533
2026-03-23 21:30:00,69.011,69.307,68.85,69.299,1517
2026-03-23 21:45:00,69.3,69.325,69.061,69.104,1246
2026-03-23 23:00:00,69.387,69.657,68.285,69.219,1874
2026-03-23 23:15:00,69.219,69.511,68.985,69.467,3692
2026-03-23 23:30:00,69.466,69.504,69.08,69.311,2304
2026-03-23 23:45:00,69.311,69.655,69.247,69.63,2372
2026-03-24 00:00:00,69.581,69.768,69.499,69.735,2064
2026-03-24 00:15:00,69.738,70.104,69.732,69.924,1708
2026-03-24 00:30:00,69.922,70.014,69.431,69.676,2352
2026-03-24 00:45:00,69.674,69.853,69.404,69.728,3304
2026-03-24 01:00:00,69.717,69.925,68.904,68.963,4459
2026-03-24 01:15:00,68.965,68.98,68.215,68.415,4738
2026-03-24 01:30:00,68.416,68.554,67.596,67.692,5985
2026-03-24 01:45:00,67.691,68.488,67.691,68.175,5685
2026-03-24 02:00:00,68.148,68.624,66.844,66.901,7562
2026-03-24 02:15:00,66.903,67.747,66.756,67.37,7288
2026-03-24 02:30:00,67.361,67.914,66.544,66.544,6700
2026-03-24 02:45:00,66.546,67.18,66.469,66.81,6165
2026-03-24 03:00:00,66.808,67.161,66.342,66.505,6694
2026-03-24 03:15:00,66.502,67.493,66.441,67.467,5795
2026-03-24 03:30:00,67.43,67.778,67.194,67.665,5988
2026-03-24 03:45:00,67.664,68.062,67.296,67.43,6523
2026-03-24 04:00:00,67.431,67.474,66.963,67.169,6470
2026-03-24 04:15:00,67.17,67.584,67.15,67.558,5797
2026-03-24 04:30:00,67.55,67.554,66.843,66.907,4306
2026-03-24 04:45:00,66.906,66.942,66.535,66.907,3938
2026-03-24 05:00:00,66.905,67.261,66.899,67.075,3034
2026-03-24 05:15:00,67.083,67.083,66.458,66.753,3843
2026-03-24 05:30:00,66.752,66.979,66.586,66.878,2445
2026-03-24 05:45:00,66.877,67.093,66.68,66.689,2817
2026-03-24 06:00:00,66.696,66.749,65.98,66.231,4379
2026-03-24 06:15:00,66.233,66.739,66.204,66.292,3748
2026-03-24 06:30:00,66.275,67.651,66.137,67.34,6803
2026-03-24 06:45:00,67.341,67.695,67.183,67.483,5056
2026-03-24 07:00:00,67.484,68.401,67.378,68.174,5590
2026-03-24 07:15:00,68.174,69.356,68.022,68.908,6265
2026-03-24 07:30:00,68.898,69.228,68.727,68.886,6409
2026-03-24 07:45:00,68.887,69.186,68.596,69.177,6027
2026-03-24 08:00:00,69.156,69.824,69.106,69.796,5618
2026-03-24 08:15:00,69.794,69.818,69.33,69.45,4449
2026-03-24 08:30:00,69.45,69.543,69.156,69.418,3942
2026-03-24 08:45:00,69.419,70.386,69.225,70.051,4696
2026-03-24 09:00:00,70.05,70.05,69.495,69.72,5815
2026-03-24 09:15:00,69.716,69.809,69.11,69.21,5442
2026-03-24 09:30:00,69.206,69.517,69.024,69.357,4545
2026-03-24 09:45:00,69.339,69.811,69.318,69.701,5103
2026-03-24 10:00:00,69.688,69.722,69.129,69.193,5450
2026-03-24 10:15:00,69.197,69.833,69.08,69.663,5234
2026-03-24 10:30:00,69.661,69.994,69.511,69.855,4232
2026-03-24 10:45:00,69.855,70.181,69.73,70.091,3730
2026-03-24 11:00:00,70.091,70.21,69.806,70.006,3987
2026-03-24 11:15:00,70.001,70.187,69.881,69.965,2958
2026-03-24 11:30:00,69.963,70.021,69.655,69.952,3697
2026-03-24 11:45:00,69.957,70.296,69.663,70.281,3600
2026-03-24 12:00:00,70.264,70.301,68.55,70.239,6451
2026-03-24 12:15:00,70.239,70.251,69.744,69.935,5120
2026-03-24 12:30:00,69.934,70.339,69.841,70.024,4221
2026-03-24 12:45:00,70.022,70.187,69.196,70.056,5152
2026-03-24 13:00:00,70.055,70.183,69.52,69.801,4485
2026-03-24 13:15:00,69.796,69.861,69.019,69.303,5587
2026-03-24 13:30:00,69.296,69.36,68.248,68.278,5943
2026-03-24 13:45:00,68.277,68.832,68.26,68.452,5822
2026-03-24 14:00:00,68.452,68.955,68.009,68.664,6782
2026-03-24 14:15:00,68.674,68.805,67.989,67.989,6877
2026-03-24 14:30:00,67.987,68.411,67.709,67.988,8249
2026-03-24 14:45:00,67.991,68.606,67.674,68.431,8433
2026-03-24 15:00:00,68.427,68.981,68.363,68.82,7652
2026-03-24 15:15:00,68.819,69.145,68.498,68.911,7384
2026-03-24 15:30:00,68.901,69.618,68.765,69.514,5597
2026-03-24 15:45:00,69.513,70.2,69.366,69.685,6336
2026-03-24 16:00:00,69.691,69.961,69.537,69.878,7145
2026-03-24 16:15:00,69.878,70.309,69.744,70.054,5860
2026-03-24 16:30:00,70.045,70.312,69.92,70.16,6221
2026-03-24 16:45:00,70.161,70.253,69.54,69.543,5958
2026-03-24 17:00:00,69.568,69.804,69.296,69.801,5977
2026-03-24 17:15:00,69.8,70.032,69.736,69.945,4834
2026-03-24 17:30:00,69.944,70.018,69.489,69.824,3461
2026-03-24 17:45:00,69.824,69.908,69.644,69.757,4134
2026-03-24 18:00:00,69.758,69.915,68.977,69.349,5704
2026-03-24 18:15:00,69.347,69.545,68.987,69.271,7273
2026-03-24 18:30:00,69.272,69.346,68.775,68.939,7333
2026-03-24 18:45:00,68.936,69.533,68.698,69.313,6528
2026-03-24 19:00:00,69.313,69.527,69.207,69.414,5208
2026-03-24 19:15:00,69.414,69.685,69.304,69.579,4209
2026-03-24 19:30:00,69.582,69.995,69.352,69.463,5370
2026-03-24 19:45:00,69.462,69.633,69.262,69.364,5342
2026-03-24 20:00:00,69.36,69.904,69.349,69.9,4228
2026-03-24 20:15:00,69.902,69.996,69.691,69.703,4377
2026-03-24 20:30:00,69.706,69.727,69.417,69.546,3761
2026-03-24 20:45:00,69.548,69.569,69.343,69.528,3944
2026-03-24 21:00:00,69.523,69.618,69.347,69.428,1289
2026-03-24 21:15:00,69.43,71.066,69.399,70.396,4356
2026-03-24 21:30:00,70.398,71.048,70.117,70.615,4914
2026-03-24 21:45:00,70.619,71.247,70.571,71.043,2793
2026-03-24 23:00:00,71.394,71.55,71.116,71.463,1692
2026-03-24 23:15:00,71.461,71.51,71.18,71.356,2788
2026-03-24 23:30:00,71.356,71.378,71.067,71.3,2253
2026-03-24 23:45:00,71.301,71.699,71.273,71.663,2343
2026-03-25 00:00:00,71.623,71.67,71.356,71.627,2190
2026-03-25 00:15:00,71.622,72.07,71.602,72.062,3217
2026-03-25 00:30:00,72.064,72.848,72.025,72.599,4528
2026-03-25 00:45:00,72.6,73.037,72.477,72.894,4311
2026-03-25 01:00:00,72.887,73.143,72.563,73.041,4282
2026-03-25 01:15:00,73.037,73.511,72.798,73.399,4308
2026-03-25 01:30:00,73.399,74.08,73.222,74.031,3842
2026-03-25 01:45:00,74.032,74.253,73.655,73.703,4454
2026-03-25 02:00:00,73.704,74.543,73.478,73.986,6464
2026-03-25 02:15:00,73.984,74.162,73.731,73.834,5629
2026-03-25 02:30:00,73.833,74.43,73.803,74.046,4819
2026-03-25 02:45:00,74.044,74.309,73.872,73.899,4192
2026-03-25 03:00:00,73.898,73.998,73.432,73.721,5980
2026-03-25 03:15:00,73.717,73.864,73.63,73.637,2948
2026-03-25 03:30:00,73.638,74.146,73.36,73.993,4532
2026-03-25 03:45:00,73.992,74.175,73.469,73.526,4977
2026-03-25 04:00:00,73.527,73.677,73.193,73.362,4217
2026-03-25 04:15:00,73.37,73.482,73.192,73.46,2688
2026-03-25 04:30:00,73.459,73.46,73.195,73.303,3236
2026-03-25 04:45:00,73.304,73.53,73.114,73.379,1948
2026-03-25 05:00:00,73.376,73.621,73.268,73.553,1552
2026-03-25 05:15:00,73.556,73.622,73.466,73.593,1261
2026-03-25 05:30:00,73.592,73.65,73.413,73.43,2269
2026-03-25 05:45:00,73.429,73.542,73.34,73.465,2119
2026-03-25 06:00:00,73.471,73.477,73.227,73.371,3368
2026-03-25 06:15:00,73.371,73.379,73.036,73.042,2981
2026-03-25 06:30:00,73.039,73.548,72.762,73.536,6558
2026-03-25 06:45:00,73.535,73.547,72.976,73.141,5585
2026-03-25 07:00:00,73.142,73.23,72.629,72.802,5803
2026-03-25 07:15:00,72.801,73.405,72.783,73.185,5074
2026-03-25 07:30:00,73.192,73.404,72.854,73.044,3919
2026-03-25 07:45:00,73.048,73.399,72.88,73.096,4929
2026-03-25 08:00:00,73.085,73.289,73.004,73.258,3242
2026-03-25 08:15:00,73.259,73.43,73.019,73.13,2770
2026-03-25 08:30:00,73.13,73.156,72.857,73.036,3024
2026-03-25 08:45:00,73.04,73.13,72.877,72.913,3165
2026-03-25 09:00:00,72.911,73.314,72.857,73.288,3284
2026-03-25 09:15:00,73.289,73.68,73.238,73.274,2842
2026-03-25 09:30:00,73.274,73.329,72.862,73.298,3378
2026-03-25 09:45:00,73.296,73.384,72.995,73.023,3967
2026-03-25 10:00:00,73.023,73.345,72.952,73.145,3823
2026-03-25 10:15:00,73.141,73.222,72.419,72.875,3608
2026-03-25 10:30:00,72.875,72.993,72.443,72.495,3685
2026-03-25 10:45:00,72.499,72.861,71.942,72.679,4573
2026-03-25 11:00:00,72.674,72.962,72.549,72.61,2410
2026-03-25 11:15:00,72.609,72.679,72.516,72.607,3484
2026-03-25 11:30:00,72.604,72.801,72.407,72.532,3624
2026-03-25 11:45:00,72.533,73.083,72.527,72.985,2963
2026-03-25 12:00:00,72.985,73.214,72.942,73.063,2283
2026-03-25 12:15:00,73.063,73.265,72.87,73.166,3280
2026-03-25 12:30:00,73.167,73.366,73.146,73.233,2595
2026-03-25 12:45:00,73.243,73.341,72.988,73.15,4690
2026-03-25 13:00:00,73.148,73.351,72.979,73.193,3267
2026-03-25 13:15:00,73.195,73.196,72.408,72.596,6938
2026-03-25 13:30:00,72.563,72.98,72.225,72.64,5384
2026-03-25 13:45:00,72.642,72.949,72.55,72.717,4203
2026-03-25 14:00:00,72.716,73.285,72.672,72.953,5411
2026-03-25 14:15:00,72.958,73.087,72.728,72.933,4479
2026-03-25 14:30:00,72.935,73.078,72.541,72.655,8029
2026-03-25 14:45:00,72.657,72.694,72.07,72.238,7842
2026-03-25 15:00:00,72.246,72.493,71.905,72.476,7848
2026-03-25 15:15:00,72.475,72.984,72.475,72.955,6611
2026-03-25 15:30:00,72.956,73.099,72.857,72.885,6294
2026-03-25 15:45:00,72.894,73.307,72.876,73.022,5743
2026-03-25 16:00:00,73.029,73.18,72.409,72.413,7324
2026-03-25 16:15:00,72.414,72.728,71.684,72.684,6688
2026-03-25 16:30:00,72.683,72.812,72.422,72.555,5054
2026-03-25 16:45:00,72.559,72.709,72.405,72.543,6218
2026-03-25 17:00:00,72.547,72.787,72.476,72.594,6996
2026-03-25 17:15:00,72.596,72.843,72.381,72.634,7276
2026-03-25 17:30:00,72.627,72.873,72.563,72.836,5957
2026-03-25 17:45:00,72.837,72.854,72.608,72.632,5752
2026-03-25 18:00:00,72.621,72.697,72.281,72.448,4172
2026-03-25 18:15:00,72.454,72.648,72.262,72.47,3532
2026-03-25 18:30:00,72.479,72.677,72.342,72.611,3239
2026-03-25 18:45:00,72.612,72.688,72.332,72.378,5355
2026-03-25 19:00:00,72.374,72.712,72.291,72.418,5787
2026-03-25 19:15:00,72.419,72.434,72.12,72.19,5030
2026-03-25 19:30:00,72.188,72.314,72.009,72.142,4266
2026-03-25 19:45:00,72.14,72.174,71.704,72.0,5898
2026-03-25 20:00:00,72.004,72.016,71.208,71.576,6348
2026-03-25 20:15:00,71.578,71.681,71.453,71.461,4919
2026-03-25 20:30:00,71.461,71.994,71.461,71.8,4548
2026-03-25 20:45:00,71.787,72.033,71.629,72.021,4089
2026-03-25 21:00:00,72.018,72.165,71.617,71.745,2253
2026-03-25 21:15:00,71.744,71.851,71.483,71.551,1869
2026-03-25 21:30:00,71.55,71.573,70.878,71.129,3252
2026-03-25 21:45:00,71.13,71.202,70.965,71.171,1493
2026-03-25 23:00:00,71.279,71.685,70.96,71.0,2193
2026-03-25 23:15:00,71.001,71.389,70.996,71.183,2656
2026-03-25 23:30:00,71.184,71.544,71.175,71.462,3015
2026-03-25 23:45:00,71.462,71.476,70.987,71.125,2702
2026-03-26 00:00:00,71.131,71.171,70.363,70.654,2544
2026-03-26 00:15:00,70.652,70.812,70.512,70.664,2124
2026-03-26 00:30:00,70.665,70.806,70.36,70.488,2794
2026-03-26 00:45:00,70.489,70.715,70.417,70.645,2928
2026-03-26 01:00:00,70.642,71.522,70.593,71.447,3658
2026-03-26 01:15:00,71.448,71.961,71.394,71.634,4035
2026-03-26 01:30:00,71.633,71.758,71.523,71.561,3440
2026-03-26 01:45:00,71.562,72.01,71.532,71.941,3535
2026-03-26 02:00:00,71.94,72.128,71.533,71.687,6266
2026-03-26 02:15:00,71.698,71.715,71.108,71.462,4802
2026-03-26 02:30:00,71.459,71.864,71.335,71.617,4551
2026-03-26 02:45:00,71.61,71.89,71.339,71.864,4926
2026-03-26 03:00:00,71.862,72.192,71.68,72.068,6078
2026-03-26 03:15:00,72.066,72.077,71.658,71.689,3680
2026-03-26 03:30:00,71.689,71.965,71.309,71.575,4241
2026-03-26 03:45:00,71.574,71.703,71.105,71.307,3045
2026-03-26 04:00:00,71.304,71.547,71.174,71.48,2890
2026-03-26 04:15:00,71.477,71.582,71.248,71.434,2379
2026-03-26 04:30:00,71.439,71.862,71.416,71.778,1817
2026-03-26 04:45:00,71.775,71.781,71.583,71.718,2023
2026-03-26 05:00:00,71.717,71.888,71.572,71.864,2053
2026-03-26 05:15:00,71.863,71.981,71.832,71.928,1245
2026-03-26 05:30:00,71.931,71.944,71.665,71.706,875
2026-03-26 05:45:00,71.707,71.838,71.638,71.697,1260
2026-03-26 06:00:00,71.704,71.763,71.151,71.21,1696
2026-03-26 06:15:00,71.211,71.323,70.533,70.673,3381
2026-03-26 06:30:00,70.674,70.961,70.463,70.595,6958
2026-03-26 06:45:00,70.598,70.643,69.307,69.322,5800
2026-03-26 07:00:00,69.337,69.822,69.213,69.248,6090
2026-03-26 07:15:00,69.263,69.899,69.002,69.867,5685
2026-03-26 07:30:00,69.862,69.946,69.469,69.906,4965
2026-03-26 07:45:00,69.909,70.046,69.785,69.968,4943
2026-03-26 08:00:00,69.97,70.052,69.066,69.267,4449
2026-03-26 08:15:00,69.279,69.648,69.08,69.489,3881
2026-03-26 08:30:00,69.484,69.798,69.352,69.584,4402
2026-03-26 08:45:00,69.583,69.798,69.322,69.354,4323
2026-03-26 09:00:00,69.352,69.577,69.036,69.144,5643
2026-03-26 09:15:00,69.146,69.244,68.258,68.332,5080
2026-03-26 09:30:00,68.347,68.65,67.774,67.94,5562
2026-03-26 09:45:00,67.938,68.526,67.882,68.197,5137
2026-03-26 10:00:00,68.194,68.246,67.798,68.158,4534
2026-03-26 10:15:00,68.157,68.238,67.871,67.948,3574
2026-03-26 10:30:00,67.948,68.033,67.635,67.92,3682
2026-03-26 10:45:00,67.918,68.021,67.68,68.006,3106
2026-03-26 11:00:00,68.011,68.292,67.87,67.956,3080
2026-03-26 11:15:00,67.961,68.435,67.927,68.249,3171
2026-03-26 11:30:00,68.246,68.47,67.635,67.795,3628
2026-03-26 11:45:00,67.795,68.049,67.675,68.049,2028
2026-03-26 12:00:00,68.015,68.361,67.981,68.101,3384
2026-03-26 12:15:00,68.106,68.109,67.697,67.902,2495
2026-03-26 12:30:00,67.9,68.258,67.825,68.013,3002
2026-03-26 12:45:00,68.013,68.042,66.915,67.267,4741
2026-03-26 13:00:00,67.272,67.955,67.078,67.881,4329
2026-03-26 13:15:00,67.881,68.063,67.711,67.723,4043
2026-03-26 13:30:00,67.723,67.766,67.47,67.506,3355
2026-03-26 13:45:00,67.506,67.804,67.364,67.436,3472
2026-03-26 14:00:00,67.431,68.448,67.299,68.253,4910
2026-03-26 14:15:00,68.253,68.705,68.142,68.578,4238
2026-03-26 14:30:00,68.578,68.984,68.185,68.984,7613
2026-03-26 14:45:00,68.979,69.296,68.71,69.22,7100
2026-03-26 15:00:00,69.221,69.326,68.708,68.978,6617
2026-03-26 15:15:00,68.976,69.537,68.915,69.304,6450
2026-03-26 15:30:00,69.293,69.701,69.034,69.09,6130
2026-03-26 15:45:00,69.082,69.253,68.59,69.134,6914
2026-03-26 16:00:00,69.134,69.318,68.838,68.909,6325
2026-03-26 16:15:00,68.913,69.233,68.78,68.895,5458
2026-03-26 16:30:00,68.895,68.895,68.451,68.587,4599
2026-03-26 16:45:00,68.589,68.894,68.356,68.491,6522
2026-03-26 17:00:00,68.487,68.598,68.24,68.405,4539
2026-03-26 17:15:00,68.395,68.408,67.24,67.584,6004
2026-03-26 17:30:00,67.574,67.626,67.075,67.522,7294
2026-03-26 17:45:00,67.522,67.938,67.475,67.726,5962
2026-03-26 18:00:00,67.723,68.144,67.693,67.861,4299
2026-03-26 18:15:00,67.861,67.985,67.548,67.676,4304
2026-03-26 18:30:00,67.687,67.812,67.432,67.517,4707
2026-03-26 18:45:00,67.51,67.541,67.143,67.269,4026
2026-03-26 19:00:00,67.262,67.535,67.26,67.436,4971
2026-03-26 19:15:00,67.432,67.437,66.687,66.942,5677
2026-03-26 19:30:00,66.943,67.593,66.904,67.576,5464
2026-03-26 19:45:00,67.575,67.741,67.511,67.623,5165
2026-03-26 20:00:00,67.629,67.779,67.22,67.425,3979
2026-03-26 20:15:00,67.422,67.661,67.348,67.388,3591
2026-03-26 20:30:00,67.398,67.781,67.246,67.41,3915
2026-03-26 20:45:00,67.411,67.432,66.947,67.135,5246
2026-03-26 21:00:00,67.139,69.01,67.022,68.902,4840
2026-03-26 21:15:00,68.9,68.973,68.132,68.449,6576
2026-03-26 21:30:00,68.457,68.803,68.267,68.544,4450
2026-03-26 21:45:00,68.543,68.649,67.981,68.084,3483
2026-03-26 23:00:00,68.237,68.564,68.172,68.48,1691
2026-03-26 23:15:00,68.489,68.664,68.448,68.538,1303
2026-03-26 23:30:00,68.525,69.014,68.48,68.885,1584
2026-03-26 23:45:00,68.885,68.994,68.742,68.855,1732
2026-03-27 00:00:00,68.91,68.947,68.491,68.513,2296
2026-03-27 00:15:00,68.51,68.572,68.335,68.545,1780
2026-03-27 00:30:00,68.546,68.935,68.487,68.729,1965
2026-03-27 00:45:00,68.728,68.802,68.573,68.644,1890
2026-03-27 01:00:00,68.645,69.076,68.636,68.693,2250
2026-03-27 01:15:00,68.694,68.725,68.042,68.235,3291
2026-03-27 01:30:00,68.236,68.422,67.813,67.978,2842
2026-03-27 01:45:00,67.979,67.986,67.37,67.529,3961
2026-03-27 02:00:00,67.53,68.281,67.392,68.073,5407
2026-03-27 02:15:00,68.07,68.326,67.894,68.323,3799
2026-03-27 02:30:00,68.318,68.678,68.279,68.62,5111
2026-03-27 02:45:00,68.617,68.662,68.313,68.624,3205
2026-03-27 03:00:00,68.632,69.067,68.632,68.859,3625
2026-03-27 03:15:00,68.851,68.961,68.581,68.879,3011
2026-03-27 03:30:00,68.881,68.904,68.512,68.638,3381
2026-03-27 03:45:00,68.639,68.969,68.551,68.58,4131
2026-03-27 04:00:00,68.579,68.745,68.362,68.612,4327
2026-03-27 04:15:00,68.611,69.297,68.571,69.212,3002
2026-03-27 04:30:00,69.213,69.55,69.105,69.336,3144
2026-03-27 04:45:00,69.337,69.468,69.252,69.374,1733
2026-03-27 05:00:00,69.377,69.41,69.162,69.187,1451
2026-03-27 05:15:00,69.186,69.333,69.153,69.264,1148
2026-03-27 05:30:00,69.271,69.512,69.271,69.489,948
2026-03-27 05:45:00,69.486,69.723,69.486,69.644,1174
2026-03-27 06:00:00,69.646,69.822,69.567,69.729,1567
2026-03-27 06:15:00,69.716,69.8,69.504,69.638,2013
2026-03-27 06:30:00,69.63,70.353,69.613,70.108,5206
2026-03-27 06:45:00,70.107,70.255,69.477,69.487,3163
2026-03-27 07:00:00,69.476,69.848,69.357,69.834,3566
2026-03-27 07:15:00,69.834,69.993,69.636,69.891,3272
2026-03-27 07:30:00,69.884,70.123,69.761,69.97,2935
2026-03-27 07:45:00,69.97,69.98,69.564,69.8,2799
2026-03-27 08:00:00,69.791,69.853,69.463,69.777,3262
2026-03-27 08:15:00,69.777,69.883,69.656,69.735,1990
2026-03-27 08:30:00,69.736,69.737,69.471,69.593,2385
2026-03-27 08:45:00,69.592,69.794,69.522,69.531,2603
2026-03-27 09:00:00,69.517,69.574,69.17,69.397,3428
2026-03-27 09:15:00,69.396,69.403,68.969,68.987,3516
2026-03-27 09:30:00,68.988,69.128,68.837,69.032,3451
2026-03-27 09:45:00,69.033,69.117,68.737,68.737,3623
2026-03-27 10:00:00,68.739,68.912,68.557,68.725,3227
2026-03-27 10:15:00,68.724,69.017,68.681,68.98,2495
2026-03-27 10:30:00,68.98,69.113,68.794,68.894,2381
2026-03-27 10:45:00,68.894,68.895,68.539,68.558,2606
2026-03-27 11:00:00,68.56,68.878,68.545,68.628,3682
2026-03-27 11:15:00,68.627,68.866,68.627,68.744,2737
2026-03-27 11:30:00,68.743,68.769,68.263,68.345,3504
2026-03-27 11:45:00,68.343,68.397,68.084,68.133,2738
2026-03-27 12:00:00,68.133,68.212,67.878,68.068,3824
2026-03-27 12:15:00,68.067,68.308,67.945,68.303,2937
2026-03-27 12:30:00,68.304,68.353,67.953,68.158,2525
2026-03-27 12:45:00,68.157,68.222,67.677,67.832,3342
2026-03-27 13:00:00,67.831,67.921,67.488,67.834,3826
2026-03-27 13:15:00,67.835,68.061,67.634,67.986,3972
2026-03-27 13:30:00,67.987,68.108,67.789,67.867,4468
2026-03-27 13:45:00,67.869,68.16,67.864,67.981,4286
2026-03-27 14:00:00,67.983,68.306,67.525,67.753,6837
2026-03-27 14:15:00,67.754,68.285,67.734,67.892,5274
2026-03-27 14:30:00,67.886,68.24,67.621,68.165,7792
2026-03-27 14:45:00,68.163,68.566,67.72,67.967,5914
2026-03-27 15:00:00,67.963,68.706,67.922,68.661,6660
2026-03-27 15:15:00,68.658,68.99,68.628,68.673,6121
2026-03-27 15:30:00,68.666,69.109,68.55,68.992,5773
2026-03-27 15:45:00,68.996,70.587,68.985,70.345,6697
2026-03-27 16:00:00,70.345,71.318,70.198,71.136,7679
2026-03-27 16:15:00,71.137,71.617,70.986,71.239,7767
2026-03-27 16:30:00,71.237,71.443,70.771,70.913,8358
2026-03-27 16:45:00,70.916,71.081,70.746,70.773,7542
2026-03-27 17:00:00,70.779,70.894,70.483,70.789,7729
2026-03-27 17:15:00,70.79,70.955,70.647,70.7,6925
2026-03-27 17:30:00,70.696,70.725,70.109,70.381,7586
2026-03-27 17:45:00,70.376,70.606,70.252,70.371,6328
2026-03-27 18:00:00,70.381,70.489,70.064,70.155,7098
2026-03-27 18:15:00,70.152,70.174,69.456,69.652,6049
2026-03-27 18:30:00,69.642,69.785,69.415,69.495,6226
2026-03-27 18:45:00,69.499,69.706,69.41,69.535,5353
2026-03-27 19:00:00,69.527,69.839,69.525,69.81,4062
2026-03-27 19:15:00,69.813,70.2,69.81,70.134,4759
2026-03-27 19:30:00,70.135,70.553,70.122,70.438,3536
2026-03-27 19:45:00,70.44,70.441,70.173,70.201,2754
2026-03-27 20:00:00,70.202,70.267,69.794,70.025,3254
2026-03-27 20:15:00,70.022,70.417,69.98,70.346,3942
2026-03-27 20:30:00,70.347,70.446,69.708,69.864,4272
2026-03-27 20:45:00,69.864,70.086,69.606,70.033,4462
2026-03-27 21:00:00,70.018,70.121,69.893,70.042,3258
2026-03-27 21:15:00,70.043,70.052,69.813,69.913,2519
2026-03-27 21:30:00,69.911,70.106,69.821,69.951,1982
2026-03-27 21:45:00,69.957,69.962,69.631,69.728,2416
2026-03-30 00:00:00,69.11,69.756,68.043,68.661,3653
2026-03-30 00:15:00,68.662,69.271,68.539,68.842,3316
2026-03-30 00:30:00,68.843,69.07,68.566,68.67,3163
2026-03-30 00:45:00,68.669,68.763,68.563,68.646,3633
2026-03-30 01:00:00,68.632,68.831,68.276,68.525,4014
2026-03-30 01:15:00,68.531,68.717,68.531,68.594,2931
2026-03-30 01:30:00,68.593,68.618,67.649,67.938,4336
2026-03-30 01:45:00,67.939,68.167,67.859,68.116,4130
2026-03-30 02:00:00,68.117,68.298,67.753,67.994,6102
2026-03-30 02:15:00,67.991,68.955,67.9,68.607,6626
2026-03-30 02:30:00,68.608,68.849,68.272,68.445,5807
2026-03-30 02:45:00,68.444,68.53,68.303,68.355,4769
2026-03-30 03:00:00,68.35,69.332,68.226,68.919,6906
2026-03-30 03:15:00,68.92,69.094,68.51,68.642,6176
2026-03-30 03:30:00,68.653,68.936,68.434,68.769,5658
2026-03-30 03:45:00,68.768,68.918,68.485,68.803,5325
2026-03-30 04:00:00,68.802,69.017,68.66,68.87,5980
2026-03-30 04:15:00,68.865,68.879,68.588,68.719,3386
2026-03-30 04:30:00,68.725,69.3,68.488,69.203,4160
2026-03-30 04:45:00,69.205,69.382,69.02,69.103,4078
2026-03-30 05:00:00,69.102,70.417,69.051,70.14,4593
2026-03-30 05:15:00,70.141,70.474,70.037,70.133,5242
2026-03-30 05:30:00,70.135,70.168,69.994,70.058,2271
2026-03-30 05:45:00,70.057,70.104,69.787,69.809,3302
2026-03-30 06:00:00,69.813,69.906,69.682,69.812,2175
2026-03-30 06:15:00,69.818,70.077,69.815,70.041,2608
2026-03-30 06:30:00,70.04,70.042,69.815,69.887,2975
2026-03-30 06:45:00,69.886,70.124,69.826,70.096,2447
2026-03-30 07:00:00,70.096,70.465,70.07,70.309,2501
2026-03-30 07:15:00,70.309,70.467,70.203,70.22,2307
2026-03-30 07:30:00,70.22,70.514,70.0,70.201,4713
2026-03-30 07:45:00,70.209,70.713,70.168,70.546,3579
2026-03-30 08:00:00,70.549,70.814,70.476,70.582,5133
2026-03-30 08:15:00,70.584,70.748,70.459,70.594,4988
2026-03-30 08:30:00,70.612,70.851,70.552,70.788,4865
2026-03-30 08:45:00,70.789,70.807,70.365,70.414,4495
2026-03-30 09:00:00,70.406,70.548,70.197,70.459,4200
2026-03-30 09:15:00,70.458,70.465,69.989,70.013,3436
2026-03-30 09:30:00,70.01,70.323,69.987,70.3,3902
2026-03-30 09:45:00,70.3,70.554,70.202,70.553,3019
2026-03-30 10:00:00,70.548,70.737,70.41,70.674,4037
2026-03-30 10:15:00,70.675,70.679,70.262,70.461,3395
2026-03-30 10:30:00,70.461,70.932,70.449,70.843,2832
2026-03-30 10:45:00,70.843,71.025,70.814,70.88,3110
2026-03-30 11:00:00,70.88,71.038,70.745,70.773,2762
2026-03-30 11:15:00,70.772,71.037,70.59,70.871,3436
2026-03-30 11:30:00,70.863,71.157,70.714,71.122,2593
2026-03-30 11:45:00,71.125,71.223,70.963,71.061,2881
2026-03-30 12:00:00,71.064,71.077,70.818,70.893,2274
2026-03-30 12:15:00,70.892,70.976,70.751,70.766,2107
2026-03-30 12:30:00,70.766,70.864,70.707,70.857,2011
2026-03-30 12:45:00,70.858,70.879,70.657,70.724,2010
2026-03-30 13:00:00,70.724,71.061,70.577,71.019,2495
2026-03-30 13:15:00,71.019,71.337,70.956,71.158,3617
2026-03-30 13:30:00,71.164,71.342,70.824,71.342,4671
2026-03-30 13:45:00,71.342,71.62,71.119,71.285,4698
2026-03-30 14:00:00,71.283,71.285,70.879,71.219,4146
2026-03-30 14:15:00,71.221,71.441,71.112,71.193,4035
2026-03-30 14:30:00,71.191,71.587,71.16,71.429,3893
2026-03-30 14:45:00,71.431,71.46,71.288,71.327,4037
2026-03-30 15:00:00,71.341,71.729,71.086,71.169,5666
2026-03-30 15:15:00,71.168,71.259,70.995,71.17,4307
2026-03-30 15:30:00,71.17,71.341,70.43,70.559,8415
2026-03-30 15:45:00,70.558,70.566,70.006,70.227,7770
2026-03-30 16:00:00,70.225,70.779,70.212,70.697,6650
2026-03-30 16:15:00,70.696,70.713,70.285,70.365,6956
2026-03-30 16:30:00,70.366,70.735,70.335,70.493,5370
2026-03-30 16:45:00,70.493,70.968,70.426,70.936,6314
2026-03-30 17:00:00,70.934,71.058,70.765,70.838,5884
2026-03-30 17:15:00,70.839,70.985,70.624,70.963,5827
2026-03-30 17:30:00,70.965,71.166,70.857,71.151,3709
2026-03-30 17:45:00,71.156,71.227,70.977,70.994,3846
2026-03-30 18:00:00,70.993,71.021,70.683,70.936,3681
2026-03-30 18:15:00,70.935,71.004,70.646,70.669,3162
2026-03-30 18:30:00,70.668,70.936,70.586,70.929,3271
2026-03-30 18:45:00,70.93,70.942,70.513,70.556,3367
2026-03-30 19:00:00,70.555,70.651,70.29,70.356,5616
2026-03-30 19:15:00,70.354,70.562,70.28,70.507,5983
2026-03-30 19:30:00,70.507,70.562,70.258,70.545,4393
2026-03-30 19:45:00,70.545,70.647,70.34,70.423,4207
2026-03-30 20:00:00,70.422,70.563,70.204,70.412,3447
2026-03-30 20:15:00,70.411,70.425,70.076,70.188,3001
2026-03-30 20:30:00,70.186,70.41,70.176,70.341,2698
2026-03-30 20:45:00,70.339,70.427,69.865,69.889,2692
2026-03-30 21:00:00,69.888,69.987,69.627,69.726,4496
2026-03-30 21:15:00,69.727,69.906,69.614,69.839,4025
2026-03-30 21:30:00,69.839,70.127,69.734,69.941,3805
2026-03-30 21:45:00,69.942,70.26,69.902,70.163,4024
2026-03-30 22:00:00,70.161,70.208,69.904,70.189,1463
2026-03-30 22:15:00,70.189,70.197,69.933,69.986,805
2026-03-30 22:30:00,69.987,70.023,69.875,69.957,766
2026-03-30 22:45:00,69.959,70.08,69.927,70.036,835
2026-03-31 00:00:00,70.269,70.387,70.005,70.047,1451
2026-03-31 00:15:00,70.047,70.132,69.856,70.07,1382
2026-03-31 00:30:00,70.063,70.13,69.9,69.903,715
2026-03-31 00:45:00,69.912,70.059,69.893,69.934,933
2026-03-31 01:00:00,69.934,69.934,69.53,69.625,2298
2026-03-31 01:15:00,69.625,69.861,69.601,69.785,1537
2026-03-31 01:30:00,69.786,69.964,69.665,69.946,1563
2026-03-31 01:45:00,69.947,70.02,69.854,69.926,2036
2026-03-31 02:00:00,69.922,70.22,69.799,69.831,4623
2026-03-31 02:15:00,69.833,69.889,69.006,69.556,4847
2026-03-31 02:30:00,69.561,70.412,69.388,70.382,5297
2026-03-31 02:45:00,70.384,70.673,70.128,70.645,6160
2026-03-31 03:00:00,70.645,70.93,70.422,70.789,6316
2026-03-31 03:15:00,70.801,71.841,70.764,71.84,6520
2026-03-31 03:30:00,71.844,73.457,71.843,73.432,7279
2026-03-31 03:45:00,73.431,73.452,72.69,72.868,6172
2026-03-31 04:00:00,72.88,72.9,72.461,72.626,6136
2026-03-31 04:15:00,72.627,72.827,72.302,72.385,4260
2026-03-31 04:30:00,72.376,72.498,72.16,72.372,5094
2026-03-31 04:45:00,72.371,72.415,71.82,71.92,4873
2026-03-31 05:00:00,71.905,72.39,71.866,72.175,4606
2026-03-31 05:15:00,72.174,72.205,71.845,72.011,4727
2026-03-31 05:30:00,72.012,72.114,71.839,71.876,2732
2026-03-31 05:45:00,71.872,72.067,71.861,71.969,3372
2026-03-31 06:00:00,71.979,72.139,71.944,71.972,3002
2026-03-31 06:15:00,71.969,72.197,71.969,72.034,1997
2026-03-31 06:30:00,72.032,72.26,72.007,72.228,1879
2026-03-31 06:45:00,72.233,72.273,72.071,72.186,2125
2026-03-31 07:00:00,72.182,72.301,71.579,71.579,2697
2026-03-31 07:15:00,71.58,72.095,71.55,71.95,3976
2026-03-31 07:30:00,71.949,72.454,71.66,72.328,5913
2026-03-31 07:45:00,72.327,72.507,72.077,72.122,4104
2026-03-31 08:00:00,72.122,72.135,71.838,71.924,4147
2026-03-31 08:15:00,71.925,72.093,71.749,71.915,3941
2026-03-31 08:30:00,71.914,72.17,71.869,72.009,4204
2026-03-31 08:45:00,72.011,72.177,71.959,72.045,4017
2026-03-31 09:00:00,72.046,72.393,71.979,72.017,3459
2026-03-31 09:15:00,72.016,72.173,71.608,72.128,3859
2026-03-31 09:30:00,72.127,72.714,72.113,72.692,3557
2026-03-31 09:45:00,72.693,73.109,72.611,73.062,2899
2026-03-31 10:00:00,73.039,73.278,72.838,72.887,4045
2026-03-31 10:15:00,72.886,73.088,72.883,73.059,3704
2026-03-31 10:30:00,73.058,73.28,72.951,73.01,3002
2026-03-31 10:45:00,73.009,73.259,73.005,73.079,3031
2026-03-31 11:00:00,73.083,73.316,73.018,73.128,2569
2026-03-31 11:15:00,73.127,73.334,73.015,73.071,3289
2026-03-31 11:30:00,73.069,73.084,72.83,72.897,3159
2026-03-31 11:45:00,72.898,73.003,72.67,72.76,2538
2026-03-31 12:00:00,72.759,73.126,72.751,73.015,2721
2026-03-31 12:15:00,73.016,73.025,72.727,72.808,2050
2026-03-31 12:30:00,72.807,72.817,72.26,72.532,3173
2026-03-31 12:45:00,72.532,72.72,72.364,72.614,3354
2026-03-31 13:00:00,72.625,73.115,72.487,72.666,4749
2026-03-31 13:15:00,72.659,73.268,72.571,73.028,5646
2026-03-31 13:30:00,73.025,73.279,72.799,73.22,4423
2026-03-31 13:45:00,73.224,73.309,72.962,73.114,4457
2026-03-31 14:00:00,73.117,73.501,72.878,72.881,5073
2026-03-31 14:15:00,72.879,73.119,72.688,73.106,4995
2026-03-31 14:30:00,73.098,73.24,72.858,72.932,3280
2026-03-31 14:45:00,72.932,72.954,72.632,72.832,2938
2026-03-31 15:00:00,72.841,73.135,72.514,73.054,5494
2026-03-31 15:15:00,73.053,73.138,72.647,72.693,4390
2026-03-31 15:30:00,72.694,73.145,72.566,72.938,7168
2026-03-31 15:45:00,72.947,73.54,72.947,73.38,5883
2026-03-31 16:00:00,73.382,74.001,73.336,73.96,6221
2026-03-31 16:15:00,73.955,74.098,73.618,74.028,5866
2026-03-31 16:30:00,74.031,74.156,73.473,73.623,6328
2026-03-31 16:45:00,73.624,73.761,72.938,73.139,7042
2026-03-31 17:00:00,73.136,73.845,73.135,73.815,4905
2026-03-31 17:15:00,73.816,73.93,73.544,73.552,4997
2026-03-31 17:30:00,73.556,73.762,73.425,73.736,5052
2026-03-31 17:45:00,73.729,73.958,73.596,73.676,5079
2026-03-31 18:00:00,73.681,73.973,73.617,73.817,4249
2026-03-31 18:15:00,73.814,73.975,73.723,73.931,3663
2026-03-31 18:30:00,73.932,75.031,73.874,74.737,5381
2026-03-31 18:45:00,74.709,74.893,74.297,74.553,7305
2026-03-31 19:00:00,74.553,75.11,74.454,74.658,6319
2026-03-31 19:15:00,74.658,74.749,74.424,74.494,5721
2026-03-31 19:30:00,74.495,74.926,74.489,74.759,6392
2026-03-31 19:45:00,74.756,74.956,74.708,74.806,4677
2026-03-31 20:00:00,74.801,75.135,74.797,75.094,3931
2026-03-31 20:15:00,75.093,75.148,74.844,74.979,4518
2026-03-31 20:30:00,74.976,75.159,74.827,74.898,3735
2026-03-31 20:45:00,74.902,75.048,74.78,74.947,2978
2026-03-31 21:00:00,74.946,75.124,74.797,75.038,4239
2026-03-31 21:15:00,75.038,75.168,74.942,74.991,3740
2026-03-31 21:30:00,74.992,75.234,74.968,75.175,3759
2026-03-31 21:45:00,75.176,75.288,75.026,75.26,3781
2026-03-31 22:00:00,75.262,75.318,74.998,75.227,2126
2026-03-31 22:15:00,75.227,75.313,75.122,75.14,1189
2026-03-31 22:30:00,75.142,75.349,75.102,75.146,1256
2026-03-31 22:45:00,75.147,75.247,75.074,75.137,787
2026-04-01 00:00:00,75.378,75.468,75.03,75.297,1392
2026-04-01 00:15:00,75.297,75.488,75.141,75.309,1790
2026-04-01 00:30:00,75.308,75.538,75.174,75.371,2511
2026-04-01 00:45:00,75.371,75.408,75.103,75.208,2187
2026-04-01 01:00:00,75.212,75.249,75.055,75.128,1186
2026-04-01 01:15:00,75.135,75.188,74.924,74.987,1833
2026-04-01 01:30:00,74.985,75.067,74.798,74.889,2270
2026-04-01 01:45:00,74.889,75.085,74.859,74.86,2048
2026-04-01 02:00:00,74.86,75.045,74.791,74.956,4118
2026-04-01 02:15:00,74.955,75.183,74.868,75.178,3438
2026-04-01 02:30:00,75.176,75.19,74.632,74.887,3120
2026-04-01 02:45:00,74.885,75.127,74.772,75.125,3147
2026-04-01 03:00:00,75.124,75.611,74.858,75.255,5575
2026-04-01 03:15:00,75.257,75.257,74.357,74.819,6384
2026-04-01 03:30:00,74.817,74.817,74.231,74.465,5334
2026-04-01 03:45:00,74.464,74.596,74.317,74.552,4550
2026-04-01 04:00:00,74.553,74.824,74.461,74.661,4898
2026-04-01 04:15:00,74.66,74.764,74.438,74.505,3100
2026-04-01 04:30:00,74.506,74.522,73.967,74.146,4185
2026-04-01 04:45:00,74.145,74.273,73.897,73.984,3582
2026-04-01 05:00:00,73.983,74.261,73.967,74.151,4118
2026-04-01 05:15:00,74.152,74.25,74.007,74.085,3084
2026-04-01 05:30:00,74.084,74.134,74.002,74.131,2685
2026-04-01 05:45:00,74.13,74.161,73.981,74.012,2060
2026-04-01 06:00:00,74.012,74.025,73.782,73.821,1584
2026-04-01 06:15:00,73.821,73.993,73.744,73.958,1596
2026-04-01 06:30:00,73.959,74.132,73.819,74.116,1886
2026-04-01 06:45:00,74.115,74.346,74.044,74.155,1352
2026-04-01 07:00:00,74.156,74.417,74.148,74.382,1931
2026-04-01 07:15:00,74.38,74.556,74.301,74.544,2673
2026-04-01 07:30:00,74.545,74.788,74.473,74.771,4237
2026-04-01 07:45:00,74.772,74.816,73.986,74.132,3627
2026-04-01 08:00:00,74.133,74.689,74.089,74.687,4107
2026-04-01 08:15:00,74.685,75.039,74.558,74.999,3558
2026-04-01 08:30:00,74.997,75.115,74.777,74.899,4813
2026-04-01 08:45:00,74.9,75.374,74.9,75.319,4192
2026-04-01 09:00:00,75.322,75.349,74.919,75.017,2657
2026-04-01 09:15:00,75.012,75.012,74.735,74.801,2594
2026-04-01 09:30:00,74.803,75.007,74.62,74.687,2708
2026-04-01 09:45:00,74.686,74.69,73.889,73.982,3769
2026-04-01 10:00:00,74.006,74.428,73.932,74.176,3030
2026-04-01 10:15:00,74.176,74.627,74.106,74.404,2936
2026-04-01 10:30:00,74.404,74.658,74.329,74.553,2228
2026-04-01 10:45:00,74.554,74.661,74.369,74.416,2517
2026-04-01 11:00:00,74.415,74.539,74.243,74.365,2950
2026-04-01 11:15:00,74.367,74.406,74.129,74.242,2401
2026-04-01 11:30:00,74.24,74.383,74.152,74.32,2653
2026-04-01 11:45:00,74.321,74.614,74.319,74.45,3979
2026-04-01 12:00:00,74.45,74.619,74.293,74.369,3130
2026-04-01 12:15:00,74.369,74.619,74.311,74.604,3144
2026-04-01 12:30:00,74.603,74.809,74.538,74.805,1849
2026-04-01 12:45:00,74.804,74.912,74.683,74.863,2973
2026-04-01 13:00:00,74.866,75.039,74.765,74.994,2083
2026-04-01 13:15:00,74.995,75.151,74.94,75.088,2380
2026-04-01 13:30:00,75.099,75.281,75.055,75.253,2900
2026-04-01 13:45:00,75.252,75.438,75.142,75.142,2812
2026-04-01 14:00:00,75.146,75.17,74.892,74.928,3866
2026-04-01 14:15:00,74.933,74.998,74.655,74.939,3750
2026-04-01 14:30:00,74.94,75.492,74.843,75.332,3517
2026-04-01 14:45:00,75.331,75.44,74.624,74.669,6664
2026-04-01 15:00:00,74.66,74.954,74.387,74.824,5543
2026-04-01 15:15:00,74.813,75.103,74.749,75.039,4957
2026-04-01 15:30:00,75.032,75.405,74.739,74.86,7096
2026-04-01 15:45:00,74.874,74.972,74.589,74.704,7294
2026-04-01 16:00:00,74.703,74.898,74.424,74.731,6695
2026-04-01 16:15:00,74.73,75.2,74.614,74.91,6509
2026-04-01 16:30:00,74.914,75.245,74.62,75.22,5385
2026-04-01 16:45:00,75.221,75.489,75.091,75.372,5510
2026-04-01 17:00:00,75.371,75.594,75.309,75.477,4998
2026-04-01 17:15:00,75.476,75.673,75.336,75.351,3879
2026-04-01 17:30:00,75.354,75.791,75.252,75.77,4497
2026-04-01 17:45:00,75.771,75.802,75.647,75.689,4116
2026-04-01 18:00:00,75.691,75.828,75.454,75.467,3948
2026-04-01 18:15:00,75.466,75.666,75.428,75.493,3356
2026-04-01 18:30:00,75.496,75.76,75.48,75.758,2624
2026-04-01 18:45:00,75.757,75.866,75.708,75.865,1778
2026-04-01 19:00:00,75.869,76.0,75.821,75.914,2741
2026-04-01 19:15:00,75.917,76.045,75.776,75.988,2791
2026-04-01 19:30:00,75.982,76.108,75.873,76.032,3617
2026-04-01 19:45:00,76.032,76.097,75.83,75.885,3021
2026-04-01 20:00:00,75.884,75.898,75.526,75.623,4295
2026-04-01 20:15:00,75.622,75.643,75.078,75.127,6133
2026-04-01 20:30:00,75.132,75.532,74.907,75.367,5305
2026-04-01 20:45:00,75.371,75.401,75.101,75.193,4764
2026-04-01 21:00:00,75.195,75.387,75.13,75.251,3921
2026-04-01 21:15:00,75.255,75.509,75.241,75.453,4111
2026-04-01 21:30:00,75.456,75.668,75.35,75.491,4015
2026-04-01 21:45:00,75.492,75.505,75.136,75.238,4446
2026-04-01 22:00:00,75.238,75.372,75.065,75.371,1112
2026-04-01 22:15:00,75.372,75.385,75.161,75.182,1039
2026-04-01 22:30:00,75.183,75.212,75.001,75.121,867
2026-04-01 22:45:00,75.12,75.199,74.956,75.033,740
2026-04-02 00:00:00,74.88,75.935,74.056,74.717,399
2026-04-02 00:15:00,74.721,75.075,74.331,75.038,278
2026-04-02 00:30:00,75.038,75.3,75.015,75.232,1581
2026-04-02 00:45:00,75.231,75.425,75.223,75.31,1648
2026-04-02 01:00:00,75.31,75.692,75.26,75.68,1763
2026-04-02 01:15:00,75.68,75.803,75.642,75.662,1524
2026-04-02 01:30:00,75.661,75.765,75.527,75.533,1607
2026-04-02 01:45:00,75.532,75.546,75.236,75.299,1743
2026-04-02 02:00:00,75.297,75.78,75.214,75.775,3406
2026-04-02 02:15:00,75.774,75.853,75.577,75.595,2128
2026-04-02 02:30:00,75.595,75.79,75.414,75.644,2438
2026-04-02 02:45:00,75.644,75.781,75.37,75.501,2707
2026-04-02 03:00:00,75.488,75.575,73.323,74.459,7649
2026-04-02 03:15:00,74.464,74.523,72.937,73.047,8013
2026-04-02 03:30:00,73.022,73.233,72.298,72.772,7511
2026-04-02 03:45:00,72.777,73.245,72.448,72.99,5969
2026-04-02 04:00:00,72.972,73.053,72.454,72.622,6629
2026-04-02 04:15:00,72.624,73.081,72.552,72.562,5351
2026-04-02 04:30:00,72.563,72.571,71.519,72.131,6033
2026-04-02 04:45:00,72.134,72.422,72.028,72.25,4296
2026-04-02 05:00:00,72.245,72.299,71.926,72.196,4622
2026-04-02 05:15:00,72.196,72.421,72.075,72.237,2895
2026-04-02 05:30:00,72.242,72.348,72.073,72.197,2493
2026-04-02 05:45:00,72.198,72.241,72.017,72.158,2220
2026-04-02 06:00:00,72.155,72.245,71.681,71.902,3071
2026-04-02 06:15:00,71.884,72.0,71.673,71.752,2756
2026-04-02 06:30:00,71.752,71.869,71.56,71.656,2140
2026-04-02 06:45:00,71.66,71.995,71.583,71.983,2303
2026-04-02 07:00:00,71.991,72.057,71.723,71.739,2318
2026-04-02 07:15:00,71.749,71.989,71.735,71.893,2236
2026-04-02 07:30:00,71.891,71.921,70.682,70.793,5742
2026-04-02 07:45:00,70.794,70.964,70.253,70.708,5943
2026-04-02 08:00:00,70.709,70.848,69.613,70.028,6106
2026-04-02 08:15:00,70.025,70.442,70.0,70.364,4416
2026-04-02 08:30:00,70.361,70.568,70.219,70.5,5203
2026-04-02 08:45:00,70.49,70.834,70.385,70.645,4803
2026-04-02 09:00:00,70.64,70.883,70.575,70.806,3493
2026-04-02 09:15:00,70.804,71.171,70.778,71.098,3618
2026-04-02 09:30:00,71.099,71.339,71.076,71.33,2706
2026-04-02 09:45:00,71.328,71.567,71.319,71.562,2033
2026-04-02 10:00:00,71.546,71.711,71.389,71.71,3353
2026-04-02 10:15:00,71.705,71.736,71.39,71.488,3362
2026-04-02 10:30:00,71.489,71.668,71.436,71.45,3458
2026-04-02 10:45:00,71.452,71.549,71.163,71.189,3400
2026-04-02 11:00:00,71.188,71.33,71.052,71.266,2702
2026-04-02 11:15:00,71.264,71.528,71.23,71.299,2569
2026-04-02 11:30:00,71.306,71.346,71.162,71.223,2038
2026-04-02 11:45:00,71.219,71.255,70.997,71.012,2130
2026-04-02 12:00:00,71.011,71.307,70.98,71.025,3060
2026-04-02 12:15:00,71.01,71.137,70.586,70.768,3263
2026-04-02 12:30:00,70.767,70.882,70.557,70.77,2236
2026-04-02 12:45:00,70.774,71.051,70.73,70.878,1939
2026-04-02 13:00:00,70.877,71.108,70.773,71.052,2507
2026-04-02 13:15:00,71.055,71.117,70.806,70.822,3309
2026-04-02 13:30:00,70.823,70.906,70.235,70.444,3127
2026-04-02 13:45:00,70.443,70.713,70.301,70.604,3803
2026-04-02 14:00:00,70.606,70.866,70.402,70.569,4078
2026-04-02 14:15:00,70.583,70.979,70.507,70.74,4125
2026-04-02 14:30:00,70.737,70.87,70.492,70.567,2662
2026-04-02 14:45:00,70.566,70.719,70.058,70.096,4056
2026-04-02 15:00:00,70.095,70.428,69.534,69.783,6699
2026-04-02 15:15:00,69.782,70.292,69.722,70.206,5487
2026-04-02 15:30:00,70.212,70.603,70.132,70.59,7811
2026-04-02 15:45:00,70.589,71.478,70.545,71.4,6595
2026-04-02 16:00:00,71.402,71.808,71.092,71.489,6557
2026-04-02 16:15:00,71.49,71.971,71.465,71.701,6621
2026-04-02 16:30:00,71.701,73.117,71.657,72.946,8099
2026-04-02 16:45:00,72.938,72.948,72.357,72.661,8344
2026-04-02 17:00:00,72.667,72.709,72.193,72.415,7953
2026-04-02 17:15:00,72.417,72.749,71.93,72.138,7029
2026-04-02 17:30:00,72.139,72.377,72.018,72.116,6468
2026-04-02 17:45:00,72.121,72.156,71.638,71.932,6053
2026-04-02 18:00:00,71.933,72.199,71.839,72.006,5647
2026-04-02 18:15:00,72.005,72.1,71.675,71.897,6152
2026-04-02 18:30:00,71.898,72.446,71.894,72.244,5667
2026-04-02 18:45:00,72.246,72.609,72.213,72.345,3464
2026-04-02 19:00:00,72.344,72.718,72.336,72.692,4718
2026-04-02 19:15:00,72.691,72.913,72.369,72.386,3616
2026-04-02 19:30:00,72.384,72.505,72.272,72.474,3337
2026-04-02 19:45:00,72.475,72.491,72.218,72.284,3694
2026-04-02 20:00:00,72.29,72.653,72.284,72.522,3239
2026-04-02 20:15:00,72.522,72.597,72.331,72.469,4218
2026-04-02 20:30:00,72.467,72.658,72.384,72.607,3115
2026-04-02 20:45:00,72.605,72.807,72.583,72.724,4217
2026-04-02 21:00:00,72.725,72.95,72.684,72.712,3849
2026-04-02 21:15:00,72.715,72.881,72.434,72.449,4038
2026-04-02 21:30:00,72.448,72.606,72.372,72.521,3907
2026-04-02 21:45:00,72.521,72.781,72.52,72.647,2956
2026-04-02 22:00:00,72.644,72.768,72.598,72.706,954
2026-04-02 22:15:00,72.706,72.823,72.623,72.81,1558
2026-04-02 22:30:00,72.811,72.998,72.804,72.951,1224
2026-04-02 22:45:00,72.952,73.018,72.849,73.008,1301
2026-04-06 00:00:00,72.528,73.006,71.138,71.852,2144
2026-04-06 00:15:00,71.852,71.987,71.681,71.783,1923
2026-04-06 00:30:00,71.785,72.025,71.727,71.916,1933
2026-04-06 00:45:00,71.913,72.169,71.632,72.027,2745
2026-04-06 01:00:00,72.035,72.217,71.864,72.028,2061
2026-04-06 01:15:00,72.029,72.115,71.668,71.668,1271
2026-04-06 01:30:00,71.676,71.863,71.506,71.584,1278
2026-04-06 01:45:00,71.584,71.779,71.584,71.651,2041
2026-04-06 02:00:00,71.65,72.486,71.578,72.387,3630
2026-04-06 02:15:00,72.388,72.466,71.756,71.807,2691
2026-04-06 02:30:00,71.81,72.385,71.807,72.272,1900
2026-04-06 02:45:00,72.272,72.36,72.064,72.23,1844
2026-04-06 03:00:00,72.235,72.48,72.234,72.351,1932
2026-04-06 03:15:00,72.351,72.375,71.965,72.28,1873
2026-04-06 03:30:00,72.277,72.291,71.973,72.146,2689
2026-04-06 03:45:00,72.148,72.166,71.797,71.906,1797
2026-04-06 04:00:00,71.908,72.163,71.717,72.043,2712
2026-04-06 04:15:00,72.048,73.144,72.034,72.753,2837
2026-04-06 04:30:00,72.753,72.892,72.384,72.572,3101
2026-04-06 04:45:00,72.571,72.65,72.299,72.316,2570
2026-04-06 05:00:00,72.317,72.321,71.91,71.993,3092
2026-04-06 05:15:00,72.0,72.093,71.724,71.915,2783
2026-04-06 05:30:00,71.912,71.926,71.695,71.889,1909
2026-04-06 05:45:00,71.888,71.975,71.817,71.956,1906
2026-04-06 06:00:00,71.958,72.223,71.954,72.04,2193
2026-04-06 06:15:00,72.041,72.136,71.982,72.115,1747
2026-04-06 06:30:00,72.116,72.249,72.04,72.187,1476
2026-04-06 06:45:00,72.183,72.427,72.126,72.418,1082
2026-04-06 07:00:00,72.42,72.729,72.415,72.65,2045
2026-04-06 07:15:00,72.651,72.773,72.458,72.462,2714
2026-04-06 07:30:00,72.47,72.537,72.301,72.31,1534
2026-04-06 07:45:00,72.311,72.457,72.166,72.172,2670
2026-04-06 08:00:00,72.172,72.344,71.898,72.328,2158
2026-04-06 08:15:00,72.323,72.365,72.133,72.201,1986
2026-04-06 08:30:00,72.201,72.284,72.087,72.231,2389
2026-04-06 08:45:00,72.233,72.502,72.13,72.476,3647
2026-04-06 09:00:00,72.475,72.501,71.998,72.071,2948
2026-04-06 09:15:00,72.069,72.191,71.709,71.819,3250
2026-04-06 09:30:00,71.821,72.273,71.76,72.25,2674
2026-04-06 09:45:00,72.252,72.627,72.237,72.48,3865
2026-04-06 10:00:00,72.48,72.775,72.433,72.638,2823
2026-04-06 10:15:00,72.639,72.907,72.55,72.783,2708
2026-04-06 10:30:00,72.77,73.043,72.746,73.012,2440
2026-04-06 10:45:00,73.011,73.172,72.994,73.128,1835
2026-04-06 11:00:00,73.125,73.413,73.125,73.396,2602
2026-04-06 11:15:00,73.396,73.52,73.31,73.486,2335
2026-04-06 11:30:00,73.484,73.543,73.402,73.511,1858
2026-04-06 11:45:00,73.511,73.526,72.98,73.044,3543
2026-04-06 12:00:00,73.044,73.253,72.982,73.081,2664
2026-04-06 12:15:00,73.082,73.181,72.958,73.052,2008
2026-04-06 12:30:00,73.051,73.299,73.032,73.231,3019
2026-04-06 12:45:00,73.232,73.332,72.923,73.247,4494
2026-04-06 13:00:00,73.251,73.524,73.209,73.225,3250
2026-04-06 13:15:00,73.224,73.327,73.109,73.255,2703
2026-04-06 13:30:00,73.257,73.423,73.18,73.272,2250
2026-04-06 13:45:00,73.268,73.41,73.212,73.252,2194
2026-04-06 14:00:00,73.251,73.548,73.155,73.173,2436
2026-04-06 14:15:00,73.173,73.195,72.816,73.015,2868
2026-04-06 14:30:00,73.017,73.453,72.991,73.341,2745
2026-04-06 14:45:00,73.343,73.413,72.984,73.061,2784
2026-04-06 15:00:00,73.059,73.159,72.793,72.834,4240
2026-04-06 15:15:00,72.833,72.921,72.504,72.747,3049
2026-04-06 15:30:00,72.747,73.001,72.438,72.448,6833
2026-04-06 15:45:00,72.451,72.831,72.254,72.697,6192
2026-04-06 16:00:00,72.749,73.026,72.184,72.601,6877
2026-04-06 16:15:00,72.6,72.919,72.462,72.884,6894
2026-04-06 16:30:00,72.883,73.003,72.483,72.777,7350
2026-04-06 16:45:00,72.778,72.918,72.575,72.797,6613
2026-04-06 17:00:00,72.799,72.835,72.231,72.333,6056
2026-04-06 17:15:00,72.326,72.402,72.04,72.359,5105
2026-04-06 17:30:00,72.36,72.585,72.136,72.257,5098
2026-04-06 17:45:00,72.26,72.638,72.229,72.618,5129
2026-04-06 18:00:00,72.622,72.741,72.559,72.714,4327
2026-04-06 18:15:00,72.711,72.76,72.613,72.687,3241
2026-04-06 18:30:00,72.686,72.808,72.618,72.675,3084
2026-04-06 18:45:00,72.68,72.796,72.565,72.587,4402
2026-04-06 19:00:00,72.589,72.669,72.223,72.459,5510
2026-04-06 19:15:00,72.458,72.929,72.157,72.806,5133
2026-04-06 19:30:00,72.805,73.014,72.72,72.85,3486
2026-04-06 19:45:00,72.852,72.853,72.674,72.677,3754
2026-04-06 20:00:00,72.676,73.102,72.554,72.876,4875
2026-04-06 20:15:00,72.879,73.115,72.854,73.002,4150
2026-04-06 20:30:00,73.001,73.128,72.766,72.864,4225
2026-04-06 20:45:00,72.863,73.178,72.856,73.158,3475
2026-04-06 21:00:00,73.159,73.194,72.951,73.02,2818
2026-04-06 21:15:00,73.021,73.047,72.919,73.0,2851
2026-04-06 21:30:00,72.999,73.095,72.921,73.038,3092
2026-04-06 21:45:00,73.039,73.142,72.976,73.005,3233
2026-04-06 22:00:00,73.015,73.063,72.912,73.019,1421
2026-04-06 22:15:00,73.019,73.053,72.999,73.011,634
2026-04-06 22:30:00,73.012,73.053,72.825,72.919,896
2026-04-06 22:45:00,72.918,72.956,72.762,72.765,741
2026-04-07 00:00:00,72.929,73.337,70.874,73.092,2469
2026-04-07 00:15:00,73.093,73.263,72.965,73.086,1187
2026-04-07 00:30:00,73.085,73.14,73.003,73.003,807
2026-04-07 00:45:00,73.002,73.057,72.912,72.942,1162
2026-04-07 01:00:00,72.944,73.084,72.935,73.059,687
2026-04-07 01:15:00,73.063,73.07,72.845,72.85,1184
2026-04-07 01:30:00,72.85,72.88,72.697,72.744,845
2026-04-07 01:45:00,72.745,72.915,72.744,72.867,1747
2026-04-07 02:00:00,72.868,73.021,72.626,72.965,3683
2026-04-07 02:15:00,72.964,73.063,72.835,73.025,3350
2026-04-07 02:30:00,73.024,73.068,72.914,72.94,2144
2026-04-07 02:45:00,72.943,72.995,72.536,72.548,1693
2026-04-07 03:00:00,72.548,73.111,71.556,72.25,6518
2026-04-07 03:15:00,72.249,72.899,72.221,72.87,5139
2026-04-07 03:30:00,72.871,73.09,72.326,72.656,5190
2026-04-07 03:45:00,72.657,72.825,71.841,72.079,5085
2026-04-07 04:00:00,72.08,72.157,71.774,71.897,5062
2026-04-07 04:15:00,71.898,72.163,71.823,72.154,3301
2026-04-07 04:30:00,72.156,72.512,72.078,72.439,4476
2026-04-07 04:45:00,72.439,72.603,72.404,72.564,3450
2026-04-07 05:00:00,72.561,72.729,72.274,72.388,2643
2026-04-07 05:15:00,72.389,72.468,72.105,72.197,2790
2026-04-07 05:30:00,72.2,72.445,72.177,72.439,1342
2026-04-07 05:45:00,72.44,72.709,72.427,72.672,998
2026-04-07 06:00:00,72.684,72.792,72.534,72.549,1039
2026-04-07 06:15:00,72.55,72.744,72.535,72.652,1185
2026-04-07 06:30:00,72.654,72.899,72.65,72.893,1653
2026-04-07 06:45:00,72.894,73.369,72.864,73.077,2095
2026-04-07 07:00:00,73.097,73.112,72.734,72.773,1476
2026-04-07 07:15:00,72.773,72.834,71.935,72.019,2343
2026-04-07 07:30:00,72.012,72.292,71.758,71.894,6364
2026-04-07 07:45:00,71.895,72.406,71.872,72.249,5125
2026-04-07 08:00:00,72.25,72.459,72.143,72.353,4195
2026-04-07 08:15:00,72.35,72.435,72.159,72.291,3094
2026-04-07 08:30:00,72.288,72.459,72.118,72.381,2898
2026-04-07 08:45:00,72.381,72.399,72.183,72.241,2292
2026-04-07 09:00:00,72.246,72.513,72.212,72.382,3322
2026-04-07 09:15:00,72.381,72.387,71.975,71.979,3071
2026-04-07 09:30:00,71.977,72.214,71.845,72.203,2309
2026-04-07 09:45:00,72.203,72.289,72.072,72.246,1662
2026-04-07 10:00:00,72.259,72.702,72.219,72.651,3581
2026-04-07 10:15:00,72.657,72.976,72.586,72.689,4510
2026-04-07 10:30:00,72.689,72.94,72.634,72.913,3862
2026-04-07 10:45:00,72.91,72.966,72.777,72.841,2671
2026-04-07 11:00:00,72.841,72.998,72.824,72.859,1829
2026-04-07 11:15:00,72.857,73.115,72.794,73.013,2055
2026-04-07 11:30:00,73.013,73.013,72.548,72.562,1875
2026-04-07 11:45:00,72.562,72.773,72.387,72.679,3437
2026-04-07 12:00:00,72.68,72.79,72.239,72.713,3579
2026-04-07 12:15:00,72.708,72.801,72.169,72.415,4004
2026-04-07 12:30:00,72.415,72.518,72.037,72.238,4018
2026-04-07 12:45:00,72.242,72.247,71.93,72.105,3618
2026-04-07 13:00:00,72.107,72.202,71.7,71.876,4099
2026-04-07 13:15:00,71.875,72.196,71.819,71.973,3062
2026-04-07 13:30:00,71.972,72.223,71.926,72.191,3927
2026-04-07 13:45:00,72.19,72.207,72.068,72.145,2632
2026-04-07 14:00:00,72.146,72.291,71.984,72.042,4034
2026-04-07 14:15:00,72.043,72.419,71.947,72.378,4657
2026-04-07 14:30:00,72.378,72.433,72.083,72.098,3272
2026-04-07 14:45:00,72.097,72.176,71.453,71.859,3656
2026-04-07 15:00:00,71.859,72.214,71.723,72.133,5467
2026-04-07 15:15:00,72.133,72.297,71.949,72.115,3978
2026-04-07 15:30:00,72.111,72.259,71.201,71.378,7344
2026-04-07 15:45:00,71.379,71.615,71.234,71.242,6453
2026-04-07 16:00:00,71.242,71.246,70.114,70.422,7651
2026-04-07 16:15:00,70.414,70.993,69.79,70.813,6788
2026-04-07 16:30:00,70.812,71.223,70.657,70.969,5820
2026-04-07 16:45:00,70.971,71.272,70.537,70.575,6414
2026-04-07 17:00:00,70.566,70.717,70.337,70.678,7265
2026-04-07 17:15:00,70.677,71.22,70.608,71.199,6265
2026-04-07 17:30:00,71.201,71.256,70.954,71.031,5428
2026-04-07 17:45:00,71.033,71.461,71.02,71.431,5198
2026-04-07 18:00:00,71.435,71.774,71.342,71.426,5826
2026-04-07 18:15:00,71.425,71.739,71.329,71.625,5988
2026-04-07 18:30:00,71.622,71.759,71.521,71.701,3929
2026-04-07 18:45:00,71.703,71.804,71.553,71.558,4484
2026-04-07 19:00:00,71.562,72.0,71.538,71.847,3774
2026-04-07 19:15:00,71.847,71.924,71.655,71.875,3969
2026-04-07 19:30:00,71.876,72.31,71.876,72.03,4848
2026-04-07 19:45:00,72.031,72.215,72.008,72.076,4020
2026-04-07 20:00:00,72.075,72.187,71.995,72.148,4075
2026-04-07 20:15:00,72.147,72.206,71.951,72.003,3943
2026-04-07 20:30:00,72.02,72.108,71.857,71.925,3000
2026-04-07 20:45:00,71.925,71.925,71.275,71.334,4005
2026-04-07 21:00:00,71.333,71.602,71.269,71.589,4744
2026-04-07 21:15:00,71.587,72.474,71.549,72.148,5816
2026-04-07 21:30:00,72.148,72.524,72.085,72.378,5099
2026-04-07 21:45:00,72.377,73.065,72.337,72.836,6301
2026-04-07 22:00:00,72.837,73.103,72.727,72.898,2553
2026-04-07 22:15:00,72.899,73.072,72.82,72.963,2565
2026-04-07 22:30:00,72.963,73.069,72.757,72.931,2804
2026-04-07 22:45:00,72.93,73.065,72.891,72.981,1399
2026-04-08 00:00:00,73.526,74.158,73.377,73.718,2907
2026-04-08 00:15:00,73.722,73.854,73.558,73.845,1877
2026-04-08 00:30:00,73.842,75.164,73.351,75.038,5835
2026-04-08 00:45:00,75.034,76.318,74.695,76.311,5966
2026-04-08 01:00:00,76.312,76.696,76.107,76.529,5420
2026-04-08 01:15:00,76.529,76.901,76.361,76.522,2599
2026-04-08 01:30:00,76.522,76.576,75.973,76.099,3786
2026-04-08 01:45:00,76.102,76.577,76.057,76.543,3336
2026-04-08 02:00:00,76.549,77.159,76.441,76.507,6554
2026-04-08 02:15:00,76.51,76.696,76.094,76.233,4871
2026-04-08 02:30:00,76.233,76.552,75.999,76.447,4395
2026-04-08 02:45:00,76.446,76.848,76.324,76.639,4446
2026-04-08 03:00:00,76.641,76.989,76.173,76.285,5942
2026-04-08 03:15:00,76.285,76.433,76.006,76.071,5398
2026-04-08 03:30:00,76.073,76.333,75.979,76.242,4030
2026-04-08 03:45:00,76.241,76.649,76.23,76.534,3273
2026-04-08 04:00:00,76.536,76.719,76.5,76.55,2399
2026-04-08 04:15:00,76.551,76.572,76.419,76.555,1189
2026-04-08 04:30:00,76.559,76.676,76.345,76.368,2227
2026-04-08 04:45:00,76.369,76.493,76.253,76.382,1968
2026-04-08 05:00:00,76.384,76.408,76.235,76.252,1360
2026-04-08 05:15:00,76.25,76.294,76.146,76.249,1532
2026-04-08 05:30:00,76.242,76.328,76.08,76.232,1453
2026-04-08 05:45:00,76.233,76.371,76.215,76.276,1163
2026-04-08 06:00:00,76.287,76.471,76.285,76.463,1278
2026-04-08 06:15:00,76.462,76.573,76.303,76.558,1062
2026-04-08 06:30:00,76.551,76.659,76.519,76.585,859
2026-04-08 06:45:00,76.583,76.661,76.483,76.641,931
2026-04-08 07:00:00,76.642,76.762,76.539,76.69,1504
2026-04-08 07:15:00,76.692,77.02,76.618,77.015,1483
2026-04-08 07:30:00,77.007,77.058,76.768,76.944,2384
2026-04-08 07:45:00,76.943,77.458,76.904,77.233,2910
2026-04-08 08:00:00,77.228,77.469,77.199,77.365,3352
2026-04-08 08:15:00,77.364,77.563,77.287,77.513,2804
2026-04-08 08:30:00,77.503,77.534,77.286,77.521,3386
2026-04-08 08:45:00,77.52,77.627,77.161,77.181,3306
2026-04-08 09:00:00,77.174,77.199,76.967,77.016,3525
2026-04-08 09:15:00,77.015,77.193,76.991,77.031,3220
2026-04-08 09:30:00,77.03,77.099,76.964,77.016,2583
2026-04-08 09:45:00,77.014,77.106,76.974,76.981,2660
2026-04-08 10:00:00,76.979,77.026,76.739,76.878,2955
2026-04-08 10:15:00,76.886,77.019,76.603,76.796,2476
2026-04-08 10:30:00,76.795,76.939,76.534,76.641,2752
2026-04-08 10:45:00,76.64,76.914,76.586,76.903,2510
2026-04-08 11:00:00,76.901,77.108,76.9,77.094,1608
2026-04-08 11:15:00,77.093,77.177,76.869,76.898,1389
2026-04-08 11:30:00,76.905,76.972,76.624,76.684,2153
2026-04-08 11:45:00,76.687,77.001,76.609,76.679,2026
2026-04-08 12:00:00,76.678,76.981,76.656,76.794,1424
2026-04-08 12:15:00,76.794,76.878,76.585,76.86,1824
2026-04-08 12:30:00,76.865,76.943,76.78,76.911,1326
2026-04-08 12:45:00,76.909,76.955,76.773,76.777,1518
2026-04-08 13:00:00,76.777,76.975,76.671,76.917,2018
2026-04-08 13:15:00,76.916,77.356,76.813,77.311,2375
2026-04-08 13:30:00,77.31,77.325,76.941,77.181,2885
2026-04-08 13:45:00,77.182,77.396,77.168,77.236,2337
2026-04-08 14:00:00,77.235,77.426,77.2,77.307,2871
2026-04-08 14:15:00,77.308,77.34,76.423,76.922,5195
2026-04-08 14:30:00,76.921,77.37,76.908,77.318,3322
2026-04-08 14:45:00,77.317,77.434,77.2,77.397,3366
2026-04-08 15:00:00,77.393,77.575,77.069,77.142,4787
2026-04-08 15:15:00,77.141,77.204,76.858,76.984,3840
2026-04-08 15:30:00,76.975,77.206,76.274,76.274,7879
2026-04-08 15:45:00,76.271,76.726,76.264,76.462,7210
2026-04-08 16:00:00,76.453,76.642,76.207,76.326,7297
2026-04-08 16:15:00,76.327,76.538,75.706,75.868,6550
2026-04-08 16:30:00,75.884,75.942,75.27,75.503,6487
2026-04-08 16:45:00,75.51,75.608,74.693,74.848,6977
2026-04-08 17:00:00,74.847,75.148,74.784,75.009,5682
2026-04-08 17:15:00,75.009,75.416,74.963,75.256,4195
2026-04-08 17:30:00,75.257,75.543,75.247,75.426,4052
2026-04-08 17:45:00,75.435,75.657,75.425,75.503,3525
2026-04-08 18:00:00,75.502,75.762,75.496,75.525,4724
2026-04-08 18:15:00,75.526,75.533,75.174,75.309,4729
2026-04-08 18:30:00,75.308,75.659,75.239,75.593,4279
2026-04-08 18:45:00,75.594,75.699,75.498,75.521,3067
2026-04-08 19:00:00,75.523,75.525,75.331,75.452,3821
2026-04-08 19:15:00,75.455,75.527,75.226,75.447,5244
2026-04-08 19:30:00,75.444,75.532,75.144,75.273,6038
2026-04-08 19:45:00,75.274,75.372,75.14,75.177,4372
2026-04-08 20:00:00,75.176,75.375,75.099,75.275,4539
2026-04-08 20:15:00,75.276,75.302,74.292,74.487,6660
2026-04-08 20:30:00,74.504,74.615,73.729,73.791,5517
2026-04-08 20:45:00,73.788,73.978,73.563,73.61,4729
2026-04-08 21:00:00,73.602,74.21,73.463,74.2,4978
2026-04-08 21:15:00,74.201,74.297,73.982,74.001,3957
2026-04-08 21:30:00,73.996,74.446,73.982,74.38,5173
2026-04-08 21:45:00,74.375,74.556,74.363,74.543,4722
2026-04-08 22:00:00,74.54,74.635,74.329,74.373,1907
2026-04-08 22:15:00,74.374,74.434,74.211,74.269,1017
2026-04-08 22:30:00,74.265,74.275,74.152,74.219,880
2026-04-08 22:45:00,74.22,74.235,74.059,74.085,686
2026-04-09 00:00:00,74.089,74.301,73.76,73.791,1299
2026-04-09 00:15:00,73.791,73.898,73.578,73.856,1912
2026-04-09 00:30:00,73.856,73.98,73.688,73.74,1642
2026-04-09 00:45:00,73.745,74.139,73.673,74.124,1286
2026-04-09 01:00:00,74.123,74.123,73.612,73.706,1799
2026-04-09 01:15:00,73.707,73.821,73.603,73.613,1309
2026-04-09 01:30:00,73.612,73.788,73.497,73.723,1418
2026-04-09 01:45:00,73.723,73.921,73.629,73.739,1278
2026-04-09 02:00:00,73.742,73.745,73.383,73.576,3043
2026-04-09 02:15:00,73.577,73.827,73.513,73.711,2892
2026-04-09 02:30:00,73.712,73.993,73.675,73.989,2742
2026-04-09 02:45:00,73.99,74.005,73.471,73.521,2693
2026-04-09 03:00:00,73.52,73.887,73.202,73.489,6521
2026-04-09 03:15:00,73.489,73.645,72.872,72.905,4315
2026-04-09 03:30:00,72.906,73.509,72.872,73.339,3663
2026-04-09 03:45:00,73.353,73.907,73.298,73.847,2813
2026-04-09 04:00:00,73.848,74.029,73.715,73.954,2606
2026-04-09 04:15:00,73.956,74.119,73.943,74.017,1527
2026-04-09 04:30:00,74.023,74.383,73.992,74.296,2531
2026-04-09 04:45:00,74.295,74.304,73.762,73.773,2380
2026-04-09 05:00:00,73.77,73.953,73.66,73.694,2128
2026-04-09 05:15:00,73.695,73.879,73.65,73.86,1871
2026-04-09 05:30:00,73.863,73.956,73.818,73.956,963
2026-04-09 05:45:00,73.955,74.049,73.786,73.982,1375
2026-04-09 06:00:00,73.999,74.224,73.946,74.189,955
2026-04-09 06:15:00,74.194,74.235,73.991,73.991,678
2026-04-09 06:30:00,73.989,74.175,73.906,74.115,783
2026-04-09 06:45:00,74.117,74.198,74.057,74.063,846
2026-04-09 07:00:00,74.064,74.182,73.866,73.895,1513
2026-04-09 07:15:00,73.894,74.176,73.879,74.163,1591
2026-04-09 07:30:00,74.164,74.175,73.74,74.1,2385
2026-04-09 07:45:00,74.099,74.11,73.726,73.949,2038
2026-04-09 08:00:00,73.955,74.135,73.894,73.985,1953
2026-04-09 08:15:00,73.984,74.018,73.769,73.932,1848
2026-04-09 08:30:00,73.933,74.045,73.794,73.829,2582
2026-04-09 08:45:00,73.828,73.965,73.722,73.963,2920
2026-04-09 09:00:00,73.967,74.285,73.919,74.145,2523
2026-04-09 09:15:00,74.143,74.143,73.643,73.669,2690
2026-04-09 09:30:00,73.685,74.112,73.598,73.838,3472
2026-04-09 09:45:00,73.836,74.089,73.636,74.087,2766
2026-04-09 10:00:00,74.09,74.154,73.881,73.925,2763
2026-04-09 10:15:00,73.923,74.048,73.84,73.934,2500
2026-04-09 10:30:00,73.935,74.152,73.907,74.114,2249
2026-04-09 10:45:00,74.115,74.205,74.062,74.066,1811
2026-04-09 11:00:00,74.063,74.134,73.817,74.07,2298
2026-04-09 11:15:00,74.071,74.145,73.991,74.065,1815
2026-04-09 11:30:00,74.064,74.086,73.945,73.993,1881
2026-04-09 11:45:00,73.991,74.059,73.886,74.047,1812
2026-04-09 12:00:00,74.049,74.14,73.919,73.979,1864
2026-04-09 12:15:00,73.979,74.21,73.852,74.21,2503
2026-04-09 12:30:00,74.211,74.242,74.03,74.089,1988
2026-04-09 12:45:00,74.09,74.201,74.038,74.038,2224
2026-04-09 13:00:00,74.037,74.165,74.033,74.067,1971
2026-04-09 13:15:00,74.068,74.294,74.043,74.277,1902
2026-04-09 13:30:00,74.278,74.304,74.216,74.289,1986
2026-04-09 13:45:00,74.288,74.593,74.277,74.569,2302
2026-04-09 14:00:00,74.571,74.729,74.381,74.402,2574
2026-04-09 14:15:00,74.401,74.434,74.137,74.228,2696
2026-04-09 14:30:00,74.212,74.37,74.091,74.268,3607
2026-04-09 14:45:00,74.268,74.413,74.132,74.402,2694
2026-04-09 15:00:00,74.412,74.642,74.194,74.434,4470
2026-04-09 15:15:00,74.437,74.753,74.408,74.673,3220
2026-04-09 15:30:00,74.68,75.347,74.607,75.286,6005
2026-04-09 15:45:00,75.285,75.341,74.879,75.008,5518
2026-04-09 16:00:00,75.009,75.312,74.892,75.057,5305
2026-04-09 16:15:00,75.055,75.104,74.663,74.752,4436
2026-04-09 16:30:00,74.752,74.793,74.201,74.413,5217
2026-04-09 16:45:00,74.411,74.84,74.381,74.84,4120
2026-04-09 17:00:00,74.847,74.923,74.631,74.89,4310
2026-04-09 17:15:00,74.89,75.579,74.89,75.289,4862
2026-04-09 17:30:00,75.29,75.867,75.262,75.642,6484
2026-04-09 17:45:00,75.643,75.96,75.547,75.803,5528
2026-04-09 18:00:00,75.802,76.193,75.802,75.938,4847
2026-04-09 18:15:00,75.939,76.258,75.903,76.134,4463
2026-04-09 18:30:00,76.135,76.25,75.996,76.047,4457
2026-04-09 18:45:00,76.049,76.102,75.866,75.954,4455
2026-04-09 19:00:00,75.956,76.281,75.956,76.242,3727
2026-04-09 19:15:00,76.248,76.373,76.17,76.32,3832
2026-04-09 19:30:00,76.317,76.541,76.17,76.395,4447
2026-04-09 19:45:00,76.404,76.608,76.402,76.467,3218
2026-04-09 20:00:00,76.468,76.49,75.878,75.962,5352
2026-04-09 20:15:00,75.961,76.152,75.848,76.07,4717
2026-04-09 20:30:00,76.069,76.069,75.621,75.664,3838
2026-04-09 20:45:00,75.663,75.84,75.623,75.748,3118
2026-04-09 21:00:00,75.748,76.037,75.671,75.979,3296
2026-04-09 21:15:00,75.983,76.009,75.741,75.772,3291
2026-04-09 21:30:00,75.772,75.91,75.735,75.812,4118
2026-04-09 21:45:00,75.814,75.837,75.518,75.569,4579
2026-04-09 22:00:00,75.566,75.668,75.517,75.638,946
2026-04-09 22:15:00,75.64,75.7,75.53,75.663,1356
2026-04-09 22:30:00,75.662,75.69,75.333,75.424,1585
2026-04-09 22:45:00,75.43,75.459,75.207,75.216,929
2026-04-10 00:00:00,75.565,75.622,75.311,75.392,1104
2026-04-10 00:15:00,75.393,75.425,75.247,75.257,1361
2026-04-10 00:30:00,75.261,75.323,75.167,75.2,1112
2026-04-10 00:45:00,75.201,75.354,75.165,75.354,1122
2026-04-10 01:00:00,75.355,75.355,75.175,75.24,1502
2026-04-10 01:15:00,75.239,75.271,75.196,75.257,902
2026-04-10 01:30:00,75.258,75.438,75.258,75.351,1354
2026-04-10 01:45:00,75.347,75.437,75.323,75.393,1594
2026-04-10 02:00:00,75.392,75.42,75.036,75.077,3653
2026-04-10 02:15:00,75.073,75.206,74.93,75.024,3272
2026-04-10 02:30:00,75.023,75.261,75.014,75.1,2225
2026-04-10 02:45:00,75.097,75.462,75.026,75.409,2375
2026-04-10 03:00:00,75.408,75.711,75.408,75.635,4697
2026-04-10 03:15:00,75.637,75.829,75.444,75.534,3583
2026-04-10 03:30:00,75.541,75.871,75.506,75.746,3902
2026-04-10 03:45:00,75.747,75.846,75.44,75.528,3390
2026-04-10 04:00:00,75.533,75.564,75.278,75.36,2962
2026-04-10 04:15:00,75.363,75.41,75.112,75.159,2474
2026-04-10 04:30:00,75.16,75.435,74.894,75.411,3877
2026-04-10 04:45:00,75.412,75.645,75.312,75.594,2550
2026-04-10 05:00:00,75.595,75.809,75.595,75.768,2182
2026-04-10 05:15:00,75.763,75.834,75.674,75.73,2090
2026-04-10 05:30:00,75.731,75.966,75.731,75.827,1701
2026-04-10 05:45:00,75.828,75.926,75.806,75.898,1492
2026-04-10 06:00:00,75.899,75.967,75.813,75.878,1371
2026-04-10 06:15:00,75.879,75.971,75.854,75.896,1217
2026-04-10 06:30:00,75.895,75.908,75.76,75.843,1610
2026-04-10 06:45:00,75.842,75.938,75.758,75.808,1346
2026-04-10 07:00:00,75.807,76.041,75.8,75.931,1956
2026-04-10 07:15:00,75.93,76.064,75.876,75.922,1716
2026-04-10 07:30:00,75.904,76.197,75.876,75.995,3023
2026-04-10 07:45:00,75.996,76.079,75.931,75.965,2535
2026-04-10 08:00:00,75.964,75.964,75.642,75.674,3247
2026-04-10 08:15:00,75.67,75.717,75.467,75.482,2887
2026-04-10 08:30:00,75.492,75.662,75.387,75.449,3533
2026-04-10 08:45:00,75.45,75.565,75.318,75.357,3510
2026-04-10 09:00:00,75.351,75.546,75.243,75.398,2693
2026-04-10 09:15:00,75.403,75.635,75.365,75.598,2346
2026-04-10 09:30:00,75.597,75.688,75.419,75.469,2176
2026-04-10 09:45:00,75.468,75.493,75.294,75.354,2478
2026-04-10 10:00:00,75.355,75.4,75.27,75.321,2332
2026-04-10 10:15:00,75.32,75.346,75.171,75.319,2571
2026-04-10 10:30:00,75.315,75.373,75.001,75.013,1835
2026-04-10 10:45:00,75.014,75.073,74.807,74.908,2829
2026-04-10 11:00:00,74.91,75.165,74.91,75.151,1799
2026-04-10 11:15:00,75.152,75.539,75.13,75.257,3720
2026-04-10 11:30:00,75.253,75.307,75.132,75.198,2654
2026-04-10 11:45:00,75.199,75.422,75.159,75.413,2577
2026-04-10 12:00:00,75.414,75.435,75.163,75.228,2799
2026-04-10 12:15:00,75.226,75.558,75.208,75.523,2752
2026-04-10 12:30:00,75.524,75.562,75.446,75.539,2387
2026-04-10 12:45:00,75.535,75.613,75.474,75.562,1942
2026-04-10 13:00:00,75.561,75.571,75.408,75.463,2038
2026-04-10 13:15:00,75.459,75.576,75.412,75.553,1656
2026-04-10 13:30:00,75.551,75.625,75.483,75.595,1770
2026-04-10 13:45:00,75.591,75.638,75.553,75.624,1924
2026-04-10 14:00:00,75.623,75.761,75.528,75.745,2608
2026-04-10 14:15:00,75.744,75.902,75.685,75.888,2836
2026-04-10 14:30:00,75.898,76.117,75.69,75.73,3608
2026-04-10 14:45:00,75.733,75.877,75.484,75.87,3006
2026-04-10 15:00:00,75.867,76.182,75.76,76.066,4438
2026-04-10 15:15:00,76.067,76.444,75.973,76.329,4411
2026-04-10 15:30:00,76.329,76.399,75.985,76.078,6666
2026-04-10 15:45:00,76.077,76.327,75.993,76.283,5780
2026-04-10 16:00:00,76.283,76.481,75.989,76.42,5619
2026-04-10 16:15:00,76.42,76.802,76.387,76.722,5070
2026-04-10 16:30:00,76.725,76.815,76.27,76.371,5540
2026-04-10 16:45:00,76.37,76.475,76.204,76.276,6137
2026-04-10 17:00:00,76.267,76.536,76.074,76.506,5698
2026-04-10 17:15:00,76.508,76.658,76.399,76.402,4978
2026-04-10 17:30:00,76.405,76.503,75.923,76.105,6299
2026-04-10 17:45:00,76.105,76.193,75.782,75.943,5322
2026-04-10 18:00:00,75.944,76.123,75.723,76.075,5860
2026-04-10 18:15:00,76.076,76.142,75.895,75.994,5450
2026-04-10 18:30:00,75.993,76.141,75.932,75.955,5165
2026-04-10 18:45:00,75.956,76.217,75.934,76.179,4677
2026-04-10 19:00:00,76.182,76.239,76.024,76.17,4851
2026-04-10 19:15:00,76.169,76.355,76.159,76.184,3985
2026-04-10 19:30:00,76.183,76.311,76.122,76.204,3456
2026-04-10 19:45:00,76.201,76.277,76.119,76.175,2945
2026-04-10 20:00:00,76.179,76.224,75.949,76.222,3877
2026-04-10 20:15:00,76.224,76.375,76.217,76.337,3807
2026-04-10 20:30:00,76.338,76.47,76.295,76.336,2905
2026-04-10 20:45:00,76.337,76.393,76.159,76.369,2455
2026-04-10 21:00:00,76.37,76.425,76.31,76.36,2676
2026-04-10 21:15:00,76.359,76.472,76.346,76.406,3427
2026-04-10 21:30:00,76.405,76.455,76.308,76.382,3436
2026-04-10 21:45:00,76.383,76.393,76.234,76.332,3685
2026-04-10 22:00:00,76.338,76.369,76.197,76.309,1577
2026-04-10 22:15:00,76.308,76.308,76.0,76.071,1392
2026-04-10 22:30:00,76.07,76.205,76.045,76.189,1033
2026-04-10 22:45:00,76.189,76.189,75.778,75.871,1535
2026-04-13 00:00:00,73.247,73.856,73.148,73.278,3272
2026-04-13 00:15:00,73.283,73.592,72.568,72.896,4383
2026-04-13 00:30:00,72.901,73.386,72.84,73.342,3658
2026-04-13 00:45:00,73.341,73.518,73.329,73.479,2084
2026-04-13 01:00:00,73.484,73.484,73.277,73.309,1914
2026-04-13 01:15:00,73.311,73.321,72.792,73.271,2075
2026-04-13 01:30:00,73.271,73.446,73.146,73.339,1422
2026-04-13 01:45:00,73.339,73.887,73.306,73.751,2404
2026-04-13 02:00:00,73.749,73.959,73.644,73.941,3348
2026-04-13 02:15:00,73.935,73.974,73.708,73.788,3052
2026-04-13 02:30:00,73.787,74.001,73.733,73.842,3227
2026-04-13 02:45:00,73.841,74.505,73.827,74.452,3544
2026-04-13 03:00:00,74.445,74.741,74.3,74.511,6270
2026-04-13 03:15:00,74.512,74.555,74.314,74.403,4568
2026-04-13 03:30:00,74.401,74.542,74.269,74.312,4591
2026-04-13 03:45:00,74.313,74.452,74.178,74.33,4189
2026-04-13 04:00:00,74.331,74.483,74.26,74.318,4420
2026-04-13 04:15:00,74.314,74.339,74.179,74.233,2167
2026-04-13 04:30:00,74.234,74.483,74.215,74.275,3907
2026-04-13 04:45:00,74.274,74.348,73.975,74.306,3479
2026-04-13 05:00:00,74.308,74.39,74.073,74.088,3571
2026-04-13 05:15:00,74.085,74.332,74.067,74.274,3413
2026-04-13 05:30:00,74.273,74.518,74.259,74.481,2055
2026-04-13 05:45:00,74.479,74.482,74.316,74.414,1928
2026-04-13 06:00:00,74.417,74.432,74.158,74.317,2182
2026-04-13 06:15:00,74.318,74.377,74.186,74.278,1828
2026-04-13 06:30:00,74.28,74.427,74.189,74.408,2313
2026-04-13 06:45:00,74.406,74.503,74.297,74.466,2012
2026-04-13 07:00:00,74.469,74.511,74.325,74.354,2178
2026-04-13 07:15:00,74.355,74.424,74.3,74.379,1926
2026-04-13 07:30:00,74.377,74.546,74.206,74.443,3534
2026-04-13 07:45:00,74.449,74.691,74.44,74.68,3244
2026-04-13 08:00:00,74.676,74.722,74.355,74.395,3222
2026-04-13 08:15:00,74.396,74.548,74.386,74.535,2598
2026-04-13 08:30:00,74.537,74.572,74.364,74.459,2984
2026-04-13 08:45:00,74.461,74.507,74.357,74.435,2565
2026-04-13 09:00:00,74.434,74.766,74.328,74.429,3354
2026-04-13 09:15:00,74.428,74.634,74.383,74.54,2598
2026-04-13 09:30:00,74.541,74.651,74.495,74.631,3060
2026-04-13 09:45:00,74.629,74.81,74.617,74.727,3069
2026-04-13 10:00:00,74.725,74.887,74.658,74.663,3737
2026-04-13 10:15:00,74.662,74.691,74.596,74.629,2966
2026-04-13 10:30:00,74.63,74.723,74.357,74.386,3390
2026-04-13 10:45:00,74.385,74.505,74.349,74.368,2276
2026-04-13 11:00:00,74.366,74.509,74.233,74.277,2904
2026-04-13 11:15:00,74.276,74.367,74.231,74.239,2476
2026-04-13 11:30:00,74.238,74.377,74.225,74.319,2783
2026-04-13 11:45:00,74.315,74.402,74.242,74.34,2014
2026-04-13 12:00:00,74.339,74.404,74.262,74.368,2070
2026-04-13 12:15:00,74.365,74.372,74.097,74.187,2488
2026-04-13 12:30:00,74.189,74.35,74.168,74.342,2658
2026-04-13 12:45:00,74.341,74.384,74.287,74.373,2175
2026-04-13 13:00:00,74.371,74.522,74.148,74.247,3341
2026-04-13 13:15:00,74.245,74.25,74.07,74.154,2437
2026-04-13 13:30:00,74.153,74.247,74.013,74.123,3225
2026-04-13 13:45:00,74.122,74.193,73.964,73.999,4348
2026-04-13 14:00:00,74.017,74.259,73.955,74.23,4606
2026-04-13 14:15:00,74.232,74.293,73.83,73.876,3772
2026-04-13 14:30:00,73.88,73.944,73.636,73.721,4390
2026-04-13 14:45:00,73.72,74.085,73.72,73.903,3871
2026-04-13 15:00:00,73.901,74.129,73.769,74.022,5710
2026-04-13 15:15:00,74.024,74.208,73.944,74.195,4142
2026-04-13 15:30:00,74.199,74.27,73.887,74.009,6618
2026-04-13 15:45:00,74.01,74.456,73.55,74.241,7121
2026-04-13 16:00:00,74.25,74.305,74.049,74.293,5884
2026-04-13 16:15:00,74.294,74.307,73.852,74.028,6733
2026-04-13 16:30:00,74.023,74.271,73.888,74.271,5626
2026-04-13 16:45:00,74.273,74.29,73.774,74.088,5553
2026-04-13 17:00:00,74.086,74.109,73.701,73.914,6136
2026-04-13 17:15:00,73.915,74.068,73.856,73.862,5394
2026-04-13 17:30:00,73.86,74.203,73.81,74.092,5271
2026-04-13 17:45:00,74.091,74.175,74.042,74.112,5215
2026-04-13 18:00:00,74.111,74.374,74.014,74.255,5523
2026-04-13 18:15:00,74.256,75.152,74.256,75.074,4834
2026-04-13 18:30:00,75.073,75.843,75.028,75.655,7086
2026-04-13 18:45:00,75.646,75.663,75.216,75.343,6397
2026-04-13 19:00:00,75.342,75.471,75.156,75.346,5154
2026-04-13 19:15:00,75.352,75.606,75.327,75.391,5093
2026-04-13 19:30:00,75.39,75.476,75.299,75.405,4508
2026-04-13 19:45:00,75.404,75.448,75.18,75.182,4191
2026-04-13 20:00:00,75.183,75.33,75.009,75.025,3568
2026-04-13 20:15:00,75.024,75.1,74.888,75.037,3848
2026-04-13 20:30:00,75.025,75.313,75.02,75.271,3736
2026-04-13 20:45:00,75.27,75.572,75.269,75.475,4243
2026-04-13 21:00:00,75.472,75.495,75.294,75.396,4365
2026-04-13 21:15:00,75.395,75.571,75.392,75.533,3052
2026-04-13 21:30:00,75.531,75.617,75.4,75.438,4642
2026-04-13 21:45:00,75.437,75.583,75.359,75.434,5046
2026-04-13 22:00:00,75.435,75.514,75.413,75.481,1798
2026-04-13 22:15:00,75.482,75.518,75.421,75.445,1171
2026-04-13 22:30:00,75.446,75.518,75.439,75.507,1086
2026-04-13 22:45:00,75.512,75.616,75.504,75.561,959
2026-04-14 00:00:00,75.655,75.717,75.525,75.638,999
2026-04-14 00:15:00,75.639,75.714,75.596,75.641,491
2026-04-14 00:30:00,75.641,75.676,75.586,75.672,549
2026-04-14 00:45:00,75.698,75.815,75.606,75.797,926
2026-04-14 01:00:00,75.794,75.923,75.769,75.834,1242
2026-04-14 01:15:00,75.834,75.848,75.679,75.687,841
2026-04-14 01:30:00,75.687,75.789,75.62,75.739,946
2026-04-14 01:45:00,75.742,75.784,75.661,75.675,1151
2026-04-14 02:00:00,75.679,75.684,75.362,75.586,2565
2026-04-14 02:15:00,75.585,75.924,75.584,75.844,2699
2026-04-14 02:30:00,75.854,76.065,75.801,75.906,2489
2026-04-14 02:45:00,75.904,75.958,75.84,75.941,2250
2026-04-14 03:00:00,75.94,76.304,75.72,76.295,5095
2026-04-14 03:15:00,76.297,76.308,75.98,76.037,3451
2026-04-14 03:30:00,76.036,76.158,75.867,76.115,4068
2026-04-14 03:45:00,76.114,76.13,75.753,75.814,3348
2026-04-14 04:00:00,75.811,76.04,75.797,76.001,2694
2026-04-14 04:15:00,75.999,76.239,75.993,76.217,1097
2026-04-14 04:30:00,76.216,76.495,76.027,76.477,3174
2026-04-14 04:45:00,76.479,76.776,76.469,76.71,2699
2026-04-14 05:00:00,76.704,76.781,76.587,76.769,2068
2026-04-14 05:15:00,76.77,76.808,76.646,76.686,2112
2026-04-14 05:30:00,76.687,76.843,76.64,76.795,1340
2026-04-14 05:45:00,76.794,77.005,76.785,76.93,1143
2026-04-14 06:00:00,76.938,76.979,76.859,76.89,979
2026-04-14 06:15:00,76.889,77.059,76.885,77.001,1534
2026-04-14 06:30:00,77.003,77.085,76.939,77.059,938
2026-04-14 06:45:00,77.058,77.17,77.042,77.156,1042
2026-04-14 07:00:00,77.157,77.165,76.928,76.992,1394
2026-04-14 07:15:00,76.991,77.172,76.918,76.969,1367
2026-04-14 07:30:00,76.968,76.978,76.495,76.643,3307
2026-04-14 07:45:00,76.644,76.794,76.6,76.687,2325
2026-04-14 08:00:00,76.689,76.991,76.673,76.922,2686
2026-04-14 08:15:00,76.921,76.999,76.853,76.912,2063
2026-04-14 08:30:00,76.911,76.921,76.757,76.914,1997
2026-04-14 08:45:00,76.915,77.491,76.897,77.491,3177
2026-04-14 09:00:00,77.488,77.934,77.4,77.727,3821
2026-04-14 09:15:00,77.722,77.775,77.379,77.482,3499
2026-04-14 09:30:00,77.485,77.632,77.4,77.596,2600
2026-04-14 09:45:00,77.596,77.778,77.572,77.722,2431
2026-04-14 10:00:00,77.72,77.733,77.548,77.657,2526
2026-04-14 10:15:00,77.657,77.882,77.538,77.855,2426
2026-04-14 10:30:00,77.856,78.003,77.772,77.851,2535
2026-04-14 10:45:00,77.852,78.083,77.836,78.083,1900
2026-04-14 11:00:00,78.087,78.122,77.847,77.933,2097
2026-04-14 11:15:00,77.936,77.992,77.758,77.761,1949
2026-04-14 11:30:00,77.761,77.856,77.617,77.79,2348
2026-04-14 11:45:00,77.789,77.855,77.692,77.75,2402
2026-04-14 12:00:00,77.753,77.832,77.675,77.806,2445
2026-04-14 12:15:00,77.807,77.917,77.698,77.729,2244
2026-04-14 12:30:00,77.728,77.764,77.332,77.548,3469
2026-04-14 12:45:00,77.55,77.701,77.494,77.494,2124
2026-04-14 13:00:00,77.493,77.521,77.288,77.435,2332
2026-04-14 13:15:00,77.437,77.641,77.405,77.564,1784
2026-04-14 13:30:00,77.565,77.585,77.359,77.505,2463
2026-04-14 13:45:00,77.505,77.695,77.368,77.528,2750
2026-04-14 14:00:00,77.53,77.765,77.436,77.447,3266
2026-04-14 14:15:00,77.446,77.539,77.15,77.375,3561
2026-04-14 14:30:00,77.371,77.722,77.371,77.503,3606
2026-04-14 14:45:00,77.504,77.577,77.219,77.474,3461
2026-04-14 15:00:00,77.473,77.812,77.432,77.808,5280
2026-04-14 15:15:00,77.809,78.074,77.678,77.702,5029
2026-04-14 15:30:00,77.699,78.327,77.643,77.976,6916
2026-04-14 15:45:00,77.965,78.329,77.905,78.272,5757
2026-04-14 16:00:00,78.281,78.896,78.281,78.743,6212
2026-04-14 16:15:00,78.742,79.068,78.671,79.042,5537
2026-04-14 16:30:00,79.04,79.303,78.923,78.939,5177
2026-04-14 16:45:00,78.941,79.199,78.864,79.06,5059
2026-04-14 17:00:00,79.062,79.064,78.573,78.634,6324
2026-04-14 17:15:00,78.635,79.02,78.609,78.94,5303
2026-04-14 17:30:00,78.94,79.241,78.939,79.192,4123
2026-04-14 17:45:00,79.19,79.28,79.087,79.11,4129
2026-04-14 18:00:00,79.108,79.481,79.044,79.236,3651
2026-04-14 18:15:00,79.237,79.498,79.189,79.448,3268
2026-04-14 18:30:00,79.449,79.512,79.266,79.407,4221
2026-04-14 18:45:00,79.41,79.447,79.015,79.037,4212
2026-04-14 19:00:00,79.036,79.361,79.002,79.19,4359
2026-04-14 19:15:00,79.185,79.454,79.135,79.366,4254
2026-04-14 19:30:00,79.369,79.567,79.366,79.503,3672
2026-04-14 19:45:00,79.504,79.536,79.28,79.32,3020
2026-04-14 20:00:00,79.324,79.336,79.135,79.187,3703
2026-04-14 20:15:00,79.19,79.208,78.901,79.137,4987
2026-04-14 20:30:00,79.135,79.294,79.061,79.08,3423
2026-04-14 20:45:00,79.081,79.242,79.03,79.213,2665
2026-04-14 21:00:00,79.212,79.411,79.205,79.256,3741
2026-04-14 21:15:00,79.258,79.373,79.17,79.332,2582
2026-04-14 21:30:00,79.333,79.502,79.308,79.475,3050
2026-04-14 21:45:00,79.474,79.569,79.397,79.531,3195
2026-04-14 22:00:00,79.532,79.639,79.532,79.588,1376
2026-04-14 22:15:00,79.589,79.639,79.534,79.545,971
2026-04-14 22:30:00,79.546,79.655,79.537,79.645,835
2026-04-14 22:45:00,79.644,79.657,79.502,79.529,645
2026-04-15 00:00:00,79.384,79.641,79.286,79.559,1337
2026-04-15 00:15:00,79.552,79.598,79.4,79.4,957
2026-04-15 00:30:00,79.4,79.497,79.361,79.44,873
2026-04-15 00:45:00,79.438,79.452,79.293,79.312,686
2026-04-15 01:00:00,79.313,79.51,79.302,79.386,902
2026-04-15 01:15:00,79.386,79.502,79.341,79.442,641
2026-04-15 01:30:00,79.442,79.702,79.405,79.654,1598
2026-04-15 01:45:00,79.654,79.7,79.444,79.474,1343
2026-04-15 02:00:00,79.474,79.515,79.27,79.411,1736
2026-04-15 02:15:00,79.41,79.564,79.337,79.529,1432
2026-04-15 02:30:00,79.53,79.534,79.368,79.433,876
2026-04-15 02:45:00,79.433,79.676,79.431,79.661,1194
2026-04-15 03:00:00,79.659,80.047,79.336,80.011,5434
2026-04-15 03:15:00,80.012,80.711,79.924,80.502,4964
2026-04-15 03:30:00,80.502,80.545,80.174,80.284,4209
2026-04-15 03:45:00,80.287,80.541,80.224,80.495,4878
2026-04-15 04:00:00,80.49,80.989,80.393,80.693,3896
2026-04-15 04:15:00,80.693,80.716,80.253,80.327,2340
2026-04-15 04:30:00,80.33,80.457,79.995,80.293,4816
2026-04-15 04:45:00,80.27,80.39,79.82,79.886,3761
2026-04-15 05:00:00,79.887,80.149,79.734,80.049,2969
2026-04-15 05:15:00,80.049,80.157,79.862,79.979,2529
2026-04-15 05:30:00,79.978,80.176,79.978,80.102,1476
2026-04-15 05:45:00,80.093,80.142,79.843,79.862,1359
2026-04-15 06:00:00,79.864,79.983,79.786,79.954,1228
2026-04-15 06:15:00,79.955,79.975,79.764,79.834,965
2026-04-15 06:30:00,79.835,79.899,79.714,79.734,865
2026-04-15 06:45:00,79.739,79.852,79.679,79.827,942
2026-04-15 07:00:00,79.826,79.957,79.677,79.862,2431
2026-04-15 07:15:00,79.864,79.948,79.669,79.703,1601
2026-04-15 07:30:00,79.705,79.722,79.011,79.139,3766
2026-04-15 07:45:00,79.14,79.482,79.06,79.43,2719
2026-04-15 08:00:00,79.426,79.624,79.417,79.547,2939
2026-04-15 08:15:00,79.549,79.563,79.15,79.19,3399
2026-04-15 08:30:00,79.188,79.396,79.143,79.39,3169
2026-04-15 08:45:00,79.393,79.54,79.163,79.19,3072
2026-04-15 09:00:00,79.194,79.308,79.043,79.267,3023
2026-04-15 09:15:00,79.266,79.454,79.054,79.34,2803
2026-04-15 09:30:00,79.347,79.468,79.156,79.265,2630
2026-04-15 09:45:00,79.263,79.265,79.032,79.179,2705
2026-04-15 10:00:00,79.182,79.255,78.986,79.159,2789
2026-04-15 10:15:00,79.16,79.26,79.028,79.133,2547
2026-04-15 10:30:00,79.135,79.201,79.065,79.09,2250
2026-04-15 10:45:00,79.089,79.291,79.031,79.267,2022
2026-04-15 11:00:00,79.266,79.333,78.552,78.845,3727
2026-04-15 11:15:00,78.847,78.848,78.602,78.638,2455
2026-04-15 11:30:00,78.638,78.713,78.562,78.582,2363
2026-04-15 11:45:00,78.581,78.644,78.226,78.457,2947
2026-04-15 12:00:00,78.455,78.804,78.342,78.782,2427
2026-04-15 12:15:00,78.776,78.776,78.397,78.541,3763
2026-04-15 12:30:00,78.54,78.648,78.434,78.612,2844
2026-04-15 12:45:00,78.616,78.82,78.562,78.778,2576
2026-04-15 13:00:00,78.777,78.8,78.509,78.79,2305
2026-04-15 13:15:00,78.785,78.807,78.626,78.663,1978
2026-04-15 13:30:00,78.664,78.776,78.613,78.735,2030
2026-04-15 13:45:00,78.735,79.092,78.6,79.019,3209
2026-04-15 14:00:00,79.016,79.072,78.731,78.83,3187
2026-04-15 14:15:00,78.838,78.976,78.74,78.813,2633
2026-04-15 14:30:00,78.808,78.874,78.555,78.645,2487
2026-04-15 14:45:00,78.647,78.724,78.542,78.599,2119
2026-04-15 15:00:00,78.598,79.356,78.591,79.307,4407
2026-04-15 15:15:00,79.307,79.48,79.15,79.436,3895
2026-04-15 15:30:00,79.434,79.719,79.203,79.534,6789
2026-04-15 15:45:00,79.532,80.004,79.502,80.0,5539
2026-04-15 16:00:00,79.999,80.368,79.946,80.367,5311
2026-04-15 16:15:00,80.369,80.47,80.149,80.25,5529
2026-04-15 16:30:00,80.252,80.267,79.858,80.033,5197
2026-04-15 16:45:00,80.035,80.091,79.929,79.997,4883
2026-04-15 17:00:00,79.996,80.018,79.423,79.787,5685
2026-04-15 17:15:00,79.784,79.787,79.206,79.212,4238
2026-04-15 17:30:00,79.213,79.482,78.803,79.377,4779
2026-04-15 17:45:00,79.377,79.507,79.196,79.29,3555
2026-04-15 18:00:00,79.291,79.659,79.254,79.58,3639
2026-04-15 18:15:00,79.578,79.632,79.422,79.513,3824
2026-04-15 18:30:00,79.514,79.551,79.142,79.193,3966
2026-04-15 18:45:00,79.189,79.308,79.072,79.272,4358
2026-04-15 19:00:00,79.271,79.276,79.018,79.025,3230
2026-04-15 19:15:00,79.033,79.473,79.027,79.37,3217
2026-04-15 19:30:00,79.369,79.508,79.122,79.201,3231
2026-04-15 19:45:00,79.202,79.292,79.035,79.066,2762
2026-04-15 20:00:00,79.067,79.295,78.988,79.217,4218
2026-04-15 20:15:00,79.217,79.302,79.143,79.186,3328
2026-04-15 20:30:00,79.187,79.266,79.109,79.16,3613
2026-04-15 20:45:00,79.162,79.362,79.157,79.287,2737
2026-04-15 21:00:00,79.286,79.417,79.223,79.229,3662
2026-04-15 21:15:00,79.228,79.468,79.194,79.464,2715
2026-04-15 21:30:00,79.461,79.484,79.266,79.37,2560
2026-04-15 21:45:00,79.368,79.525,79.324,79.354,4054
2026-04-15 22:00:00,79.356,79.381,79.098,79.18,1524
2026-04-15 22:15:00,79.18,79.199,79.123,79.143,889
2026-04-15 22:30:00,79.143,79.143,79.025,79.053,739
2026-04-15 22:45:00,79.053,79.11,78.867,78.944,1163
2026-04-16 00:00:00,79.168,79.252,79.005,79.113,903
2026-04-16 00:15:00,79.125,79.273,79.111,79.273,1113
2026-04-16 00:30:00,79.277,79.31,79.238,79.248,1142
2026-04-16 00:45:00,79.249,79.389,79.248,79.338,1065
2026-04-16 01:00:00,79.337,79.401,79.323,79.381,737
2026-04-16 01:15:00,79.38,79.399,79.353,79.375,659
2026-04-16 01:30:00,79.374,79.535,79.369,79.513,1328
2026-04-16 01:45:00,79.512,79.552,79.453,79.459,795
2026-04-16 02:00:00,79.46,79.911,79.46,79.89,1381
2026-04-16 02:15:00,79.891,79.992,79.77,79.793,1690
2026-04-16 02:30:00,79.795,80.133,79.776,79.971,1547
2026-04-16 02:45:00,79.972,80.236,79.949,80.118,1548
2026-04-16 03:00:00,80.115,80.492,80.03,80.377,4890
2026-04-16 03:15:00,80.378,80.507,80.244,80.342,3151
2026-04-16 03:30:00,80.346,80.437,79.909,80.089,3411
2026-04-16 03:45:00,80.081,80.283,80.039,80.066,3031
2026-04-16 04:00:00,80.066,80.337,79.91,80.196,2580
2026-04-16 04:15:00,80.195,80.3,80.14,80.174,1227
2026-04-16 04:30:00,80.176,80.254,79.936,80.139,2418
2026-04-16 04:45:00,80.142,80.441,80.099,80.356,2569
2026-04-16 05:00:00,80.355,80.511,80.332,80.509,2345
2026-04-16 05:15:00,80.508,80.565,80.396,80.449,1821
2026-04-16 05:30:00,80.451,80.586,80.265,80.28,1510
2026-04-16 05:45:00,80.282,80.448,80.28,80.338,692
2026-04-16 06:00:00,80.335,80.441,80.281,80.415,1029
2026-04-16 06:15:00,80.418,80.543,80.389,80.41,1108
2026-04-16 06:30:00,80.411,80.6,80.371,80.528,1157
2026-04-16 06:45:00,80.529,80.651,80.481,80.645,860
2026-04-16 07:00:00,80.646,80.756,80.63,80.654,1336
2026-04-16 07:15:00,80.644,80.745,80.621,80.734,992
2026-04-16 07:30:00,80.739,80.844,80.282,80.304,3126
2026-04-16 07:45:00,80.305,80.494,80.302,80.377,2750
2026-04-16 08:00:00,80.377,80.599,80.339,80.466,2756
2026-04-16 08:15:00,80.468,80.488,80.228,80.268,2937
2026-04-16 08:30:00,80.269,80.335,80.167,80.271,3060
2026-04-16 08:45:00,80.271,80.471,80.25,80.291,3303
2026-04-16 09:00:00,80.294,80.408,80.103,80.131,3082
2026-04-16 09:15:00,80.13,80.28,80.009,80.237,2576
2026-04-16 09:30:00,80.238,80.304,80.128,80.239,2077
2026-04-16 09:45:00,80.242,80.247,79.986,80.055,1813
2026-04-16 10:00:00,80.057,80.116,79.694,79.812,2985
2026-04-16 10:15:00,79.813,79.884,79.625,79.728,2701
2026-04-16 10:30:00,79.729,79.809,79.615,79.756,2844
2026-04-16 10:45:00,79.755,79.804,79.621,79.749,2084
2026-04-16 11:00:00,79.75,79.849,79.694,79.703,2005
2026-04-16 11:15:00,79.704,79.728,79.497,79.59,1827
2026-04-16 11:30:00,79.589,79.645,79.423,79.611,2060
2026-04-16 11:45:00,79.609,79.611,79.474,79.529,1727
2026-04-16 12:00:00,79.53,79.587,79.424,79.425,1763
2026-04-16 12:15:00,79.426,79.581,79.376,79.501,1438
2026-04-16 12:30:00,79.501,79.62,79.461,79.524,1833
2026-04-16 12:45:00,79.523,79.789,79.38,79.759,1979
2026-04-16 13:00:00,79.76,79.786,79.569,79.696,2252
2026-04-16 13:15:00,79.699,79.735,79.495,79.557,1618
2026-04-16 13:30:00,79.557,79.658,79.434,79.499,1792
2026-04-16 13:45:00,79.497,79.683,79.4,79.653,1690
2026-04-16 14:00:00,79.652,79.697,79.378,79.516,2267
2026-04-16 14:15:00,79.513,79.517,79.147,79.215,1979
2026-04-16 14:30:00,79.214,79.346,78.978,79.07,2797
2026-04-16 14:45:00,79.069,79.305,79.038,79.23,2029
2026-04-16 15:00:00,79.231,79.656,79.231,79.339,3703
2026-04-16 15:15:00,79.337,79.552,79.33,79.431,2816
2026-04-16 15:30:00,79.432,79.769,79.342,79.491,6184
2026-04-16 15:45:00,79.489,79.58,78.241,78.678,6758
2026-04-16 16:00:00,78.667,78.887,78.043,78.799,7085
2026-04-16 16:15:00,78.801,78.871,78.387,78.726,6547
2026-04-16 16:30:00,78.729,78.767,78.087,78.504,6776
2026-04-16 16:45:00,78.492,78.637,78.404,78.497,6128
2026-04-16 17:00:00,78.498,79.131,78.493,78.948,5674
2026-04-16 17:15:00,78.947,79.058,78.67,78.673,4669
2026-04-16 17:30:00,78.664,78.889,78.514,78.747,5683
2026-04-16 17:45:00,78.749,78.943,78.674,78.908,4590
2026-04-16 18:00:00,78.91,79.011,78.826,78.876,4578
2026-04-16 18:15:00,78.878,78.939,78.658,78.717,3205
2026-04-16 18:30:00,78.717,78.753,78.287,78.538,5471
2026-04-16 18:45:00,78.538,78.658,78.454,78.584,4254
2026-04-16 19:00:00,78.583,78.717,78.488,78.509,4658
2026-04-16 19:15:00,78.51,78.671,78.343,78.354,4184
2026-04-16 19:30:00,78.355,78.421,78.174,78.3,5082
2026-04-16 19:45:00,78.299,78.348,78.151,78.292,4381
2026-04-16 20:00:00,78.293,78.514,78.242,78.388,5779
2026-04-16 20:15:00,78.386,78.466,78.318,78.369,4681
2026-04-16 20:30:00,78.38,78.573,78.38,78.546,3013
2026-04-16 20:45:00,78.545,78.593,78.446,78.504,3088
2026-04-16 21:00:00,78.505,78.711,78.505,78.599,3809
2026-04-16 21:15:00,78.597,78.733,78.55,78.554,3706
2026-04-16 21:30:00,78.558,78.748,78.554,78.72,2976
2026-04-16 21:45:00,78.721,78.773,78.598,78.697,3738
2026-04-16 22:00:00,78.696,78.722,78.528,78.536,1175
2026-04-16 22:15:00,78.535,78.561,78.436,78.447,674
2026-04-16 22:30:00,78.447,78.501,78.396,78.472,599
2026-04-16 22:45:00,78.472,78.51,78.366,78.401,550
2026-04-17 00:00:00,78.626,78.828,78.561,78.773,1019
2026-04-17 00:15:00,78.775,78.811,78.694,78.748,505
2026-04-17 00:30:00,78.748,78.807,78.67,78.783,853
2026-04-17 00:45:00,78.784,78.832,78.768,78.791,673
2026-04-17 01:00:00,78.791,78.803,78.708,78.714,741
2026-04-17 01:15:00,78.714,78.829,78.707,78.746,664
2026-04-17 01:30:00,78.746,78.817,78.673,78.787,604
2026-04-17 01:45:00,78.787,78.816,78.663,78.672,1425
2026-04-17 02:00:00,78.673,78.69,78.44,78.568,2867
2026-04-17 02:15:00,78.569,78.671,78.501,78.637,2526
2026-04-17 02:30:00,78.638,78.801,78.632,78.772,2189
2026-04-17 02:45:00,78.776,78.857,78.686,78.708,1946
2026-04-17 03:00:00,78.709,78.765,77.755,78.134,4945
2026-04-17 03:15:00,78.137,78.362,77.761,77.829,4372
2026-04-17 03:30:00,77.84,78.149,77.772,78.143,4081
2026-04-17 03:45:00,78.142,78.455,78.098,78.412,3427
2026-04-17 04:00:00,78.41,78.493,78.279,78.365,2876
2026-04-17 04:15:00,78.367,78.384,78.237,78.239,1035
2026-04-17 04:30:00,78.25,78.546,78.228,78.449,2307
2026-04-17 04:45:00,78.45,78.568,78.273,78.284,1987
2026-04-17 05:00:00,78.282,79.075,78.281,79.002,2830
2026-04-17 05:15:00,79.001,79.127,78.935,78.94,2075
2026-04-17 05:30:00,78.939,78.974,78.767,78.857,965
2026-04-17 05:45:00,78.855,79.001,78.852,78.882,888
2026-04-17 06:00:00,78.883,79.028,78.855,79.013,784
2026-04-17 06:15:00,79.014,79.042,78.942,79.01,723
2026-04-17 06:30:00,79.009,79.241,78.987,79.231,1061
2026-04-17 06:45:00,79.233,79.237,79.057,79.112,923
2026-04-17 07:00:00,79.114,79.15,78.967,79.1,1150
2026-04-17 07:15:00,79.093,79.15,79.019,79.066,1138
2026-04-17 07:30:00,79.051,79.151,78.866,79.042,2797
2026-04-17 07:45:00,79.043,79.181,78.895,78.903,2380
2026-04-17 08:00:00,78.904,79.017,78.667,78.691,3295
2026-04-17 08:15:00,78.69,78.771,78.579,78.599,2703
2026-04-17 08:30:00,78.588,78.673,78.473,78.645,3546
2026-04-17 08:45:00,78.644,78.707,78.576,78.641,2955
2026-04-17 09:00:00,78.648,78.807,78.624,78.709,3109
2026-04-17 09:15:00,78.71,78.835,78.59,78.807,2856
2026-04-17 09:30:00,78.806,78.896,78.684,78.891,3009
2026-04-17 09:45:00,78.892,78.929,78.75,78.909,3041
2026-04-17 10:00:00,78.906,79.072,78.904,78.969,2976
2026-04-17 10:15:00,78.967,79.01,78.923,78.966,2386
2026-04-17 10:30:00,78.965,79.417,78.961,79.399,2534
2026-04-17 10:45:00,79.401,79.489,79.267,79.486,2880
2026-04-17 11:00:00,79.485,79.739,79.471,79.558,2814
2026-04-17 11:15:00,79.557,79.752,79.539,79.697,2730
2026-04-17 11:30:00,79.698,79.782,79.613,79.672,1966
2026-04-17 11:45:00,79.673,79.681,79.565,79.566,1656
2026-04-17 12:00:00,79.565,79.571,79.42,79.524,2101
2026-04-17 12:15:00,79.525,79.575,79.392,79.412,1747
2026-04-17 12:30:00,79.413,79.413,79.183,79.216,2093
2026-04-17 12:45:00,79.215,79.324,79.18,79.287,2365
2026-04-17 13:00:00,79.289,79.377,79.095,79.139,2467
2026-04-17 13:15:00,79.138,79.246,79.063,79.243,2224
2026-04-17 13:30:00,79.244,79.421,79.239,79.42,2522
2026-04-17 13:45:00,79.427,79.641,79.423,79.619,3322
2026-04-17 14:00:00,79.62,79.84,79.586,79.744,2981
2026-04-17 14:15:00,79.745,80.098,79.694,80.081,3985
2026-04-17 14:30:00,80.084,80.268,80.017,80.179,4074
2026-04-17 14:45:00,80.18,81.592,80.123,81.532,6786
2026-04-17 15:00:00,81.533,82.311,81.056,81.973,7430
2026-04-17 15:15:00,81.975,81.978,81.329,81.613,5949
2026-04-17 15:30:00,81.616,82.167,81.496,81.979,7594
2026-04-17 15:45:00,81.983,82.418,81.556,82.335,6952
2026-04-17 16:00:00,82.362,82.475,81.973,82.017,5823
2026-04-17 16:15:00,82.015,82.677,82.015,82.482,5389
2026-04-17 16:30:00,82.48,82.988,82.407,82.918,4507
2026-04-17 16:45:00,82.922,83.033,82.664,82.679,4902
2026-04-17 17:00:00,82.678,82.882,82.384,82.588,5444
2026-04-17 17:15:00,82.59,82.721,82.154,82.173,4657
2026-04-17 17:30:00,82.176,82.441,82.004,82.112,4623
2026-04-17 17:45:00,82.117,82.426,82.054,82.257,4560
2026-04-17 18:00:00,82.256,82.503,82.109,82.406,4117
2026-04-17 18:15:00,82.407,82.452,82.206,82.216,3672
2026-04-17 18:30:00,82.217,82.449,82.217,82.305,3119
2026-04-17 18:45:00,82.308,82.341,82.121,82.2,3731
2026-04-17 19:00:00,82.199,82.313,81.832,81.947,3829
2026-04-17 19:15:00,81.947,82.015,81.343,81.473,5358
2026-04-17 19:30:00,81.471,81.653,81.37,81.402,4827
2026-04-17 19:45:00,81.388,81.787,81.387,81.78,3508
2026-04-17 20:00:00,81.778,81.891,81.624,81.653,3783
2026-04-17 20:15:00,81.658,82.03,81.642,81.799,4350
2026-04-17 20:30:00,81.798,81.899,81.647,81.754,3337
2026-04-17 20:45:00,81.754,81.772,81.418,81.49,3639
2026-04-17 21:00:00,81.491,81.511,81.248,81.379,2996
2026-04-17 21:15:00,81.378,81.46,81.092,81.242,2553
2026-04-17 21:30:00,81.241,81.497,81.22,81.453,2629
2026-04-17 21:45:00,81.452,81.452,81.218,81.321,3819
2026-04-17 22:00:00,81.324,81.366,81.066,81.161,2228
2026-04-17 22:15:00,81.162,81.221,81.099,81.138,1906
2026-04-17 22:30:00,81.136,81.188,80.97,80.993,1883
2026-04-17 22:45:00,80.988,81.028,80.867,80.869,1572
2026-04-20 00:00:00,79.127,79.779,78.97,79.569,3582
2026-04-20 00:15:00,79.57,79.723,79.53,79.584,3048
2026-04-20 00:30:00,79.583,79.731,79.532,79.542,1802
2026-04-20 00:45:00,79.541,79.763,79.534,79.54,2066
2026-04-20 01:00:00,79.541,79.611,79.333,79.366,2931
2026-04-20 01:15:00,79.365,79.411,79.221,79.247,2523
2026-04-20 01:30:00,79.249,79.355,78.613,78.793,3066
2026-04-20 01:45:00,78.806,79.05,78.611,78.946,3619
2026-04-20 02:00:00,78.947,79.225,78.629,79.188,4411
2026-04-20 02:15:00,79.188,79.466,79.134,79.437,3110
2026-04-20 02:30:00,79.437,79.582,79.35,79.439,2349
2026-04-20 02:45:00,79.444,79.86,79.275,79.829,2795
2026-04-20 03:00:00,79.832,80.207,79.706,79.953,5424
2026-04-20 03:15:00,79.965,80.117,79.731,80.064,3914
2026-04-20 03:30:00,80.065,80.306,80.018,80.28,3100
2026-04-20 03:45:00,80.282,80.661,80.231,80.528,2458
2026-04-20 04:00:00,80.533,80.631,80.333,80.347,3110
2026-04-20 04:15:00,80.345,80.543,80.298,80.429,1959
2026-04-20 04:30:00,80.428,80.551,80.256,80.306,3065
2026-04-20 04:45:00,80.309,80.342,80.105,80.237,2856
2026-04-20 05:00:00,80.235,80.262,80.022,80.069,2544
2026-04-20 05:15:00,80.072,80.278,79.978,80.248,2079
2026-04-20 05:30:00,80.247,80.254,80.072,80.117,1736
2026-04-20 05:45:00,80.096,80.108,79.928,79.93,1157
2026-04-20 06:00:00,79.935,80.078,79.897,79.961,930
2026-04-20 06:15:00,79.959,79.966,79.812,79.935,1011
2026-04-20 06:30:00,79.936,79.936,79.711,79.756,1289
2026-04-20 06:45:00,79.759,79.936,79.642,79.797,1452
2026-04-20 07:00:00,79.8,79.875,79.632,79.704,1696
2026-04-20 07:15:00,79.703,79.754,79.522,79.558,2042
2026-04-20 07:30:00,79.552,79.881,79.297,79.306,3739
2026-04-20 07:45:00,79.308,79.706,79.258,79.637,3911
2026-04-20 08:00:00,79.634,79.856,79.569,79.675,3428
2026-04-20 08:15:00,79.675,79.75,79.517,79.604,3338
2026-04-20 08:30:00,79.602,79.768,79.551,79.649,3701
2026-04-20 08:45:00,79.65,79.779,79.486,79.779,3916
2026-04-20 09:00:00,79.787,80.017,79.678,79.884,4408
2026-04-20 09:15:00,79.882,80.043,79.706,79.743,3789
2026-04-20 09:30:00,79.742,79.76,79.385,79.623,3692
2026-04-20 09:45:00,79.622,79.622,79.243,79.389,3319
2026-04-20 10:00:00,79.388,79.47,79.221,79.299,3427
2026-04-20 10:15:00,79.297,79.4,79.206,79.377,2735
2026-04-20 10:30:00,79.376,79.391,79.214,79.287,2380
2026-04-20 10:45:00,79.279,79.477,79.274,79.448,2472
2026-04-20 11:00:00,79.448,79.552,79.382,79.468,2661
2026-04-20 11:15:00,79.467,79.467,79.332,79.383,2259
2026-04-20 11:30:00,79.381,79.394,79.154,79.323,2546
2026-04-20 11:45:00,79.322,79.384,79.196,79.237,2512
2026-04-20 12:00:00,79.228,79.663,79.216,79.521,2789
2026-04-20 12:15:00,79.522,79.585,79.393,79.449,1801
2026-04-20 12:30:00,79.448,79.491,79.288,79.291,1410
2026-04-20 12:45:00,79.292,79.364,79.212,79.242,2280
2026-04-20 13:00:00,79.238,79.306,79.052,79.172,2726
2026-04-20 13:15:00,79.173,79.284,79.117,79.253,2519
2026-04-20 13:30:00,79.252,79.432,79.206,79.432,3043
2026-04-20 13:45:00,79.431,79.822,79.375,79.784,2948
2026-04-20 14:00:00,79.783,79.841,79.621,79.736,3652
2026-04-20 14:15:00,79.737,79.923,79.433,79.482,3975
2026-04-20 14:30:00,79.48,79.608,79.398,79.508,3591
2026-04-20 14:45:00,79.509,79.637,79.437,79.583,3032
2026-04-20 15:00:00,79.584,80.126,79.54,80.009,5155
2026-04-20 15:15:00,80.007,80.302,79.933,80.284,4062
2026-04-20 15:30:00,80.287,80.415,80.105,80.275,6610
2026-04-20 15:45:00,80.274,80.377,80.176,80.245,5750
2026-04-20 16:00:00,80.257,80.268,79.78,80.029,5834
2026-04-20 16:15:00,80.027,80.289,79.841,80.207,5958
2026-04-20 16:30:00,80.213,80.328,79.823,80.015,5893
2026-04-20 16:45:00,80.016,80.045,79.32,79.67,6667
2026-04-20 17:00:00,79.677,79.787,79.431,79.551,6738
2026-04-20 17:15:00,79.548,79.905,79.412,79.857,6185
2026-04-20 17:30:00,79.862,79.898,79.641,79.688,5612
2026-04-20 17:45:00,79.689,79.852,79.594,79.803,4794
2026-04-20 18:00:00,79.805,79.843,79.628,79.822,4389
2026-04-20 18:15:00,79.823,79.919,79.7,79.872,4932
2026-04-20 18:30:00,79.876,79.91,79.691,79.81,4214
2026-04-20 18:45:00,79.813,79.94,79.789,79.87,3726
2026-04-20 19:00:00,79.874,80.019,79.839,79.969,4248
2026-04-20 19:15:00,79.972,80.087,79.726,79.761,4077
2026-04-20 19:30:00,79.76,79.84,79.643,79.744,3747
2026-04-20 19:45:00,79.745,79.763,79.587,79.636,2825
2026-04-20 20:00:00,79.637,79.866,79.637,79.864,3490
2026-04-20 20:15:00,79.862,79.936,79.79,79.816,4429
2026-04-20 20:30:00,79.817,79.929,79.755,79.912,4735
2026-04-20 20:45:00,79.911,79.984,79.819,79.848,3221
2026-04-20 21:00:00,79.849,80.043,79.849,80.02,3525
2026-04-20 21:15:00,80.021,80.026,79.821,79.822,2992
2026-04-20 21:30:00,79.821,79.841,79.585,79.658,3889
2026-04-20 21:45:00,79.657,79.794,79.657,79.723,3957
2026-04-20 22:00:00,79.72,79.742,79.612,79.633,1142
2026-04-20 22:15:00,79.634,79.749,79.616,79.695,1003
2026-04-20 22:30:00,79.69,79.715,79.611,79.686,1241
2026-04-20 22:45:00,79.687,79.778,79.65,79.706,885
2026-04-21 00:00:00,79.748,80.047,79.661,79.996,1455
2026-04-21 00:15:00,79.997,80.18,79.997,80.033,1516
2026-04-21 00:30:00,80.034,80.065,79.945,80.055,1151
2026-04-21 00:45:00,80.057,80.081,79.987,80.043,1029
2026-04-21 01:00:00,80.043,80.1,79.898,79.919,1183
2026-04-21 01:15:00,79.919,79.986,79.858,79.966,754
2026-04-21 01:30:00,79.963,79.963,79.893,79.942,673
2026-04-21 01:45:00,79.943,79.952,79.785,79.827,632
2026-04-21 02:00:00,79.831,80.03,79.779,79.874,2304
2026-04-21 02:15:00,79.87,79.923,79.57,79.571,2914
2026-04-21 02:30:00,79.572,79.743,79.451,79.738,2557
2026-04-21 02:45:00,79.74,79.883,79.663,79.873,3345
2026-04-21 03:00:00,79.863,79.922,79.37,79.436,4659
2026-04-21 03:15:00,79.437,79.677,79.386,79.677,3045
2026-04-21 03:30:00,79.672,79.724,79.179,79.398,3447
2026-04-21 03:45:00,79.397,79.428,79.17,79.406,3000
2026-04-21 04:00:00,79.405,79.466,79.325,79.413,2711
2026-04-21 04:15:00,79.412,79.447,79.261,79.423,1348
2026-04-21 04:30:00,79.422,79.429,79.156,79.333,3274
2026-04-21 04:45:00,79.334,79.337,79.029,79.245,2703
2026-04-21 05:00:00,79.246,79.262,78.856,78.912,2988
2026-04-21 05:15:00,78.914,78.967,78.534,78.892,3085
2026-04-21 05:30:00,78.891,79.002,78.77,78.924,1947
2026-04-21 05:45:00,78.923,78.989,78.857,78.935,1177
2026-04-21 06:00:00,78.937,78.994,78.902,78.927,1003
2026-04-21 06:15:00,78.925,78.975,78.859,78.908,1390
2026-04-21 06:30:00,78.912,78.966,78.791,78.923,982
2026-04-21 06:45:00,78.92,78.94,78.821,78.883,1006
2026-04-21 07:00:00,78.885,79.093,78.834,79.068,2258
2026-04-21 07:15:00,79.07,79.131,79.001,79.055,1866
2026-04-21 07:30:00,79.057,79.326,79.031,79.301,3274
2026-04-21 07:45:00,79.303,79.303,78.843,78.855,3068
2026-04-21 08:00:00,78.849,78.981,78.687,78.841,3571
2026-04-21 08:15:00,78.842,78.842,78.643,78.738,3695
2026-04-21 08:30:00,78.738,78.983,78.694,78.959,2887
2026-04-21 08:45:00,78.956,79.055,78.86,78.887,2892
2026-04-21 09:00:00,78.882,78.969,78.59,78.906,3558
2026-04-21 09:15:00,78.904,79.014,78.893,78.937,2645
2026-04-21 09:30:00,78.938,79.119,78.89,79.091,2550
2026-04-21 09:45:00,79.085,79.306,78.959,78.965,2577
2026-04-21 10:00:00,78.962,79.012,78.481,78.573,3221
2026-04-21 10:15:00,78.573,78.977,78.556,78.952,2215
2026-04-21 10:30:00,78.951,79.056,78.858,79.035,2033
2026-04-21 10:45:00,79.033,79.04,78.812,78.812,1754
2026-04-21 11:00:00,78.816,78.818,78.597,78.711,2354
2026-04-21 11:15:00,78.712,78.881,78.701,78.797,2255
2026-04-21 11:30:00,78.798,78.893,78.775,78.887,2058
2026-04-21 11:45:00,78.889,78.985,78.804,78.919,1925
2026-04-21 12:00:00,78.925,79.027,78.897,78.928,2837
2026-04-21 12:15:00,78.929,78.986,78.836,78.877,1998
2026-04-21 12:30:00,78.878,78.994,78.876,78.937,1629
2026-04-21 12:45:00,78.937,79.033,78.935,78.983,1508
2026-04-21 13:00:00,78.98,78.989,78.552,78.698,3055
2026-04-21 13:15:00,78.691,78.789,78.645,78.782,2638
2026-04-21 13:30:00,78.783,79.15,78.774,79.086,2730
2026-04-21 13:45:00,79.091,79.27,79.051,79.174,2394
2026-04-21 14:00:00,79.175,79.235,79.062,79.068,2647
2026-04-21 14:15:00,79.071,79.081,78.656,78.768,3579
2026-04-21 14:30:00,78.77,78.957,78.357,78.549,5266
2026-04-21 14:45:00,78.551,78.914,78.527,78.744,4341
2026-04-21 15:00:00,78.741,78.877,78.104,78.152,5823
2026-04-21 15:15:00,78.156,78.452,78.125,78.448,4576
2026-04-21 15:30:00,78.441,79.029,78.405,78.83,6934
2026-04-21 15:45:00,78.827,78.982,78.697,78.741,5309
2026-04-21 16:00:00,78.74,78.875,78.606,78.729,5560
2026-04-21 16:15:00,78.733,78.749,78.347,78.472,5197
2026-04-21 16:30:00,78.473,78.509,77.611,77.652,6660
2026-04-21 16:45:00,77.654,77.709,76.748,76.867,7831
2026-04-21 17:00:00,76.866,77.235,76.665,77.165,7409
2026-04-21 17:15:00,77.165,77.377,76.946,76.991,6105
2026-04-21 17:30:00,76.985,77.041,76.735,76.988,5990
2026-04-21 17:45:00,76.987,77.086,76.852,76.965,4813
2026-04-21 18:00:00,76.974,77.264,76.688,76.799,6036
2026-04-21 18:15:00,76.798,76.931,76.432,76.467,5025
2026-04-21 18:30:00,76.469,76.784,76.456,76.622,5780
2026-04-21 18:45:00,76.623,76.731,76.248,76.325,5479
2026-04-21 19:00:00,76.329,76.528,76.143,76.273,6246
2026-04-21 19:15:00,76.28,76.554,76.187,76.338,5888
2026-04-21 19:30:00,76.335,76.938,76.319,76.865,5697
2026-04-21 19:45:00,76.865,76.881,76.591,76.724,5152
2026-04-21 20:00:00,76.723,76.816,76.536,76.629,5867
2026-04-21 20:15:00,76.63,76.658,76.368,76.492,4541
2026-04-21 20:30:00,76.494,76.626,76.493,76.567,3536
2026-04-21 20:45:00,76.566,76.89,76.413,76.775,5554
2026-04-21 21:00:00,76.776,76.926,76.666,76.749,5669
2026-04-21 21:15:00,76.747,77.057,76.706,77.055,5905
2026-04-21 21:30:00,77.056,77.095,75.491,75.587,6795
2026-04-21 21:45:00,75.595,75.94,75.489,75.66,6828
2026-04-21 22:00:00,75.66,76.445,75.388,76.175,5371
2026-04-21 22:15:00,76.177,76.582,76.117,76.472,4533
2026-04-21 22:30:00,76.472,76.634,76.461,76.526,2884
2026-04-21 22:45:00,76.526,76.77,76.473,76.664,1623
2026-04-22 00:00:00,77.051,77.051,76.731,76.878,1934
2026-04-22 00:15:00,76.877,76.938,76.805,76.902,1594
2026-04-22 00:30:00,76.901,76.933,76.68,76.703,741
2026-04-22 00:45:00,76.702,76.816,76.699,76.75,737
2026-04-22 01:00:00,76.75,77.098,76.715,77.007,1152
2026-04-22 01:15:00,77.007,77.271,76.987,77.163,1323
2026-04-22 01:30:00,77.163,77.222,77.078,77.184,1321
2026-04-22 01:45:00,77.182,77.356,77.182,77.291,1935
2026-04-22 02:00:00,77.293,77.515,77.293,77.408,3386
2026-04-22 02:15:00,77.409,77.549,77.316,77.527,3124
2026-04-22 02:30:00,77.523,77.656,77.436,77.453,2708
2026-04-22 02:45:00,77.452,77.5,77.344,77.435,3020
2026-04-22 03:00:00,77.433,77.655,77.341,77.403,5439
2026-04-22 03:15:00,77.406,77.793,77.387,77.644,4956
2026-04-22 03:30:00,77.658,77.884,77.641,77.701,3968
2026-04-22 03:45:00,77.704,77.738,77.569,77.584,3735
2026-04-22 04:00:00,77.582,77.911,77.541,77.874,3069
2026-04-22 04:15:00,77.878,77.944,77.786,77.884,1686
2026-04-22 04:30:00,77.885,77.918,77.664,77.699,2704
2026-04-22 04:45:00,77.694,77.917,77.684,77.855,2260
2026-04-22 05:00:00,77.848,78.145,77.777,78.116,2770
2026-04-22 05:15:00,78.114,78.219,78.053,78.199,1817
2026-04-22 05:30:00,78.197,78.28,78.025,78.113,1407
2026-04-22 05:45:00,78.115,78.148,78.038,78.069,847
2026-04-22 06:00:00,78.072,78.122,77.968,78.033,881
2026-04-22 06:15:00,78.035,78.045,77.941,77.974,856
2026-04-22 06:30:00,77.975,77.993,77.881,77.898,843
2026-04-22 06:45:00,77.895,78.026,77.84,78.007,1366
2026-04-22 07:00:00,78.008,78.174,77.947,78.142,1569
2026-04-22 07:15:00,78.141,78.644,78.128,78.436,3207
2026-04-22 07:30:00,78.435,78.659,78.336,78.559,3045
2026-04-22 07:45:00,78.557,78.619,78.461,78.487,3086
2026-04-22 08:00:00,78.486,78.492,78.262,78.382,2958
2026-04-22 08:15:00,78.381,78.568,78.312,78.56,2574
2026-04-22 08:30:00,78.553,78.591,78.438,78.474,2963
2026-04-22 08:45:00,78.475,78.587,78.446,78.558,2631
2026-04-22 09:00:00,78.554,78.613,78.464,78.483,2827
2026-04-22 09:15:00,78.482,78.553,78.342,78.495,2731
2026-04-22 09:30:00,78.496,78.497,78.322,78.418,2620
2026-04-22 09:45:00,78.417,78.434,78.259,78.272,2606
2026-04-22 10:00:00,78.273,78.3,78.131,78.183,3366
2026-04-22 10:15:00,78.185,78.204,77.978,77.995,2965
2026-04-22 10:30:00,77.999,78.123,77.932,78.029,2828
2026-04-22 10:45:00,78.03,78.119,77.944,78.098,2696
2026-04-22 11:00:00,78.097,78.246,78.072,78.164,3151
2026-04-22 11:15:00,78.161,78.202,78.066,78.068,2629
2026-04-22 11:30:00,78.067,78.146,77.951,78.056,2897
2026-04-22 11:45:00,78.055,78.062,77.821,77.902,3004
2026-04-22 12:00:00,77.903,77.976,77.671,77.726,3977
2026-04-22 12:15:00,77.725,77.921,77.72,77.913,3141
2026-04-22 12:30:00,77.912,78.07,77.885,77.937,2269
2026-04-22 12:45:00,77.936,78.03,77.896,78.012,2149
2026-04-22 13:00:00,78.01,78.083,77.957,77.987,2269
2026-04-22 13:15:00,77.984,78.156,77.982,78.09,2550
2026-04-22 13:30:00,78.089,78.176,77.921,77.928,3137
2026-04-22 13:45:00,77.929,78.116,77.925,77.989,3661
2026-04-22 14:00:00,77.986,78.236,77.986,78.086,3890
2026-04-22 14:15:00,78.081,78.146,77.886,77.921,3893
2026-04-22 14:30:00,77.921,77.951,77.645,77.678,5054
2026-04-22 14:45:00,77.672,77.731,77.545,77.651,3569
2026-04-22 15:00:00,77.657,77.887,77.517,77.692,5066
2026-04-22 15:15:00,77.693,77.953,77.398,77.952,5416
2026-04-22 15:30:00,77.953,78.051,77.701,78.041,7409
2026-04-22 15:45:00,78.046,78.263,78.01,78.129,6544
2026-04-22 16:00:00,78.128,78.305,77.995,78.184,6512
2026-04-22 16:15:00,78.185,78.381,78.052,78.067,6680
2026-04-22 16:30:00,78.064,78.099,77.689,77.717,7138
2026-04-22 16:45:00,77.715,77.927,77.669,77.776,6204
2026-04-22 17:00:00,77.775,78.095,77.746,78.045,6348
2026-04-22 17:15:00,78.046,78.046,77.805,77.973,6029
2026-04-22 17:30:00,77.97,77.999,77.689,77.71,4490
2026-04-22 17:45:00,77.712,77.903,77.682,77.827,4368
2026-04-22 18:00:00,77.826,77.963,77.771,77.908,3991
2026-04-22 18:15:00,77.909,77.913,77.732,77.765,4628
2026-04-22 18:30:00,77.764,77.829,77.601,77.716,5002
2026-04-22 18:45:00,77.71,77.729,77.585,77.622,5343
2026-04-22 19:00:00,77.623,78.031,77.614,77.91,5698
2026-04-22 19:15:00,77.909,78.015,77.789,77.809,5075
2026-04-22 19:30:00,77.815,77.856,77.74,77.81,3716
2026-04-22 19:45:00,77.811,77.91,77.752,77.857,4785
2026-04-22 20:00:00,77.858,77.923,77.8,77.852,4192
2026-04-22 20:15:00,77.847,77.863,77.67,77.722,4236
2026-04-22 20:30:00,77.733,77.863,77.683,77.831,2989
2026-04-22 20:45:00,77.83,77.984,77.793,77.857,3473
2026-04-22 21:00:00,77.856,77.863,77.666,77.688,4808
2026-04-22 21:15:00,77.689,77.768,77.635,77.739,3882
2026-04-22 21:30:00,77.741,77.764,77.633,77.69,4022
2026-04-22 21:45:00,77.689,77.814,77.637,77.746,4634
2026-04-22 22:00:00,77.751,77.793,77.635,77.643,2188
2026-04-22 22:15:00,77.639,77.683,77.553,77.619,758
2026-04-22 22:30:00,77.62,77.7,77.601,77.651,927
2026-04-22 22:45:00,77.654,77.73,77.647,77.687,791
2026-04-23 00:00:00,77.664,77.715,77.532,77.572,1396
2026-04-23 00:15:00,77.578,77.702,77.573,77.583,1526
2026-04-23 00:30:00,77.584,77.65,77.52,77.561,1374
2026-04-23 00:45:00,77.56,77.609,77.458,77.471,1148
2026-04-23 01:00:00,77.475,77.552,77.436,77.491,948
2026-04-23 01:15:00,77.491,77.571,77.447,77.478,881
2026-04-23 01:30:00,77.479,77.479,77.391,77.429,651
2026-04-23 01:45:00,77.432,77.545,77.43,77.505,638
2026-04-23 02:00:00,77.504,77.542,76.578,76.58,3531
2026-04-23 02:15:00,76.582,77.811,76.361,77.779,6249
2026-04-23 02:30:00,77.78,78.271,77.777,78.038,4446
2026-04-23 02:45:00,78.037,78.371,78.001,78.156,3267
2026-04-23 03:00:00,78.152,78.315,77.897,77.915,4410
2026-04-23 03:15:00,77.915,77.968,77.437,77.458,3825
2026-04-23 03:30:00,77.459,77.689,77.397,77.638,3877
2026-04-23 03:45:00,77.639,77.719,76.963,77.008,3498
2026-04-23 04:00:00,77.01,77.013,76.599,76.725,3885
2026-04-23 04:15:00,76.726,77.032,76.61,76.829,3455
2026-04-23 04:30:00,76.83,76.924,76.11,76.172,4714
2026-04-23 04:45:00,76.183,76.328,75.765,75.778,5142
2026-04-23 05:00:00,75.783,76.169,75.689,75.868,4738
2026-04-23 05:15:00,75.864,76.011,75.643,75.777,4565
2026-04-23 05:30:00,75.772,76.264,75.763,76.168,3321
2026-04-23 05:45:00,76.169,76.23,76.022,76.118,2599
2026-04-23 06:00:00,76.118,76.295,76.058,76.274,2221
2026-04-23 06:15:00,76.276,76.276,76.08,76.152,1960
2026-04-23 06:30:00,76.154,76.216,76.071,76.074,1706
2026-04-23 06:45:00,76.073,76.235,75.989,76.216,2030
2026-04-23 07:00:00,76.215,76.315,76.168,76.252,2044
2026-04-23 07:15:00,76.249,76.257,76.054,76.092,1909
2026-04-23 07:30:00,76.092,76.108,75.555,75.906,3834
2026-04-23 07:45:00,75.909,76.284,75.9,76.236,3362
2026-04-23 08:00:00,76.236,76.296,75.934,75.989,3526
2026-04-23 08:15:00,75.988,76.117,75.802,76.069,2992
2026-04-23 08:30:00,76.071,76.142,75.94,76.078,3113
2026-04-23 08:45:00,76.076,76.263,76.038,76.119,3341
2026-04-23 09:00:00,76.118,76.128,75.925,75.991,3825
2026-04-23 09:15:00,75.988,76.098,75.81,75.824,2963
2026-04-23 09:30:00,75.821,76.096,75.739,76.084,2997
2026-04-23 09:45:00,76.085,76.351,76.085,76.197,2803
2026-04-23 10:00:00,76.199,76.29,76.057,76.114,3058
2026-04-23 10:15:00,76.115,76.193,75.975,75.985,2689
2026-04-23 10:30:00,75.986,76.01,75.596,75.601,3239
2026-04-23 10:45:00,75.6,75.719,75.46,75.608,2548
2026-04-23 11:00:00,75.604,75.612,75.077,75.165,3521
2026-04-23 11:15:00,75.163,75.529,75.093,75.483,3063
2026-04-23 11:30:00,75.471,75.559,75.418,75.471,2511
2026-04-23 11:45:00,75.472,75.514,75.27,75.369,2542
2026-04-23 12:00:00,75.37,75.441,74.825,74.915,3304
2026-04-23 12:15:00,74.916,75.015,74.253,74.257,3456
2026-04-23 12:30:00,74.261,74.53,74.225,74.486,3192
2026-04-23 12:45:00,74.483,74.584,74.292,74.563,2962
2026-04-23 13:00:00,74.566,74.688,74.444,74.527,3055
2026-04-23 13:15:00,74.526,74.752,74.499,74.632,2234
2026-04-23 13:30:00,74.632,75.066,74.581,75.057,3154
2026-04-23 13:45:00,75.058,75.605,75.011,75.514,3809
2026-04-23 14:00:00,75.502,76.319,75.489,76.224,4654
2026-04-23 14:15:00,76.222,76.724,76.173,76.707,4124
2026-04-23 14:30:00,76.705,76.996,76.695,76.855,4383
2026-04-23 14:45:00,76.856,76.961,76.591,76.792,4767
2026-04-23 15:00:00,76.796,76.935,76.238,76.293,4839
2026-04-23 15:15:00,76.291,76.399,75.942,75.954,4144
2026-04-23 15:30:00,75.956,76.347,75.736,76.306,6399
2026-04-23 15:45:00,76.306,76.42,75.88,75.88,6137
2026-04-23 16:00:00,75.88,75.902,75.48,75.844,6441
2026-04-23 16:15:00,75.839,76.284,75.822,76.227,5064
2026-04-23 16:30:00,76.226,76.395,76.086,76.257,4716
2026-04-23 16:45:00,76.256,76.374,76.099,76.236,4369
2026-04-23 17:00:00,76.239,76.286,75.989,76.139,4643
2026-04-23 17:15:00,76.142,76.489,76.117,76.207,4276
2026-04-23 17:30:00,76.206,76.284,76.031,76.033,4827
2026-04-23 17:45:00,76.038,76.074,75.797,76.02,5667
2026-04-23 18:00:00,76.018,76.15,75.912,76.071,4847
2026-04-23 18:15:00,76.064,76.215,76.058,76.148,3503
2026-04-23 18:30:00,76.151,76.39,76.116,76.367,3115
2026-04-23 18:45:00,76.369,76.484,76.277,76.323,3131
2026-04-23 19:00:00,76.328,76.377,75.535,75.763,6931
2026-04-23 19:15:00,75.759,75.79,75.337,75.461,7228
2026-04-23 19:30:00,75.462,75.697,74.795,74.901,7105
2026-04-23 19:45:00,74.907,75.673,74.593,75.625,8087
2026-04-23 20:00:00,75.625,76.048,75.602,75.877,6243
2026-04-23 20:15:00,75.876,76.032,75.773,76.008,4986
2026-04-23 20:30:00,76.008,76.112,75.763,75.872,4630
2026-04-23 20:45:00,75.874,75.887,75.508,75.566,4916
2026-04-23 21:00:00,75.563,75.694,75.422,75.629,5586
2026-04-23 21:15:00,75.629,75.783,75.623,75.739,3991
2026-04-23 21:30:00,75.738,75.811,75.387,75.435,5258
2026-04-23 21:45:00,75.436,75.645,75.376,75.529,4222
2026-04-23 22:00:00,75.528,75.57,75.318,75.322,2690
2026-04-23 22:15:00,75.32,75.411,75.205,75.345,1609
2026-04-23 22:30:00,75.346,75.416,75.336,75.404,1258
2026-04-23 22:45:00,75.404,75.428,75.314,75.408,971
2026-04-24 00:00:00,75.607,75.757,75.504,75.64,1552
2026-04-24 00:15:00,75.639,75.657,75.336,75.42,1713
2026-04-24 00:30:00,75.417,75.618,75.407,75.455,1873
2026-04-24 00:45:00,75.457,75.473,75.303,75.399,1504
2026-04-24 01:00:00,75.398,75.467,75.268,75.308,1752
2026-04-24 01:15:00,75.309,75.487,75.21,75.482,1771
2026-04-24 01:30:00,75.481,75.67,75.472,75.613,1745
2026-04-24 01:45:00,75.614,75.686,75.42,75.518,1706
2026-04-24 02:00:00,75.519,75.704,75.38,75.622,3560
2026-04-24 02:15:00,75.621,75.851,75.51,75.836,2681
2026-04-24 02:30:00,75.834,75.919,75.596,75.603,2831
2026-04-24 02:45:00,75.601,75.811,75.439,75.741,2734
2026-04-24 03:00:00,75.741,75.891,75.286,75.725,4563
2026-04-24 03:15:00,75.727,75.826,75.36,75.365,4518
2026-04-24 03:30:00,75.36,75.514,75.055,75.102,4472
2026-04-24 03:45:00,75.101,75.633,75.08,75.59,3505
2026-04-24 04:00:00,75.591,75.612,75.227,75.373,3319
2026-04-24 04:15:00,75.383,75.427,75.063,75.11,2340
2026-04-24 04:30:00,75.122,75.404,75.015,75.219,3081
2026-04-24 04:45:00,75.217,75.287,74.846,74.968,3425
2026-04-24 05:00:00,74.974,75.092,74.669,74.717,3671
2026-04-24 05:15:00,74.728,74.993,74.7,74.86,3161
2026-04-24 05:30:00,74.863,75.05,74.763,74.911,2094
2026-04-24 05:45:00,74.914,74.97,74.792,74.814,1673
2026-04-24 06:00:00,74.812,74.959,74.674,74.845,1978
2026-04-24 06:15:00,74.847,74.877,74.652,74.723,1954
2026-04-24 06:30:00,74.726,74.853,74.672,74.846,1827
2026-04-24 06:45:00,74.849,75.047,74.849,74.994,2017
2026-04-24 07:00:00,74.996,75.086,74.806,74.903,2020
2026-04-24 07:15:00,74.92,75.001,74.836,74.94,2026
2026-04-24 07:30:00,74.944,75.192,74.883,74.952,3362
2026-04-24 07:45:00,74.95,75.105,74.872,75.083,2935
2026-04-24 08:00:00,75.085,75.121,74.886,74.928,3091
2026-04-24 08:15:00,74.926,74.965,74.386,74.465,3596
2026-04-24 08:30:00,74.463,74.601,74.268,74.338,4490
2026-04-24 08:45:00,74.337,74.397,73.932,74.278,4558
2026-04-24 09:00:00,74.277,74.7,74.225,74.657,3154
2026-04-24 09:15:00,74.658,74.742,74.565,74.654,2604
2026-04-24 09:30:00,74.653,74.684,74.55,74.637,2434
2026-04-24 09:45:00,74.636,74.919,74.593,74.89,2276
2026-04-24 10:00:00,74.88,74.918,74.533,74.612,3089
2026-04-24 10:15:00,74.613,74.968,74.613,74.684,3103
2026-04-24 10:30:00,74.684,74.757,74.602,74.725,2272
2026-04-24 10:45:00,74.724,74.895,74.711,74.818,2427
2026-04-24 11:00:00,74.824,74.969,74.802,74.911,2883
2026-04-24 11:15:00,74.916,74.966,74.666,74.816,3227
2026-04-24 11:30:00,74.813,74.932,74.732,74.856,2493
2026-04-24 11:45:00,74.855,74.868,74.567,74.673,2397
2026-04-24 12:00:00,74.672,74.756,74.621,74.709,2330
2026-04-24 12:15:00,74.708,74.897,74.676,74.84,2428
2026-04-24 12:30:00,74.843,74.905,74.69,74.851,2410
2026-04-24 12:45:00,74.856,74.888,74.784,74.804,1770
2026-04-24 13:00:00,74.81,75.721,74.796,75.564,5442
2026-04-24 13:15:00,75.563,76.175,75.488,76.173,5565
2026-04-24 13:30:00,76.175,76.217,75.822,75.84,4450
2026-04-24 13:45:00,75.839,75.965,75.766,75.931,3164
2026-04-24 14:00:00,75.936,76.136,75.899,76.061,3697
2026-04-24 14:15:00,76.066,76.201,75.948,76.036,3708
2026-04-24 14:30:00,76.035,76.066,75.579,75.582,3704
2026-04-24 14:45:00,75.581,75.7,75.422,75.555,3711
2026-04-24 15:00:00,75.567,75.746,75.202,75.577,4899
2026-04-24 15:15:00,75.578,75.71,75.271,75.413,4523
2026-04-24 15:30:00,75.412,75.653,75.203,75.571,7100
2026-04-24 15:45:00,75.572,75.931,75.514,75.745,6307
2026-04-24 16:00:00,75.74,76.204,75.6,75.989,6855
2026-04-24 16:15:00,75.988,76.124,75.79,75.919,6207
2026-04-24 16:30:00,75.912,76.129,75.828,76.046,6253
2026-04-24 16:45:00,76.049,76.1,75.801,75.874,5545
2026-04-24 17:00:00,75.878,75.94,75.657,75.715,4571
2026-04-24 17:15:00,75.716,75.89,75.603,75.692,4468
2026-04-24 17:30:00,75.693,76.127,75.639,76.083,4434
2026-04-24 17:45:00,76.076,76.532,76.065,76.344,6848
2026-04-24 18:00:00,76.319,76.402,76.055,76.09,4802
2026-04-24 18:15:00,76.089,76.219,76.057,76.166,4116
2026-04-24 18:30:00,76.17,76.351,76.103,76.203,4322
2026-04-24 18:45:00,76.202,76.401,76.116,76.368,3956
2026-04-24 19:00:00,76.371,76.529,76.366,76.472,4020
2026-04-24 19:15:00,76.47,76.603,76.249,76.44,3832
2026-04-24 19:30:00,76.438,76.552,76.336,76.466,4028
2026-04-24 19:45:00,76.467,76.649,76.411,76.485,3464
2026-04-24 20:00:00,76.489,76.541,76.369,76.501,3955
2026-04-24 20:15:00,76.5,76.508,76.329,76.343,3874
2026-04-24 20:30:00,76.34,76.439,76.323,76.406,3371
2026-04-24 20:45:00,76.405,76.451,76.309,76.44,3414
2026-04-24 21:00:00,76.442,76.538,76.371,76.42,3746
2026-04-24 21:15:00,76.413,76.431,76.169,76.179,3121
2026-04-24 21:30:00,76.177,76.242,75.998,76.008,3536
2026-04-24 21:45:00,76.007,76.062,75.934,75.967,4270
2026-04-24 22:00:00,75.959,75.979,75.777,75.807,1707
2026-04-24 22:15:00,75.806,75.867,75.776,75.841,1172
2026-04-24 22:30:00,75.843,75.872,75.755,75.767,1207
2026-04-24 22:45:00,75.765,75.776,75.612,75.646,1345
2026-04-27 00:00:00,75.547,75.724,74.949,75.278,2470
2026-04-27 00:15:00,75.284,75.3,75.004,75.172,1688
2026-04-27 00:30:00,75.17,75.185,74.945,75.112,1549
2026-04-27 00:45:00,75.111,75.151,75.048,75.09,1159
2026-04-27 01:00:00,75.067,75.097,74.934,75.022,1475
2026-04-27 01:15:00,75.021,75.097,74.858,74.867,1051
2026-04-27 01:30:00,74.868,74.907,74.709,74.778,1496
2026-04-27 01:45:00,74.779,74.908,74.778,74.878,1239
2026-04-27 02:00:00,74.877,75.078,74.826,75.038,3289
2026-04-27 02:15:00,75.039,75.164,74.942,75.123,2256
2026-04-27 02:30:00,75.127,75.153,74.978,75.103,2086
2026-04-27 02:45:00,75.104,75.66,75.081,75.637,2505
2026-04-27 03:00:00,75.634,76.03,75.375,75.427,5352
2026-04-27 03:15:00,75.428,75.619,75.285,75.493,4571
2026-04-27 03:30:00,75.499,75.584,75.311,75.332,4168
2026-04-27 03:45:00,75.329,75.653,75.308,75.417,3898
2026-04-27 04:00:00,75.418,75.486,75.028,75.128,4069
2026-04-27 04:15:00,75.127,75.418,75.107,75.312,2042
2026-04-27 04:30:00,75.313,75.614,75.262,75.545,3621
2026-04-27 04:45:00,75.546,76.171,75.524,76.015,3571
2026-04-27 05:00:00,76.014,76.114,75.932,75.991,3286
2026-04-27 05:15:00,75.99,76.031,75.911,75.977,2491
2026-04-27 05:30:00,75.978,76.557,75.961,76.503,2248
2026-04-27 05:45:00,76.502,76.561,76.33,76.341,1882
2026-04-27 06:00:00,76.338,76.477,76.338,76.409,1423
2026-04-27 06:15:00,76.408,76.462,76.329,76.461,1428
2026-04-27 06:30:00,76.462,76.53,76.352,76.438,1646
2026-04-27 06:45:00,76.437,76.449,76.305,76.429,2139
2026-04-27 07:00:00,76.428,76.433,76.192,76.203,1869
2026-04-27 07:15:00,76.202,76.206,76.022,76.067,1942
2026-04-27 07:30:00,76.068,76.082,75.626,75.702,3768
2026-04-27 07:45:00,75.701,75.802,75.57,75.603,2871
2026-04-27 08:00:00,75.604,75.878,75.592,75.877,3386
2026-04-27 08:15:00,75.878,75.991,75.75,75.92,2790
2026-04-27 08:30:00,75.918,75.926,75.743,75.782,3122
2026-04-27 08:45:00,75.776,75.969,75.753,75.816,2627
2026-04-27 09:00:00,75.81,75.971,75.715,75.89,3951
2026-04-27 09:15:00,75.889,75.928,75.711,75.847,3661
2026-04-27 09:30:00,75.848,75.884,75.74,75.789,3523
2026-04-27 09:45:00,75.788,75.901,75.693,75.7,2926
2026-04-27 10:00:00,75.699,75.764,75.511,75.555,3584
2026-04-27 10:15:00,75.559,75.682,75.514,75.549,2958
2026-04-27 10:30:00,75.55,75.659,75.476,75.647,3040
2026-04-27 10:45:00,75.648,75.739,75.529,75.571,2814
2026-04-27 11:00:00,75.572,75.605,75.415,75.503,2743
2026-04-27 11:15:00,75.502,75.657,75.428,75.617,2605
2026-04-27 11:30:00,75.616,75.697,75.527,75.688,2488
2026-04-27 11:45:00,75.686,75.686,75.538,75.637,1977
2026-04-27 12:00:00,75.638,75.743,75.588,75.6,2152
2026-04-27 12:15:00,75.601,75.74,75.559,75.717,2322
2026-04-27 12:30:00,75.718,75.887,75.704,75.841,3031
2026-04-27 12:45:00,75.842,75.908,75.81,75.891,2500
2026-04-27 13:00:00,75.89,75.89,75.657,75.661,2427
2026-04-27 13:15:00,75.663,75.769,75.572,75.73,2801
2026-04-27 13:30:00,75.729,75.784,75.456,75.539,3039
2026-04-27 13:45:00,75.54,75.65,75.523,75.643,2737
2026-04-27 14:00:00,75.642,75.853,75.566,75.843,3665
2026-04-27 14:15:00,75.841,75.912,75.557,75.66,4571
2026-04-27 14:30:00,75.659,75.678,75.193,75.24,4536
2026-04-27 14:45:00,75.239,75.599,75.196,75.48,3697
2026-04-27 15:00:00,75.479,75.571,75.051,75.17,6086
2026-04-27 15:15:00,75.168,75.492,75.142,75.468,4669
2026-04-27 15:30:00,75.469,75.534,75.223,75.275,6974
2026-04-27 15:45:00,75.278,75.506,74.993,75.483,6791
2026-04-27 16:00:00,75.481,75.562,75.215,75.292,6810
2026-04-27 16:15:00,75.291,75.363,75.079,75.123,6111
2026-04-27 16:30:00,75.118,75.518,74.971,75.258,6581
2026-04-27 16:45:00,75.259,75.286,74.849,74.961,6267
2026-04-27 17:00:00,74.966,75.012,74.643,74.961,6936
2026-04-27 17:15:00,74.96,75.181,74.896,75.18,5738
2026-04-27 17:30:00,75.181,75.252,75.116,75.175,5630
2026-04-27 17:45:00,75.167,75.176,74.88,74.935,5778
2026-04-27 18:00:00,74.934,75.021,74.777,74.968,3768
2026-04-27 18:15:00,74.964,75.119,74.957,75.087,3150
2026-04-27 18:30:00,75.085,75.241,75.085,75.124,3626
2026-04-27 18:45:00,75.121,75.213,75.12,75.143,4293
2026-04-27 19:00:00,75.144,75.247,75.054,75.139,4650
2026-04-27 19:15:00,75.138,75.176,74.909,75.017,5312
2026-04-27 19:30:00,75.016,75.209,74.998,75.184,4023
2026-04-27 19:45:00,75.185,75.363,75.181,75.316,3749
2026-04-27 20:00:00,75.315,75.489,75.19,75.449,3063
2026-04-27 20:15:00,75.444,75.534,75.404,75.503,3630
2026-04-27 20:30:00,75.499,75.667,75.477,75.587,2845
2026-04-27 20:45:00,75.586,75.718,75.545,75.634,3741
2026-04-27 21:00:00,75.633,75.633,75.433,75.504,3391
2026-04-27 21:15:00,75.503,75.604,75.484,75.497,3010
2026-04-27 21:30:00,75.494,75.5,75.391,75.476,2520
2026-04-27 21:45:00,75.477,75.549,75.429,75.493,3273
2026-04-27 22:00:00,75.496,75.542,75.388,75.488,1363
2026-04-27 22:15:00,75.49,75.522,75.427,75.429,1512
2026-04-27 22:30:00,75.428,75.472,75.361,75.45,887
2026-04-27 22:45:00,75.449,75.477,75.41,75.443,1090
2026-04-28 00:00:00,75.523,75.877,75.486,75.833,1288
2026-04-28 00:15:00,75.833,75.899,75.799,75.87,1027
2026-04-28 00:30:00,75.87,75.933,75.826,75.845,854
2026-04-28 00:45:00,75.842,75.911,75.823,75.907,584
2026-04-28 01:00:00,75.901,75.929,75.839,75.922,852
2026-04-28 01:15:00,75.925,75.953,75.887,75.913,863
2026-04-28 01:30:00,75.909,75.953,75.9,75.94,786
2026-04-28 01:45:00,75.943,75.967,75.92,75.925,455
2026-04-28 02:00:00,75.927,76.137,75.895,76.052,2256
2026-04-28 02:15:00,76.048,76.078,75.842,75.957,2610
2026-04-28 02:30:00,75.968,75.991,75.866,75.902,1915
2026-04-28 02:45:00,75.905,75.943,75.669,75.669,1638
2026-04-28 03:00:00,75.668,75.772,75.567,75.635,3950
2026-04-28 03:15:00,75.632,75.647,75.392,75.418,3625
2026-04-28 03:30:00,75.417,75.427,75.184,75.27,2660
2026-04-28 03:45:00,75.268,75.279,74.605,74.621,3600
2026-04-28 04:00:00,74.622,74.903,74.329,74.889,3116
2026-04-28 04:15:00,74.891,74.933,74.762,74.859,1971
2026-04-28 04:30:00,74.86,74.86,74.487,74.494,3297
2026-04-28 04:45:00,74.5,74.502,74.17,74.337,3062
2026-04-28 05:00:00,74.336,74.759,74.318,74.682,3327
2026-04-28 05:15:00,74.683,74.773,74.63,74.736,2491
2026-04-28 05:30:00,74.737,74.791,74.638,74.646,1405
2026-04-28 05:45:00,74.642,74.659,74.55,74.61,1198
2026-04-28 06:00:00,74.621,74.647,74.497,74.597,1565
2026-04-28 06:15:00,74.598,74.613,74.512,74.555,1155
2026-04-28 06:30:00,74.552,74.622,74.534,74.562,1427
2026-04-28 06:45:00,74.563,74.57,74.419,74.433,1296
2026-04-28 07:00:00,74.435,74.467,73.972,74.034,2412
2026-04-28 07:15:00,74.033,74.264,73.995,74.198,1501
2026-04-28 07:30:00,74.197,74.203,73.149,73.277,5410
2026-04-28 07:45:00,73.278,73.514,73.186,73.414,4386
2026-04-28 08:00:00,73.416,73.71,73.235,73.601,3868
2026-04-28 08:15:00,73.605,73.631,72.866,73.218,4277
2026-04-28 08:30:00,73.219,73.322,73.007,73.065,3451
2026-04-28 08:45:00,73.068,73.218,72.861,73.218,3666
2026-04-28 09:00:00,73.211,73.523,73.133,73.447,3852
2026-04-28 09:15:00,73.446,73.486,73.229,73.267,3615
2026-04-28 09:30:00,73.278,73.414,73.112,73.249,3289
2026-04-28 09:45:00,73.247,73.352,73.059,73.337,3367
2026-04-28 10:00:00,73.337,73.35,72.671,72.975,4772
2026-04-28 10:15:00,72.974,73.397,72.973,73.397,3527
2026-04-28 10:30:00,73.399,73.687,73.382,73.536,3176
2026-04-28 10:45:00,73.532,73.548,73.355,73.536,2607
2026-04-28 11:00:00,73.535,73.536,73.246,73.384,3121
2026-04-28 11:15:00,73.385,73.451,73.125,73.211,3190
2026-04-28 11:30:00,73.209,73.24,72.855,73.012,3370
2026-04-28 11:45:00,72.985,73.009,72.793,72.933,3076
2026-04-28 12:00:00,72.934,73.222,72.933,73.212,2787
2026-04-28 12:15:00,73.213,73.435,73.158,73.296,2676
2026-04-28 12:30:00,73.295,73.397,73.277,73.346,2457
2026-04-28 12:45:00,73.348,73.478,73.204,73.205,2869
2026-04-28 13:00:00,73.202,73.298,72.802,72.838,4181
2026-04-28 13:15:00,72.84,72.849,72.62,72.673,3942
2026-04-28 13:30:00,72.672,72.686,72.016,72.303,4633
2026-04-28 13:45:00,72.304,72.325,72.012,72.211,4641
2026-04-28 14:00:00,72.212,72.8,72.072,72.796,4589
2026-04-28 14:15:00,72.797,73.51,72.76,73.034,4692
2026-04-28 14:30:00,73.033,73.479,72.824,73.395,4770
2026-04-28 14:45:00,73.394,73.688,73.375,73.463,4596
2026-04-28 15:00:00,73.462,73.463,72.446,72.511,5749
2026-04-28 15:15:00,72.511,72.716,72.364,72.645,4964
2026-04-28 15:30:00,72.639,73.078,72.371,72.927,6709
2026-04-28 15:45:00,72.928,73.12,72.715,72.875,5623
2026-04-28 16:00:00,72.874,72.874,72.5,72.509,7097
2026-04-28 16:15:00,72.505,72.653,72.203,72.573,6736
2026-04-28 16:30:00,72.574,72.731,72.276,72.571,5894
2026-04-28 16:45:00,72.57,72.916,72.466,72.914,6568
2026-04-28 17:00:00,72.913,73.058,72.594,72.675,5382
2026-04-28 17:15:00,72.674,72.888,72.561,72.871,5012
2026-04-28 17:30:00,72.87,73.05,72.703,73.0,5520
2026-04-28 17:45:00,72.999,73.182,72.93,73.175,5671
2026-04-28 18:00:00,73.174,73.186,72.979,73.057,4180
2026-04-28 18:15:00,73.059,73.076,72.913,72.921,4424
2026-04-28 18:30:00,72.92,73.099,72.9,73.097,3973
2026-04-28 18:45:00,73.099,73.315,73.046,73.184,4866
2026-04-28 19:00:00,73.186,73.265,73.058,73.119,4772
2026-04-28 19:15:00,73.118,73.472,72.951,73.346,4170
2026-04-28 19:30:00,73.35,73.488,73.331,73.401,4650
2026-04-28 19:45:00,73.4,73.437,73.23,73.24,3310
2026-04-28 20:00:00,73.241,73.358,73.147,73.218,3667
2026-04-28 20:15:00,73.219,73.386,73.185,73.3,4292
2026-04-28 20:30:00,73.31,73.332,73.162,73.276,3783
2026-04-28 20:45:00,73.278,73.313,73.128,73.137,3159
2026-04-28 21:00:00,73.138,73.268,73.122,73.154,2651
2026-04-28 21:15:00,73.155,73.164,73.062,73.131,3479
2026-04-28 21:30:00,73.132,73.29,73.121,73.264,3102
2026-04-28 21:45:00,73.265,73.278,73.07,73.132,3050
2026-04-28 22:00:00,73.131,73.19,73.092,73.129,1537
2026-04-28 22:15:00,73.13,73.144,72.994,73.043,1322
2026-04-28 22:30:00,73.044,73.082,72.998,73.032,1205
2026-04-28 22:45:00,73.019,73.084,73.002,73.076,940
2026-04-29 00:00:00,73.098,73.197,73.01,73.155,846
2026-04-29 00:15:00,73.155,73.182,73.119,73.12,405
2026-04-29 00:30:00,73.12,73.183,73.092,73.101,672
2026-04-29 00:45:00,73.102,73.155,73.089,73.145,702
2026-04-29 01:00:00,73.146,73.154,73.018,73.085,981
2026-04-29 01:15:00,73.084,73.164,73.075,73.146,836
2026-04-29 01:30:00,73.141,73.176,73.053,73.132,1007
2026-04-29 01:45:00,73.135,73.298,73.103,73.278,810
2026-04-29 02:00:00,73.277,73.697,73.262,73.488,3284
2026-04-29 02:15:00,73.49,73.516,73.125,73.175,2459
2026-04-29 02:30:00,73.178,73.337,73.112,73.329,1697
2026-04-29 02:45:00,73.331,73.333,73.1,73.19,2088
2026-04-29 03:00:00,73.189,73.19,72.76,72.992,5812
2026-04-29 03:15:00,72.982,73.314,72.97,73.058,3357
2026-04-29 03:30:00,73.057,73.445,73.006,73.411,4385
2026-04-29 03:45:00,73.415,73.421,73.155,73.261,3529
2026-04-29 04:00:00,73.263,73.713,73.263,73.588,3634
2026-04-29 04:15:00,73.595,73.75,73.557,73.585,2277
2026-04-29 04:30:00,73.586,73.737,73.539,73.64,3307
2026-04-29 04:45:00,73.639,73.814,73.508,73.555,3723
2026-04-29 05:00:00,73.558,73.866,73.525,73.824,2990
2026-04-29 05:15:00,73.825,73.829,73.685,73.788,2943
2026-04-29 05:30:00,73.791,73.792,73.585,73.607,2126
2026-04-29 05:45:00,73.608,73.644,73.569,73.602,1523
2026-04-29 06:00:00,73.606,73.783,73.597,73.739,1740
2026-04-29 06:15:00,73.74,73.757,73.64,73.75,1879
2026-04-29 06:30:00,73.752,73.865,73.751,73.781,2355
2026-04-29 06:45:00,73.78,73.85,73.768,73.813,2013
2026-04-29 07:00:00,73.812,73.862,73.7,73.712,2669
2026-04-29 07:15:00,73.713,73.767,73.677,73.752,2712
2026-04-29 07:30:00,73.75,73.783,73.565,73.783,4311
2026-04-29 07:45:00,73.799,73.932,73.597,73.602,3415
2026-04-29 08:00:00,73.599,73.852,73.568,73.6,4087
2026-04-29 08:15:00,73.595,73.672,73.541,73.597,3685
2026-04-29 08:30:00,73.599,73.641,73.44,73.513,3582
2026-04-29 08:45:00,73.52,73.567,73.307,73.398,3912
2026-04-29 09:00:00,73.395,73.546,73.234,73.279,4645
2026-04-29 09:15:00,73.28,73.318,73.095,73.234,3409
2026-04-29 09:30:00,73.231,73.329,73.053,73.106,4195
2026-04-29 09:45:00,73.107,73.162,72.938,72.946,4112
2026-04-29 10:00:00,72.947,73.137,72.647,72.693,5331
2026-04-29 10:15:00,72.695,72.83,72.622,72.664,4096
2026-04-29 10:30:00,72.656,72.75,72.482,72.732,4298
2026-04-29 10:45:00,72.731,72.892,72.729,72.825,3386
2026-04-29 11:00:00,72.824,72.895,72.759,72.833,3441
2026-04-29 11:15:00,72.832,72.946,72.685,72.718,3821
2026-04-29 11:30:00,72.717,72.867,72.628,72.63,3970
2026-04-29 11:45:00,72.631,72.691,72.527,72.598,4195
2026-04-29 12:00:00,72.596,72.813,72.569,72.801,3233
2026-04-29 12:15:00,72.802,72.914,72.795,72.9,2909
2026-04-29 12:30:00,72.903,73.058,72.846,72.869,2792
2026-04-29 12:45:00,72.867,72.958,72.839,72.925,3091
2026-04-29 13:00:00,72.924,72.954,72.553,72.642,3605
2026-04-29 13:15:00,72.643,72.728,72.581,72.585,3023
2026-04-29 13:30:00,72.582,72.802,72.551,72.673,3485
2026-04-29 13:45:00,72.672,72.673,72.453,72.504,3770
2026-04-29 14:00:00,72.503,72.72,72.425,72.663,4190
2026-04-29 14:15:00,72.665,72.757,72.51,72.535,4046
2026-04-29 14:30:00,72.536,72.536,72.326,72.421,4936
2026-04-29 14:45:00,72.422,72.503,71.919,72.03,5076
2026-04-29 15:00:00,72.036,72.428,72.035,72.221,5932
2026-04-29 15:15:00,72.224,72.302,71.689,71.743,6271
2026-04-29 15:30:00,71.741,71.803,71.357,71.369,7149
2026-04-29 15:45:00,71.367,71.793,71.284,71.583,7047
2026-04-29 16:00:00,71.585,71.827,71.508,71.784,7266
2026-04-29 16:15:00,71.786,71.98,71.724,71.859,6093
2026-04-29 16:30:00,71.861,72.112,71.736,71.89,6751
2026-04-29 16:45:00,71.892,71.903,71.632,71.825,6308
2026-04-29 17:00:00,71.827,72.005,71.514,71.558,6792
2026-04-29 17:15:00,71.559,71.677,71.489,71.618,5354
2026-04-29 17:30:00,71.617,71.87,71.519,71.737,5083
2026-04-29 17:45:00,71.735,71.861,71.414,71.505,5921
2026-04-29 18:00:00,71.504,71.819,71.458,71.636,5369
2026-04-29 18:15:00,71.637,71.848,71.615,71.778,4273
2026-04-29 18:30:00,71.767,71.767,71.523,71.651,4530
2026-04-29 18:45:00,71.652,71.685,71.45,71.47,2637
2026-04-29 19:00:00,71.468,71.53,71.356,71.478,3033
2026-04-29 19:15:00,71.477,71.66,71.413,71.501,3901
2026-04-29 19:30:00,71.497,71.58,71.457,71.506,2668
2026-04-29 19:45:00,71.505,71.522,71.305,71.476,3623
2026-04-29 20:00:00,71.475,71.596,70.953,70.97,5723
2026-04-29 20:15:00,70.962,71.306,70.952,71.195,5568
2026-04-29 20:30:00,71.197,71.483,70.904,70.913,6711
2026-04-29 20:45:00,70.906,71.473,70.839,71.468,5325
2026-04-29 21:00:00,71.48,71.807,71.415,71.789,4786
2026-04-29 21:15:00,71.787,71.837,71.634,71.665,4029
2026-04-29 21:30:00,71.661,71.699,71.47,71.561,4125
2026-04-29 21:45:00,71.56,71.703,71.534,71.667,4307
2026-04-29 22:00:00,71.677,71.737,71.341,71.375,4023
2026-04-29 22:15:00,71.373,71.425,71.227,71.35,3250
2026-04-29 22:30:00,71.348,71.43,71.283,71.328,1567
2026-04-29 22:45:00,71.327,71.356,71.271,71.286,1288
2026-04-30 00:00:00,71.281,71.473,71.187,71.39,1206
2026-04-30 00:15:00,71.39,71.546,71.388,71.501,1691
2026-04-30 00:30:00,71.501,71.588,71.421,71.475,1196
2026-04-30 00:45:00,71.476,71.595,71.451,71.561,1429
2026-04-30 01:00:00,71.56,71.618,71.537,71.598,865
2026-04-30 01:15:00,71.599,71.65,71.534,71.562,1143
2026-04-30 01:30:00,71.563,71.734,71.556,71.694,1157
2026-04-30 01:45:00,71.696,71.836,71.672,71.812,1642
2026-04-30 02:00:00,71.814,72.121,71.792,71.901,3702
2026-04-30 02:15:00,71.908,72.127,71.871,72.126,2587
2026-04-30 02:30:00,72.129,72.211,72.057,72.123,2025
2026-04-30 02:45:00,72.124,72.289,71.998,72.066,2255
2026-04-30 03:00:00,72.056,72.57,72.047,72.529,4665
2026-04-30 03:15:00,72.534,72.941,72.342,72.841,3331
2026-04-30 03:30:00,72.847,72.934,72.617,72.734,3753
2026-04-30 03:45:00,72.732,72.946,72.631,72.864,2887
2026-04-30 04:00:00,72.865,72.943,72.769,72.908,2993
2026-04-30 04:15:00,72.9,72.925,72.597,72.611,2075
2026-04-30 04:30:00,72.606,72.631,72.15,72.16,3818
2026-04-30 04:45:00,72.167,72.288,72.129,72.25,2817
2026-04-30 05:00:00,72.243,72.426,72.172,72.272,2642
2026-04-30 05:15:00,72.276,72.318,72.167,72.24,2452
2026-04-30 05:30:00,72.242,72.255,71.972,72.036,1958
2026-04-30 05:45:00,72.028,72.075,71.965,72.001,1676
2026-04-30 06:00:00,72.0,72.101,71.908,72.058,2404
2026-04-30 06:15:00,72.055,72.077,71.854,71.922,2083
2026-04-30 06:30:00,71.917,71.946,71.696,71.821,2257
2026-04-30 06:45:00,71.818,71.915,71.575,71.578,1994
2026-04-30 07:00:00,71.575,71.97,71.575,71.919,2385
2026-04-30 07:15:00,71.917,71.977,71.802,71.9,1842
2026-04-30 07:30:00,71.912,72.161,71.844,72.117,2836
2026-04-30 07:45:00,72.112,72.352,72.104,72.183,2383
2026-04-30 08:00:00,72.185,72.335,72.132,72.238,3463
2026-04-30 08:15:00,72.237,72.401,72.177,72.371,2928
2026-04-30 08:30:00,72.37,72.808,72.369,72.542,4080
2026-04-30 08:45:00,72.54,73.003,72.525,72.945,3927
2026-04-30 09:00:00,72.949,73.116,72.824,73.01,3803
2026-04-30 09:15:00,73.007,73.039,72.706,72.851,2860
2026-04-30 09:30:00,72.849,72.981,72.737,72.934,2900
2026-04-30 09:45:00,72.935,73.257,72.929,73.094,2596
2026-04-30 10:00:00,73.083,73.614,73.037,73.427,3921
2026-04-30 10:15:00,73.426,73.458,73.242,73.338,2719
2026-04-30 10:30:00,73.338,73.498,73.276,73.358,2883
2026-04-30 10:45:00,73.359,73.431,73.289,73.304,2815
2026-04-30 11:00:00,73.305,73.408,73.183,73.269,3161
2026-04-30 11:15:00,73.268,73.458,73.129,73.449,2810
2026-04-30 11:30:00,73.45,73.65,73.316,73.358,4004
2026-04-30 11:45:00,73.361,73.484,73.313,73.435,2520
2026-04-30 12:00:00,73.434,73.597,73.429,73.516,2487
2026-04-30 12:15:00,73.514,73.756,73.502,73.746,2654
2026-04-30 12:30:00,73.745,73.788,73.543,73.581,3977
2026-04-30 12:45:00,73.582,73.686,73.507,73.679,3002
2026-04-30 13:00:00,73.68,73.799,73.503,73.619,3496
2026-04-30 13:15:00,73.619,73.886,73.562,73.879,3569
2026-04-30 13:30:00,73.881,73.899,73.474,73.546,4221
2026-04-30 13:45:00,73.543,73.646,73.472,73.547,3283
2026-04-30 14:00:00,73.548,73.696,73.522,73.628,2857
2026-04-30 14:15:00,73.629,73.807,73.582,73.752,2579
2026-04-30 14:30:00,73.733,73.796,73.437,73.439,3585
2026-04-30 14:45:00,73.438,73.6,73.349,73.509,3304
2026-04-30 15:00:00,73.51,73.747,73.499,73.68,4299
2026-04-30 15:15:00,73.681,73.746,73.529,73.657,3705
2026-04-30 15:30:00,73.646,73.682,73.113,73.27,6056
2026-04-30 15:45:00,73.26,73.271,72.821,72.938,5828
2026-04-30 16:00:00,72.936,73.319,72.906,73.163,5912
2026-04-30 16:15:00,73.163,73.397,73.018,73.366,6478
2026-04-30 16:30:00,73.368,73.368,72.807,73.022,6393
2026-04-30 16:45:00,73.027,73.314,73.01,73.138,5778
2026-04-30 17:00:00,73.136,73.321,72.997,73.164,6130
2026-04-30 17:15:00,73.163,73.371,73.073,73.307,5084
2026-04-30 17:30:00,73.31,73.41,73.113,73.161,4817
2026-04-30 17:45:00,73.156,73.17,72.976,73.145,4048
2026-04-30 18:00:00,73.146,73.228,73.007,73.098,3749
2026-04-30 18:15:00,73.095,73.123,72.974,73.107,3494
2026-04-30 18:30:00,73.111,73.332,73.072,73.255,3041
2026-04-30 18:45:00,73.254,73.378,73.194,73.281,2823
2026-04-30 19:00:00,73.28,73.603,73.272,73.509,3344
2026-04-30 19:15:00,73.51,73.586,73.378,73.56,3570
2026-04-30 19:30:00,73.553,73.756,73.498,73.528,3459
2026-04-30 19:45:00,73.527,73.704,73.508,73.643,2051
2026-04-30 20:00:00,73.644,73.833,73.636,73.716,2914
2026-04-30 20:15:00,73.715,73.801,73.543,73.581,2124
2026-04-30 20:30:00,73.582,73.656,73.532,73.57,2140
2026-04-30 20:45:00,73.569,73.764,73.551,73.708,2101
2026-04-30 21:00:00,73.706,73.816,73.677,73.678,3045
2026-04-30 21:15:00,73.679,73.702,73.51,73.563,3169
2026-04-30 21:30:00,73.565,73.715,73.501,73.709,2612
2026-04-30 21:45:00,73.708,73.723,73.604,73.636,3379
2026-04-30 22:00:00,73.638,73.725,73.591,73.615,1892
2026-04-30 22:15:00,73.615,73.681,73.606,73.627,1032
2026-04-30 22:30:00,73.626,73.648,73.59,73.622,729
2026-04-30 22:45:00,73.623,73.772,73.622,73.71,426
2026-05-01 00:00:00,74.161,74.244,74.053,74.068,918
2026-05-01 00:15:00,74.068,74.147,74.052,74.146,840
2026-05-01 00:30:00,74.148,74.159,74.021,74.152,1343
2026-05-01 00:45:00,74.154,74.176,74.058,74.131,1382
2026-05-01 01:00:00,74.132,74.158,74.077,74.084,1082
2026-05-01 01:15:00,74.081,74.196,74.069,74.193,816
2026-05-01 01:30:00,74.192,74.434,74.173,74.359,950
2026-05-01 01:45:00,74.357,74.491,74.304,74.331,1548
2026-05-01 02:00:00,74.33,74.519,74.254,74.301,3023
2026-05-01 02:15:00,74.296,74.56,74.259,74.437,2438
2026-05-01 02:30:00,74.42,74.42,74.189,74.246,1819
2026-05-01 02:45:00,74.246,74.366,74.128,74.138,2063
2026-05-01 03:00:00,74.135,74.195,74.051,74.133,1731
2026-05-01 03:15:00,74.135,74.15,74.018,74.064,1720
2026-05-01 03:30:00,74.06,74.201,74.06,74.124,2027
2026-05-01 03:45:00,74.122,74.19,74.096,74.163,1749
2026-05-01 04:00:00,74.162,74.543,74.109,74.391,2162
2026-05-01 04:15:00,74.392,74.568,74.37,74.416,2017
2026-05-01 04:30:00,74.417,74.453,74.165,74.202,1780
2026-05-01 04:45:00,74.203,74.203,74.042,74.152,1812
2026-05-01 05:00:00,74.15,74.205,74.089,74.197,1179
2026-05-01 05:15:00,74.199,74.367,74.185,74.36,1022
2026-05-01 05:30:00,74.364,74.459,74.238,74.267,1706
2026-05-01 05:45:00,74.269,74.328,74.227,74.278,1261
2026-05-01 06:00:00,74.28,74.328,74.093,74.128,1600
2026-05-01 06:15:00,74.128,74.189,74.07,74.077,1044
2026-05-01 06:30:00,74.082,74.087,73.806,73.885,1483
2026-05-01 06:45:00,73.885,73.908,73.732,73.828,1087
2026-05-01 07:00:00,73.83,73.96,73.802,73.947,1301
2026-05-01 07:15:00,73.949,74.03,73.867,74.008,949
2026-05-01 07:30:00,74.007,74.036,73.892,73.903,1086
2026-05-01 07:45:00,73.903,74.017,73.729,73.786,1457
2026-05-01 08:00:00,73.789,73.848,73.692,73.774,2631
2026-05-01 08:15:00,73.775,73.829,73.585,73.599,2485
2026-05-01 08:30:00,73.598,73.675,73.328,73.459,2552
2026-05-01 08:45:00,73.46,73.579,73.329,73.424,3753
2026-05-01 09:00:00,73.423,73.597,73.324,73.562,2876
2026-05-01 09:15:00,73.563,73.643,73.299,73.538,2517
2026-05-01 09:30:00,73.541,73.541,73.286,73.35,2250
2026-05-01 09:45:00,73.349,73.373,73.054,73.139,2260
2026-05-01 10:00:00,73.14,73.284,73.095,73.151,2566
2026-05-01 10:15:00,73.152,73.249,73.057,73.09,2397
2026-05-01 10:30:00,73.09,73.186,73.034,73.137,2316
2026-05-01 10:45:00,73.132,73.141,73.005,73.117,1838
2026-05-01 11:00:00,73.117,73.124,72.958,73.049,2230
2026-05-01 11:15:00,73.049,73.211,73.039,73.189,1686
2026-05-01 11:30:00,73.188,73.289,73.172,73.231,2226
2026-05-01 11:45:00,73.23,73.297,73.078,73.113,2414
2026-05-01 12:00:00,73.108,73.293,73.103,73.268,1915
2026-05-01 12:15:00,73.269,73.323,73.247,73.269,1653
2026-05-01 12:30:00,73.265,73.326,73.24,73.304,1843
2026-05-01 12:45:00,73.303,73.367,73.267,73.284,1368
2026-05-01 13:00:00,73.289,73.314,73.128,73.235,2608
2026-05-01 13:15:00,73.234,73.606,73.201,73.476,2219
2026-05-01 13:30:00,73.473,73.567,73.441,73.525,2262
2026-05-01 13:45:00,73.524,73.702,73.462,73.689,2311
2026-05-01 14:00:00,73.688,74.179,73.673,73.972,3069
2026-05-01 14:15:00,73.973,75.22,73.954,74.885,4462
2026-05-01 14:30:00,74.887,74.913,74.301,74.365,3485
2026-05-01 14:45:00,74.365,74.417,73.974,74.203,2552
2026-05-01 15:00:00,74.201,74.688,74.168,74.566,3362
2026-05-01 15:15:00,74.567,74.762,74.53,74.693,3217
2026-05-01 15:30:00,74.691,75.656,74.599,75.646,6305
2026-05-01 15:45:00,75.647,76.373,75.341,76.236,5877
2026-05-01 16:00:00,76.236,76.839,76.207,76.791,6651
2026-05-01 16:15:00,76.793,76.955,76.485,76.498,6000
2026-05-01 16:30:00,76.499,76.503,75.792,75.819,6361
2026-05-01 16:45:00,75.818,75.913,75.637,75.723,5757
2026-05-01 17:00:00,75.723,75.745,75.25,75.609,5666
2026-05-01 17:15:00,75.606,75.874,75.606,75.699,4379
2026-05-01 17:30:00,75.715,76.332,75.715,76.083,4629
2026-05-01 17:45:00,76.09,76.291,75.873,76.092,4164
2026-05-01 18:00:00,76.09,76.149,75.922,76.03,3699
2026-05-01 18:15:00,76.027,76.232,75.781,75.799,4498
2026-05-01 18:30:00,75.799,75.956,75.637,75.879,3943
2026-05-01 18:45:00,75.877,76.12,75.833,76.011,3659
2026-05-01 19:00:00,76.012,76.168,75.993,76.141,2036
2026-05-01 19:15:00,76.14,76.144,75.817,75.945,3356
2026-05-01 19:30:00,75.946,75.958,75.833,75.906,3029
2026-05-01 19:45:00,75.899,76.111,75.882,75.98,3107
2026-05-01 20:00:00,75.978,76.003,75.654,75.67,4055
2026-05-01 20:15:00,75.668,75.919,75.64,75.91,3913
2026-05-01 20:30:00,75.913,75.928,75.661,75.715,3216
2026-05-01 20:45:00,75.713,75.82,75.607,75.777,2531
2026-05-01 21:00:00,75.78,75.838,75.682,75.833,2595
2026-05-01 21:15:00,75.833,75.879,75.725,75.725,1877
2026-05-01 21:30:00,75.73,75.753,75.424,75.463,2837
2026-05-01 21:45:00,75.462,75.546,75.355,75.435,2198
2026-05-01 22:00:00,75.433,75.48,75.27,75.397,1671
2026-05-01 22:15:00,75.399,75.441,75.351,75.395,917
2026-05-01 22:30:00,75.391,75.44,75.329,75.388,779
2026-05-01 22:45:00,75.384,75.457,75.262,75.279,604
2026-05-04 00:00:00,75.403,75.967,75.299,75.672,2566
2026-05-04 00:15:00,75.671,75.838,75.413,75.658,2003
2026-05-04 00:30:00,75.657,75.909,75.623,75.905,1791
2026-05-04 00:45:00,75.909,75.979,75.74,75.762,1755
2026-05-04 01:00:00,75.76,75.951,75.583,75.739,2018
2026-05-04 01:15:00,75.74,75.813,75.635,75.734,1141
2026-05-04 01:30:00,75.734,75.85,75.658,75.726,1586
2026-05-04 01:45:00,75.73,75.836,75.645,75.669,1870
2026-05-04 02:00:00,75.67,75.791,75.449,75.574,2862
2026-05-04 02:15:00,75.574,75.642,75.28,75.391,2833
2026-05-04 02:30:00,75.395,75.512,75.372,75.419,2221
2026-05-04 02:45:00,75.415,75.662,75.396,75.596,2258
2026-05-04 03:00:00,75.587,75.616,75.005,75.408,2322
2026-05-04 03:15:00,75.408,75.486,75.083,75.121,2149
2026-05-04 03:30:00,75.119,75.385,75.085,75.372,2186
2026-05-04 03:45:00,75.373,75.755,75.334,75.697,1451
2026-05-04 04:00:00,75.699,75.807,75.483,75.637,2204
2026-05-04 04:15:00,75.637,75.637,75.126,75.168,2048
2026-05-04 04:30:00,75.167,75.49,75.131,75.49,1619
2026-05-04 04:45:00,75.493,75.72,75.451,75.602,1677
2026-05-04 05:00:00,75.603,75.777,75.583,75.714,1621
2026-05-04 05:15:00,75.719,75.749,75.647,75.671,1508
2026-05-04 05:30:00,75.661,75.719,75.479,75.627,1785
2026-05-04 05:45:00,75.644,75.804,75.644,75.727,3344
2026-05-04 06:00:00,75.73,75.741,75.582,75.652,1452
2026-05-04 06:15:00,75.652,75.719,75.543,75.558,1038
2026-05-04 06:30:00,75.561,75.65,75.442,75.472,938
2026-05-04 06:45:00,75.472,75.517,75.351,75.357,756
2026-05-04 07:00:00,75.357,75.396,75.261,75.319,1053
2026-05-04 07:15:00,75.309,75.549,75.168,75.194,1794
2026-05-04 07:30:00,75.197,75.292,75.16,75.278,1497
2026-05-04 07:45:00,75.281,75.31,75.057,75.257,1770
2026-05-04 08:00:00,75.257,75.32,74.881,75.026,2595
2026-05-04 08:15:00,75.029,75.044,74.842,74.984,2206
2026-05-04 08:30:00,74.985,75.062,74.757,74.836,3040
2026-05-04 08:45:00,74.834,74.965,74.76,74.878,2667
2026-05-04 09:00:00,74.891,74.942,74.773,74.843,2902
2026-05-04 09:15:00,74.842,74.899,74.607,74.689,2233
2026-05-04 09:30:00,74.689,74.8,74.568,74.661,2624
2026-05-04 09:45:00,74.661,74.713,74.415,74.429,2293
2026-05-04 10:00:00,74.431,74.454,74.225,74.354,2766
2026-05-04 10:15:00,74.353,74.378,74.137,74.277,2702
2026-05-04 10:30:00,74.278,74.369,74.191,74.266,2380
2026-05-04 10:45:00,74.268,74.44,74.252,74.354,2001
2026-05-04 11:00:00,74.356,74.495,74.292,74.494,1897
2026-05-04 11:15:00,74.491,74.527,74.436,74.481,1862
2026-05-04 11:30:00,74.482,74.533,74.462,74.503,1320
2026-05-04 11:45:00,74.5,74.558,74.27,74.286,1956
2026-05-04 12:00:00,74.296,74.312,72.654,72.926,6852
2026-05-04 12:15:00,72.922,72.986,72.182,72.974,6116
2026-05-04 12:30:00,72.977,73.494,72.885,73.309,4717
2026-05-04 12:45:00,73.309,73.54,73.285,73.323,2729
2026-05-04 13:00:00,73.339,73.625,73.272,73.406,3942
2026-05-04 13:15:00,73.407,73.578,73.346,73.364,3052
2026-05-04 13:30:00,73.363,73.405,72.975,73.124,3199
2026-05-04 13:45:00,73.116,73.398,73.083,73.362,2943
2026-05-04 14:00:00,73.361,73.702,73.325,73.678,3128
2026-05-04 14:15:00,73.679,74.253,73.65,73.831,4150
2026-05-04 14:30:00,73.832,73.972,73.649,73.934,2884
2026-05-04 14:45:00,73.935,74.012,73.692,73.722,2542
2026-05-04 15:00:00,73.718,73.961,73.425,73.624,4915
2026-05-04 15:15:00,73.623,73.678,73.329,73.329,2941
2026-05-04 15:30:00,73.329,74.044,73.238,73.844,6504
2026-05-04 15:45:00,73.843,73.967,73.57,73.854,6127
2026-05-04 16:00:00,73.854,73.992,73.603,73.896,6286
2026-05-04 16:15:00,73.895,74.653,73.874,74.231,4740
2026-05-04 16:30:00,74.233,74.589,74.199,74.345,3537
2026-05-04 16:45:00,74.355,74.431,73.832,73.856,4427
2026-05-04 17:00:00,73.857,73.988,73.659,73.686,5838
2026-05-04 17:15:00,73.675,74.025,72.582,73.309,7366
2026-05-04 17:30:00,73.314,73.437,73.084,73.363,5204
2026-05-04 17:45:00,73.363,73.373,72.561,72.889,5791
2026-05-04 18:00:00,72.885,73.115,72.557,72.737,6007
2026-05-04 18:15:00,72.737,73.288,72.665,73.037,5466
2026-05-04 18:30:00,73.036,73.152,72.878,72.9,3826
2026-05-04 18:45:00,72.897,73.003,72.657,72.737,3762
2026-05-04 19:00:00,72.751,73.147,72.751,73.045,3836
2026-05-04 19:15:00,73.043,73.267,72.858,72.914,4240
2026-05-04 19:30:00,72.911,72.991,72.74,72.866,3927
2026-05-04 19:45:00,72.865,72.922,72.82,72.851,3009
2026-05-04 20:00:00,72.855,72.976,72.724,72.732,3052
2026-05-04 20:15:00,72.736,72.744,72.483,72.642,3704
2026-05-04 20:30:00,72.643,72.728,72.566,72.579,2963
2026-05-04 20:45:00,72.58,72.727,72.507,72.719,3319
2026-05-04 21:00:00,72.718,72.988,72.639,72.8,4039
2026-05-04 21:15:00,72.799,73.024,72.766,72.913,2704
2026-05-04 21:30:00,72.914,73.072,72.894,72.932,2484
2026-05-04 21:45:00,72.928,72.971,72.796,72.835,2092
2026-05-04 22:00:00,72.836,72.836,72.65,72.711,804
2026-05-04 22:15:00,72.711,72.717,72.638,72.678,466
2026-05-04 22:30:00,72.678,72.735,72.661,72.725,541
2026-05-04 22:45:00,72.724,72.764,72.693,72.701,434
2026-05-05 00:00:00,72.705,72.809,72.68,72.79,1035
2026-05-05 00:15:00,72.791,72.842,72.757,72.776,919
2026-05-05 00:30:00,72.774,72.845,72.762,72.767,1024
2026-05-05 00:45:00,72.765,72.767,72.556,72.619,1005
2026-05-05 01:00:00,72.618,72.672,72.511,72.67,1265
2026-05-05 01:15:00,72.669,72.699,72.627,72.672,933
2026-05-05 01:30:00,72.672,72.69,72.602,72.623,821
2026-05-05 01:45:00,72.626,72.65,72.53,72.59,1076
2026-05-05 02:00:00,72.595,72.851,72.595,72.813,2041
2026-05-05 02:15:00,72.814,72.814,72.387,72.471,2576
2026-05-05 02:30:00,72.466,72.689,72.452,72.681,1499
2026-05-05 02:45:00,72.691,72.813,72.676,72.758,1898
2026-05-05 03:00:00,72.757,72.967,72.615,72.951,2402
2026-05-05 03:15:00,72.95,72.993,72.757,72.82,1753
2026-05-05 03:30:00,72.828,72.927,72.602,72.711,3393
2026-05-05 03:45:00,72.712,72.882,72.681,72.857,2426
2026-05-05 04:00:00,72.869,73.034,72.77,72.978,2193
2026-05-05 04:15:00,72.988,73.071,72.897,73.031,1839
2026-05-05 04:30:00,73.03,73.211,72.996,73.175,1682
2026-05-05 04:45:00,73.174,73.226,73.022,73.072,2002
2026-05-05 05:00:00,73.073,73.158,73.022,73.088,1670
2026-05-05 05:15:00,73.092,73.11,72.762,72.814,1410
2026-05-05 05:30:00,72.812,72.91,72.731,72.82,1359
2026-05-05 05:45:00,72.822,72.886,72.62,72.669,1449
2026-05-05 06:00:00,72.672,72.759,72.67,72.708,1206
2026-05-05 06:15:00,72.71,72.808,72.687,72.757,1519
2026-05-05 06:30:00,72.756,72.84,72.696,72.765,1720
2026-05-05 06:45:00,72.767,72.886,72.686,72.748,1778
2026-05-05 07:00:00,72.742,73.047,72.65,72.921,2502
2026-05-05 07:15:00,72.919,73.031,72.818,73.014,1827
2026-05-05 07:30:00,73.022,73.354,72.977,73.218,2658
2026-05-05 07:45:00,73.217,73.265,73.096,73.118,1549
2026-05-05 08:00:00,73.122,73.401,72.923,73.006,3075
2026-05-05 08:15:00,73.007,73.054,72.622,72.798,2757
2026-05-05 08:30:00,72.797,73.194,72.785,73.139,2869
2026-05-05 08:45:00,73.138,73.258,73.117,73.146,2118
2026-05-05 09:00:00,73.147,73.408,73.13,73.379,3178
2026-05-05 09:15:00,73.38,73.51,73.312,73.338,2101
2026-05-05 09:30:00,73.342,73.751,73.335,73.534,2861
2026-05-05 09:45:00,73.538,73.548,73.275,73.318,2731
2026-05-05 10:00:00,73.317,73.441,73.289,73.4,2629
2026-05-05 10:15:00,73.401,73.472,73.334,73.408,2320
2026-05-05 10:30:00,73.406,73.579,73.368,73.543,2327
2026-05-05 10:45:00,73.54,73.773,73.521,73.713,2547
2026-05-05 11:00:00,73.715,73.755,73.574,73.663,3015
2026-05-05 11:15:00,73.662,73.696,73.526,73.583,2640
2026-05-05 11:30:00,73.584,73.808,73.559,73.737,2440
2026-05-05 11:45:00,73.735,73.782,73.616,73.727,1945
2026-05-05 12:00:00,73.729,73.75,73.577,73.641,1915
2026-05-05 12:15:00,73.64,73.678,73.507,73.516,1849
2026-05-05 12:30:00,73.515,73.738,73.413,73.417,2617
2026-05-05 12:45:00,73.419,73.475,73.366,73.403,2130
2026-05-05 13:00:00,73.404,73.621,73.246,73.533,3261
2026-05-05 13:15:00,73.531,73.663,73.398,73.633,3352
2026-05-05 13:30:00,73.634,73.757,73.605,73.734,3040
2026-05-05 13:45:00,73.733,73.763,73.567,73.701,2773
2026-05-05 14:00:00,73.702,74.008,73.459,73.934,4094
2026-05-05 14:15:00,73.936,73.998,73.725,73.938,3743
2026-05-05 14:30:00,73.94,73.971,73.483,73.543,2739
2026-05-05 14:45:00,73.55,73.586,73.336,73.427,2694
2026-05-05 15:00:00,73.424,74.177,73.377,73.834,3957
2026-05-05 15:15:00,73.836,73.91,73.624,73.773,3720
2026-05-05 15:30:00,73.782,73.859,73.387,73.464,5756
2026-05-05 15:45:00,73.458,73.718,73.411,73.683,4889
2026-05-05 16:00:00,73.691,73.942,73.428,73.498,5538
2026-05-05 16:15:00,73.499,73.984,73.239,73.788,6114
2026-05-05 16:30:00,73.786,73.878,73.583,73.811,4377
2026-05-05 16:45:00,73.812,73.812,73.573,73.717,4294
2026-05-05 17:00:00,73.718,73.8,73.543,73.726,3942
2026-05-05 17:15:00,73.725,73.753,73.528,73.649,3912
2026-05-05 17:30:00,73.647,73.713,73.407,73.439,4254
2026-05-05 17:45:00,73.443,73.578,73.43,73.467,3164
2026-05-05 18:00:00,73.466,73.498,73.235,73.332,2678
2026-05-05 18:15:00,73.333,73.335,72.953,73.045,3011
2026-05-05 18:30:00,73.046,73.16,72.822,73.106,3011
2026-05-05 18:45:00,73.105,73.218,73.057,73.102,2677
2026-05-05 19:00:00,73.101,73.138,72.986,73.106,2531
2026-05-05 19:15:00,73.107,73.3,73.051,73.109,2554
2026-05-05 19:30:00,73.108,73.2,73.052,73.122,2268
2026-05-05 19:45:00,73.124,73.202,73.042,73.073,2138
2026-05-05 20:00:00,73.074,73.209,73.039,73.205,2136
2026-05-05 20:15:00,73.206,73.249,73.156,73.248,2418
2026-05-05 20:30:00,73.249,73.25,73.108,73.136,2100
2026-05-05 20:45:00,73.137,73.209,72.927,72.947,1853
2026-05-05 21:00:00,72.946,72.983,72.785,72.807,1382
2026-05-05 21:15:00,72.798,72.886,72.782,72.83,1750
2026-05-05 21:30:00,72.829,72.904,72.826,72.828,1213
2026-05-05 21:45:00,72.83,72.924,72.768,72.826,2572
2026-05-05 22:00:00,72.828,72.878,72.791,72.852,904
2026-05-05 22:15:00,72.848,72.979,72.817,72.946,1003
2026-05-05 22:30:00,72.945,72.956,72.8,72.8,856
2026-05-05 22:45:00,72.802,72.832,72.748,72.777,603
2026-05-06 00:00:00,72.85,72.87,72.754,72.782,876
2026-05-06 00:15:00,72.785,72.795,72.626,72.641,892
2026-05-06 00:30:00,72.637,72.767,72.614,72.719,1102
2026-05-06 00:45:00,72.718,73.54,72.648,73.233,2701
2026-05-06 01:00:00,73.233,73.973,73.146,73.936,2882
2026-05-06 01:15:00,73.933,74.083,73.736,73.747,2066
2026-05-06 01:30:00,73.747,73.878,73.673,73.769,1860
2026-05-06 01:45:00,73.773,73.99,73.762,73.861,1765
2026-05-06 02:00:00,73.866,73.936,73.594,73.678,2848
2026-05-06 02:15:00,73.673,73.991,73.584,73.887,2706
2026-05-06 02:30:00,73.891,74.133,73.878,74.049,2989
2026-05-06 02:45:00,74.043,74.508,73.922,74.444,3169
2026-05-06 03:00:00,74.446,74.748,74.212,74.298,5700
2026-05-06 03:15:00,74.292,74.961,74.223,74.909,5377
2026-05-06 03:30:00,74.908,75.017,74.759,74.85,5013
2026-05-06 03:45:00,74.846,75.067,74.737,74.793,3792
2026-05-06 04:00:00,74.79,74.969,74.767,74.832,3610
2026-05-06 04:15:00,74.83,74.927,74.721,74.732,2216
2026-05-06 04:30:00,74.733,75.011,74.607,74.955,3187
2026-05-06 04:45:00,74.954,75.306,74.934,75.244,2710
2026-05-06 05:00:00,75.236,75.708,75.188,75.618,3434
2026-05-06 05:15:00,75.617,75.617,75.372,75.507,2596
2026-05-06 05:30:00,75.492,75.598,75.398,75.519,2736
2026-05-06 05:45:00,75.521,75.559,75.438,75.495,1602
2026-05-06 06:00:00,75.499,75.675,75.485,75.647,1418
2026-05-06 06:15:00,75.646,75.813,75.571,75.792,1733
2026-05-06 06:30:00,75.792,75.792,75.66,75.679,2121
2026-05-06 06:45:00,75.68,75.761,75.62,75.62,1761
2026-05-06 07:00:00,75.62,75.72,75.534,75.672,1425
2026-05-06 07:15:00,75.672,75.672,75.562,75.592,1390
2026-05-06 07:30:00,75.591,75.797,75.412,75.733,2338
2026-05-06 07:45:00,75.739,75.948,75.719,75.893,2993
2026-05-06 08:00:00,75.894,75.951,75.76,75.776,3651
2026-05-06 08:15:00,75.777,75.927,75.716,75.838,3019
2026-05-06 08:30:00,75.835,75.863,75.607,75.706,3190
2026-05-06 08:45:00,75.707,75.871,75.696,75.867,4179
2026-05-06 09:00:00,75.863,75.936,75.693,75.693,2794
2026-05-06 09:15:00,75.7,75.954,75.677,75.896,2640
2026-05-06 09:30:00,75.9,75.931,75.772,75.931,2191
2026-05-06 09:45:00,75.953,76.309,75.922,76.297,3195
2026-05-06 10:00:00,76.294,76.32,76.076,76.155,2568
2026-05-06 10:15:00,76.146,76.173,76.083,76.092,2147
2026-05-06 10:30:00,76.091,76.123,75.956,75.993,1922
2026-05-06 10:45:00,75.993,77.173,75.993,76.91,5257
2026-05-06 11:00:00,76.912,77.11,76.592,76.814,4295
2026-05-06 11:15:00,76.816,76.96,76.768,76.873,4183
2026-05-06 11:30:00,76.872,77.042,76.812,76.925,4516
2026-05-06 11:45:00,76.929,77.24,76.903,77.202,3621
2026-05-06 12:00:00,77.204,77.338,77.147,77.298,3312
2026-05-06 12:15:00,77.298,77.419,77.264,77.333,2756
2026-05-06 12:30:00,77.332,77.599,77.331,77.527,3613
2026-05-06 12:45:00,77.527,77.798,77.352,77.548,4416
2026-05-06 13:00:00,77.547,77.681,77.326,77.573,4426
2026-05-06 13:15:00,77.572,77.609,77.437,77.437,4126
2026-05-06 13:30:00,77.439,77.772,77.25,77.269,3944
2026-05-06 13:45:00,77.27,77.319,76.773,76.835,4268
2026-05-06 14:00:00,76.835,76.858,76.29,76.379,5038
2026-05-06 14:15:00,76.379,76.633,75.709,76.523,5377
2026-05-06 14:30:00,76.522,76.855,76.485,76.742,4786
2026-05-06 14:45:00,76.741,76.903,76.703,76.871,3960
2026-05-06 15:00:00,76.868,77.216,76.403,76.881,6234
2026-05-06 15:15:00,76.884,77.047,76.736,76.884,4925
2026-05-06 15:30:00,76.883,77.295,76.749,77.152,6287
2026-05-06 15:45:00,77.153,77.432,77.049,77.309,5734
2026-05-06 16:00:00,77.307,77.631,76.998,77.549,5305
2026-05-06 16:15:00,77.55,77.715,77.317,77.372,4897
2026-05-06 16:30:00,77.373,77.765,77.347,77.731,5031
2026-05-06 16:45:00,77.732,77.753,77.425,77.451,4086
2026-05-06 17:00:00,77.447,77.536,77.092,77.241,4017
2026-05-06 17:15:00,77.242,77.434,77.175,77.299,3697
2026-05-06 17:30:00,77.297,77.397,77.14,77.287,3617
2026-05-06 17:45:00,77.292,77.34,76.996,77.006,3690
2026-05-06 18:00:00,76.997,77.097,76.884,77.037,3980
2026-05-06 18:15:00,77.036,77.206,77.013,77.144,3323
2026-05-06 18:30:00,77.147,77.231,77.11,77.154,2910
2026-05-06 18:45:00,77.153,77.172,76.745,76.837,3672
2026-05-06 19:00:00,76.827,77.005,76.732,76.922,3334
2026-05-06 19:15:00,76.923,76.936,76.716,76.861,3293
2026-05-06 19:30:00,76.862,76.949,76.804,76.949,2987
2026-05-06 19:45:00,76.95,77.116,76.902,77.1,2704
2026-05-06 20:00:00,77.099,77.241,77.025,77.213,2649
2026-05-06 20:15:00,77.214,77.289,77.165,77.171,2019
2026-05-06 20:30:00,77.177,77.22,77.094,77.142,2329
2026-05-06 20:45:00,77.138,77.187,77.031,77.041,2239
2026-05-06 21:00:00,77.042,77.366,77.039,77.357,1998
2026-05-06 21:15:00,77.358,77.512,77.353,77.494,2022
2026-05-06 21:30:00,77.495,77.516,77.349,77.466,2234
2026-05-06 21:45:00,77.463,77.525,77.385,77.449,2922
2026-05-06 22:00:00,77.45,77.592,77.449,77.576,1656
2026-05-06 22:15:00,77.577,77.593,77.491,77.502,1352
2026-05-06 22:30:00,77.506,77.519,77.437,77.445,1144
2026-05-06 22:45:00,77.437,77.456,77.25,77.328,1472
2026-05-07 00:00:00,77.378,77.592,77.262,77.588,947
2026-05-07 00:15:00,77.589,77.589,77.319,77.351,1394
2026-05-07 00:30:00,77.349,77.521,77.339,77.497,1410
2026-05-07 00:45:00,77.496,77.499,77.352,77.395,1375
2026-05-07 01:00:00,77.394,77.464,77.38,77.39,1239
2026-05-07 01:15:00,77.389,77.458,77.355,77.415,1166
2026-05-07 01:30:00,77.417,77.443,77.376,77.434,835
2026-05-07 01:45:00,77.433,77.727,77.433,77.509,1983
2026-05-07 02:00:00,77.504,77.565,77.184,77.376,2790
2026-05-07 02:15:00,77.379,77.403,77.185,77.205,3248
2026-05-07 02:30:00,77.203,77.269,77.051,77.131,2191
2026-05-07 02:45:00,77.129,77.281,77.086,77.146,2274
2026-05-07 03:00:00,77.15,77.916,76.974,77.834,4427
2026-05-07 03:15:00,77.835,78.085,77.652,77.675,3981
2026-05-07 03:30:00,77.673,78.116,77.632,78.07,3732
2026-05-07 03:45:00,78.071,78.26,78.0,78.038,3394
2026-05-07 04:00:00,78.039,78.265,77.594,77.725,3686
2026-05-07 04:15:00,77.727,77.901,77.719,77.833,2728
2026-05-07 04:30:00,77.83,77.876,77.534,77.837,2895
2026-05-07 04:45:00,77.838,78.005,77.798,77.867,2428
2026-05-07 05:00:00,77.864,77.901,77.717,77.744,2443
2026-05-07 05:15:00,77.743,77.956,77.743,77.823,2397
2026-05-07 05:30:00,77.822,77.842,77.709,77.728,1991
2026-05-07 05:45:00,77.725,77.738,77.568,77.58,1612
2026-05-07 06:00:00,77.58,77.707,77.483,77.485,1718
2026-05-07 06:15:00,77.487,77.652,77.466,77.601,1430
2026-05-07 06:30:00,77.602,77.712,77.502,77.699,1338
2026-05-07 06:45:00,77.699,77.705,77.616,77.693,1258
2026-05-07 07:00:00,77.694,77.908,77.688,77.887,1452
2026-05-07 07:15:00,77.888,77.89,77.559,77.647,1602
2026-05-07 07:30:00,77.646,77.989,77.576,77.923,2436
2026-05-07 07:45:00,77.924,77.956,77.657,77.731,2422
2026-05-07 08:00:00,77.729,78.145,77.729,78.081,2781
2026-05-07 08:15:00,78.082,78.49,78.048,78.489,2748
2026-05-07 08:30:00,78.488,78.979,78.448,78.903,4058
2026-05-07 08:45:00,78.902,78.921,78.716,78.848,3102
2026-05-07 09:00:00,78.847,79.431,78.691,79.393,4155
2026-05-07 09:15:00,79.393,79.515,79.255,79.333,4424
2026-05-07 09:30:00,79.334,79.607,79.292,79.57,3201
2026-05-07 09:45:00,79.571,79.771,79.46,79.723,3199
2026-05-07 10:00:00,79.734,79.871,79.628,79.649,4023
2026-05-07 10:15:00,79.65,79.761,79.547,79.721,3576
2026-05-07 10:30:00,79.722,79.862,79.567,79.567,2437
2026-05-07 10:45:00,79.564,79.663,79.495,79.602,2817
2026-05-07 11:00:00,79.603,79.735,79.412,79.699,2602
2026-05-07 11:15:00,79.702,79.76,79.638,79.738,2274
2026-05-07 11:30:00,79.737,80.236,79.708,80.207,2654
2026-05-07 11:45:00,80.21,80.291,80.151,80.205,2741
2026-05-07 12:00:00,80.207,80.485,80.17,80.463,2558
2026-05-07 12:15:00,80.462,80.481,80.238,80.331,2414
2026-05-07 12:30:00,80.332,80.571,80.243,80.548,2236
2026-05-07 12:45:00,80.551,80.577,80.292,80.315,2099
2026-05-07 13:00:00,80.325,80.515,80.285,80.346,2301
2026-05-07 13:15:00,80.345,80.762,80.276,80.655,2615
2026-05-07 13:30:00,80.656,80.974,80.633,80.85,2770
2026-05-07 13:45:00,80.851,80.96,80.774,80.914,2844
2026-05-07 14:00:00,80.917,81.377,80.888,81.329,3599
2026-05-07 14:15:00,81.319,81.672,81.094,81.499,4297
2026-05-07 14:30:00,81.515,81.601,81.18,81.553,3787
2026-05-07 14:45:00,81.556,81.646,81.414,81.47,3703
2026-05-07 15:00:00,81.469,81.474,80.83,80.871,4979
2026-05-07 15:15:00,80.868,81.291,80.868,80.984,4325
2026-05-07 15:30:00,80.972,81.307,80.838,81.229,5829
2026-05-07 15:45:00,81.233,81.359,80.882,81.275,6201
2026-05-07 16:00:00,81.273,81.83,81.208,81.801,5253
2026-05-07 16:15:00,81.8,81.843,81.31,81.726,5256
2026-05-07 16:30:00,81.729,81.933,81.645,81.782,4696
2026-05-07 16:45:00,81.781,82.106,81.771,81.992,4055
2026-05-07 17:00:00,81.99,82.001,81.504,81.528,4484
2026-05-07 17:15:00,81.524,81.596,80.93,81.05,5289
2026-05-07 17:30:00,81.053,81.299,80.963,80.971,4650
2026-05-07 17:45:00,80.972,81.005,80.336,80.408,5413
2026-05-07 18:00:00,80.411,80.475,79.775,79.842,6464
2026-05-07 18:15:00,79.838,80.171,79.356,80.005,6460
2026-05-07 18:30:00,79.994,80.056,79.686,79.796,4925
2026-05-07 18:45:00,79.794,80.0,79.727,79.857,4800
2026-05-07 19:00:00,79.856,80.029,79.618,79.686,4630
2026-05-07 19:15:00,79.687,79.773,78.825,79.104,6581
2026-05-07 19:30:00,79.103,79.452,78.95,79.312,6573
2026-05-07 19:45:00,79.307,79.785,79.238,79.753,5522
2026-05-07 20:00:00,79.756,79.789,79.578,79.63,4269
2026-05-07 20:15:00,79.628,79.686,79.474,79.635,3818
2026-05-07 20:30:00,79.63,79.685,79.224,79.32,4473
2026-05-07 20:45:00,79.315,79.324,78.624,79.223,5753
2026-05-07 21:00:00,79.224,79.358,79.027,79.254,4641
2026-05-07 21:15:00,79.255,79.305,78.741,79.023,4974
2026-05-07 21:30:00,79.025,79.359,78.966,79.298,3374
2026-05-07 21:45:00,79.289,79.308,79.038,79.107,4742
2026-05-07 22:00:00,79.099,79.832,79.094,79.625,3188
2026-05-07 22:15:00,79.645,79.849,79.571,79.766,1920
2026-05-07 22:30:00,79.769,79.829,79.107,79.204,2723
2026-05-07 22:45:00,79.202,79.277,78.446,78.623,2358
2026-05-08 00:00:00,78.333,78.88,78.3,78.686,2003
2026-05-08 00:15:00,78.682,78.856,78.617,78.808,2572
2026-05-08 00:30:00,78.811,78.876,78.543,78.603,2066
2026-05-08 00:45:00,78.601,78.632,78.299,78.506,1783
2026-05-08 01:00:00,78.506,78.8,78.493,78.704,1374
2026-05-08 01:15:00,78.703,79.078,78.703,79.017,1242
2026-05-08 01:30:00,79.019,79.088,78.973,79.027,793
2026-05-08 01:45:00,79.041,79.263,79.041,79.222,2003
2026-05-08 02:00:00,79.22,79.455,79.141,79.181,2862
2026-05-08 02:15:00,79.196,79.196,78.805,78.857,2936
2026-05-08 02:30:00,78.856,79.195,78.832,79.047,2198
2026-05-08 02:45:00,79.049,79.149,78.839,79.104,2150
2026-05-08 03:00:00,79.103,79.982,79.078,79.771,5110
2026-05-08 03:15:00,79.769,79.962,79.63,79.866,4015
2026-05-08 03:30:00,79.867,80.015,79.583,79.719,3698
2026-05-08 03:45:00,79.72,80.189,79.714,79.909,3499
2026-05-08 04:00:00,79.908,80.142,79.866,79.91,3676
2026-05-08 04:15:00,79.906,79.923,79.679,79.721,2685
2026-05-08 04:30:00,79.722,79.833,79.342,79.531,3885
2026-05-08 04:45:00,79.532,79.839,79.521,79.65,3036
2026-05-08 05:00:00,79.648,79.851,79.546,79.851,2752
2026-05-08 05:15:00,79.852,79.927,79.715,79.815,2094
2026-05-08 05:30:00,79.812,80.125,79.766,79.972,1837
2026-05-08 05:45:00,79.969,79.979,79.744,79.84,1396
2026-05-08 06:00:00,79.849,79.946,79.72,79.72,1336
2026-05-08 06:15:00,79.719,79.838,79.685,79.797,1654
2026-05-08 06:30:00,79.798,79.832,79.283,79.509,1780
2026-05-08 06:45:00,79.51,79.743,79.432,79.599,2060
2026-05-08 07:00:00,79.603,79.766,79.595,79.694,2108
2026-05-08 07:15:00,79.693,79.945,79.64,79.902,1481
2026-05-08 07:30:00,79.901,80.351,79.901,80.191,3311
2026-05-08 07:45:00,80.187,80.516,80.102,80.418,3351
2026-05-08 08:00:00,80.42,80.694,80.055,80.394,4575
2026-05-08 08:15:00,80.392,80.675,80.308,80.663,3213
2026-05-08 08:30:00,80.665,80.673,80.403,80.514,3292
2026-05-08 08:45:00,80.512,80.522,80.242,80.299,3373
2026-05-08 09:00:00,80.293,80.332,79.915,79.915,3227
2026-05-08 09:15:00,79.919,80.037,79.306,79.605,4510
2026-05-08 09:30:00,79.601,79.788,79.346,79.788,3661
2026-05-08 09:45:00,79.79,79.962,79.729,79.857,3424
2026-05-08 10:00:00,79.858,80.003,79.776,79.984,3429
2026-05-08 10:15:00,79.985,80.323,79.982,80.233,3365
2026-05-08 10:30:00,80.234,80.323,80.073,80.073,2714
2026-05-08 10:45:00,80.075,80.216,80.063,80.128,2948
2026-05-08 11:00:00,80.127,80.345,80.038,80.294,2730
2026-05-08 11:15:00,80.295,80.58,80.241,80.459,2372
2026-05-08 11:30:00,80.458,80.48,80.208,80.344,3192
2026-05-08 11:45:00,80.345,80.346,80.018,80.186,3283
2026-05-08 12:00:00,80.185,80.353,80.164,80.317,2625
2026-05-08 12:15:00,80.316,80.685,80.31,80.533,2208
2026-05-08 12:30:00,80.534,80.85,80.519,80.724,2819
2026-05-08 12:45:00,80.721,80.77,80.364,80.607,3141
2026-05-08 13:00:00,80.608,80.777,80.451,80.561,3515
2026-05-08 13:15:00,80.551,80.645,80.519,80.587,2866
2026-05-08 13:30:00,80.585,80.731,80.499,80.613,2929
2026-05-08 13:45:00,80.611,80.725,80.448,80.71,2734
2026-05-08 14:00:00,80.711,80.816,80.41,80.486,3475
2026-05-08 14:15:00,80.484,80.671,80.33,80.554,3342
2026-05-08 14:30:00,80.543,81.401,80.349,81.188,5483
2026-05-08 14:45:00,81.191,81.458,81.011,81.113,4505
2026-05-08 15:00:00,81.112,81.228,80.519,80.583,5185
2026-05-08 15:15:00,80.587,81.079,80.547,80.949,4162
2026-05-08 15:30:00,80.953,81.554,80.918,81.224,6492
2026-05-08 15:45:00,81.225,81.505,81.109,81.47,4908
2026-05-08 16:00:00,81.465,81.535,80.482,80.927,5837
2026-05-08 16:15:00,80.926,81.056,80.579,80.579,5258
2026-05-08 16:30:00,80.58,80.931,80.464,80.873,4873
2026-05-08 16:45:00,80.863,80.885,80.503,80.584,4245
2026-05-08 17:00:00,80.578,80.799,80.089,80.156,4548
2026-05-08 17:15:00,80.168,80.322,79.978,80.32,4922
2026-05-08 17:30:00,80.334,80.41,79.895,79.982,4802
2026-05-08 17:45:00,79.985,80.123,79.867,79.89,3910
2026-05-08 18:00:00,79.892,80.168,79.859,80.143,3426
2026-05-08 18:15:00,80.14,80.466,80.14,80.457,2763
2026-05-08 18:30:00,80.458,80.505,80.293,80.305,2773
2026-05-08 18:45:00,80.312,80.375,80.034,80.078,3468
2026-05-08 19:00:00,80.077,80.18,80.029,80.051,2841
2026-05-08 19:15:00,80.056,80.407,80.05,80.364,3233
2026-05-08 19:30:00,80.362,80.49,80.316,80.378,2652
2026-05-08 19:45:00,80.379,80.472,80.334,80.353,2591
2026-05-08 20:00:00,80.354,80.873,80.345,80.809,3336
2026-05-08 20:15:00,80.81,80.848,80.538,80.633,2335
2026-05-08 20:30:00,80.632,80.649,80.508,80.518,2015
2026-05-08 20:45:00,80.519,80.56,80.4,80.457,2197
2026-05-08 21:00:00,80.456,80.597,80.406,80.433,2466
2026-05-08 21:15:00,80.427,80.593,80.424,80.536,1886
2026-05-08 21:30:00,80.537,80.733,80.465,80.733,2274
2026-05-08 21:45:00,80.73,80.783,80.587,80.661,3141
2026-05-08 22:00:00,80.662,80.671,80.373,80.421,1573
2026-05-08 22:15:00,80.419,80.438,80.293,80.356,1841
2026-05-08 22:30:00,80.357,80.445,80.313,80.375,1678
2026-05-08 22:45:00,80.378,80.388,80.28,80.319,1299
2026-05-11 00:00:00,79.429,79.565,79.054,79.441,2441
2026-05-11 00:15:00,79.437,79.711,79.247,79.693,2422
2026-05-11 00:30:00,79.686,79.81,79.589,79.797,1985
2026-05-11 00:45:00,79.798,80.011,79.766,79.954,1790
2026-05-11 01:00:00,79.953,80.154,79.908,80.055,1952
2026-05-11 01:15:00,80.056,80.287,80.034,80.185,1889
2026-05-11 01:30:00,80.186,80.298,80.165,80.191,1657
2026-05-11 01:45:00,80.194,80.231,79.917,79.981,2198
2026-05-11 02:00:00,79.978,80.148,79.822,79.943,3800
2026-05-11 02:15:00,79.942,80.175,79.797,80.067,2988
2026-05-11 02:30:00,80.069,80.509,80.036,80.225,2804
2026-05-11 02:45:00,80.226,80.278,79.543,79.998,4431
2026-05-11 03:00:00,79.994,80.361,79.538,79.968,6054
2026-05-11 03:15:00,79.969,80.731,79.889,80.612,4644
2026-05-11 03:30:00,80.613,80.773,80.451,80.7,4826
2026-05-11 03:45:00,80.698,80.818,80.453,80.777,4510
2026-05-11 04:00:00,80.78,81.193,80.635,80.928,3940
2026-05-11 04:15:00,80.921,81.074,80.809,81.066,2399
2026-05-11 04:30:00,81.065,81.605,81.065,81.268,3947
2026-05-11 04:45:00,81.262,81.407,80.87,80.944,4001
2026-05-11 05:00:00,80.945,81.107,80.708,81.026,3306
2026-05-11 05:15:00,81.027,81.027,80.797,80.97,2872
2026-05-11 05:30:00,80.966,80.996,80.58,80.74,2346
2026-05-11 05:45:00,80.736,80.77,80.555,80.635,1960
2026-05-11 06:00:00,80.655,80.675,80.501,80.512,2285
2026-05-11 06:15:00,80.513,80.594,80.328,80.417,2287
2026-05-11 06:30:00,80.419,80.422,80.206,80.386,2024
2026-05-11 06:45:00,80.379,80.485,80.295,80.302,1527
2026-05-11 07:00:00,80.301,80.534,80.222,80.321,1964
2026-05-11 07:15:00,80.323,80.39,80.16,80.162,1803
2026-05-11 07:30:00,80.155,80.664,79.989,80.037,4339
2026-05-11 07:45:00,80.041,80.164,79.736,79.879,4126
2026-05-11 08:00:00,79.88,80.337,79.828,80.281,4102
2026-05-11 08:15:00,80.284,80.435,80.234,80.426,3759
2026-05-11 08:30:00,80.428,80.548,80.376,80.49,3588
2026-05-11 08:45:00,80.489,80.714,80.447,80.588,3205
2026-05-11 09:00:00,80.591,80.666,80.369,80.409,3628
2026-05-11 09:15:00,80.411,80.581,80.362,80.5,2412
2026-05-11 09:30:00,80.499,80.548,80.313,80.347,2453
2026-05-11 09:45:00,80.348,80.356,80.143,80.272,2151
2026-05-11 10:00:00,80.277,80.514,80.187,80.44,3034
2026-05-11 10:15:00,80.441,80.646,80.383,80.385,2917
2026-05-11 10:30:00,80.378,80.505,80.334,80.379,2496
2026-05-11 10:45:00,80.381,80.396,80.252,80.259,2163
2026-05-11 11:00:00,80.262,80.301,80.132,80.273,2088
2026-05-11 11:15:00,80.272,80.306,80.074,80.103,2109
2026-05-11 11:30:00,80.102,80.309,80.004,80.29,2388
2026-05-11 11:45:00,80.292,80.362,80.094,80.103,2041
2026-05-11 12:00:00,80.096,80.26,80.076,80.228,1897
2026-05-11 12:15:00,80.229,80.42,80.192,80.354,1836
2026-05-11 12:30:00,80.356,80.543,80.317,80.448,2551
2026-05-11 12:45:00,80.45,80.53,80.34,80.352,1852
2026-05-11 13:00:00,80.353,80.494,80.331,80.442,2341
2026-05-11 13:15:00,80.44,80.594,80.37,80.588,1756
2026-05-11 13:30:00,80.587,81.333,80.544,81.163,3249
2026-05-11 13:45:00,81.162,81.312,80.807,81.308,2871
2026-05-11 14:00:00,81.32,81.441,81.045,81.098,3458
2026-05-11 14:15:00,81.099,82.906,81.073,82.811,5782
2026-05-11 14:30:00,82.809,83.17,82.68,82.747,5148
2026-05-11 14:45:00,82.742,83.843,82.713,83.618,5141
2026-05-11 15:00:00,83.625,85.155,83.489,85.074,6886
2026-05-11 15:15:00,85.071,85.312,84.777,85.155,6392
2026-05-11 15:30:00,85.159,85.843,84.99,85.764,7130
2026-05-11 15:45:00,85.766,85.79,85.365,85.51,5604
2026-05-11 16:00:00,85.51,85.553,84.333,85.054,6004
2026-05-11 16:15:00,85.052,85.07,84.554,84.576,4973
2026-05-11 16:30:00,84.584,84.99,84.139,84.922,5718
2026-05-11 16:45:00,84.923,84.983,84.698,84.881,4469
2026-05-11 17:00:00,84.882,85.359,84.809,85.181,4629
2026-05-11 17:15:00,85.175,85.824,85.106,85.646,4480
2026-05-11 17:30:00,85.645,85.929,85.544,85.684,4278
2026-05-11 17:45:00,85.689,85.999,85.559,85.946,4677
2026-05-11 18:00:00,85.948,86.003,85.577,85.637,3386
2026-05-11 18:15:00,85.636,85.656,85.414,85.491,3302
2026-05-11 18:30:00,85.49,85.598,84.969,85.051,4557
2026-05-11 18:45:00,85.046,85.246,84.953,85.169,5021
2026-05-11 19:00:00,85.164,85.251,84.989,85.013,3858
2026-05-11 19:15:00,85.016,85.421,84.973,85.359,4125
2026-05-11 19:30:00,85.358,85.598,85.356,85.543,2586
2026-05-11 19:45:00,85.542,85.638,85.475,85.637,1964
2026-05-11 20:00:00,85.639,85.851,85.531,85.604,2769
2026-05-11 20:15:00,85.605,85.841,85.495,85.826,2762
2026-05-11 20:30:00,85.823,85.942,85.798,85.851,2646
2026-05-11 20:45:00,85.85,86.054,85.761,85.764,2454
2026-05-11 21:00:00,85.765,86.08,85.751,85.938,3172
2026-05-11 21:15:00,85.939,86.022,85.911,85.983,2923
2026-05-11 21:30:00,85.982,86.063,85.785,86.023,3281
2026-05-11 21:45:00,86.022,86.155,86.019,86.138,2715
2026-05-11 22:00:00,86.14,86.157,85.637,85.831,2279
2026-05-11 22:15:00,85.832,85.989,85.784,85.98,1322
2026-05-11 22:30:00,85.978,86.189,85.974,86.153,1161
2026-05-11 22:45:00,86.155,86.215,85.992,86.075,1335
2026-05-12 00:00:00,86.204,86.277,86.109,86.183,1078
2026-05-12 00:15:00,86.181,86.4,86.18,86.325,695
2026-05-12 00:30:00,86.323,86.716,86.285,86.712,1277
2026-05-12 00:45:00,86.711,86.954,86.686,86.869,1686
2026-05-12 01:00:00,86.87,87.092,86.047,86.353,2523
2026-05-12 01:15:00,86.354,86.725,86.354,86.612,1530
2026-05-12 01:30:00,86.614,87.18,86.554,86.829,2650
2026-05-12 01:45:00,86.83,87.189,86.7,87.13,2859
2026-05-12 02:00:00,87.131,87.131,86.391,86.721,3709
2026-05-12 02:15:00,86.73,86.999,86.234,86.56,3122
2026-05-12 02:30:00,86.555,86.601,86.28,86.304,2370
2026-05-12 02:45:00,86.311,86.456,85.981,86.015,2846
2026-05-12 03:00:00,86.014,86.884,85.855,86.736,5892
2026-05-12 03:15:00,86.737,87.068,86.353,86.374,4763
2026-05-12 03:30:00,86.365,86.635,85.466,86.093,5350
2026-05-12 03:45:00,86.086,86.171,85.879,86.019,4828
2026-05-12 04:00:00,86.015,86.481,86.012,86.283,4951
2026-05-12 04:15:00,86.284,86.327,85.904,86.032,2992
2026-05-12 04:30:00,86.029,86.236,85.525,85.969,4262
2026-05-12 04:45:00,85.97,86.453,85.895,86.279,3812
2026-05-12 05:00:00,86.277,86.416,86.109,86.267,3910
2026-05-12 05:15:00,86.272,86.288,85.918,86.015,3643
2026-05-12 05:30:00,86.016,86.425,86.016,86.244,2583
2026-05-12 05:45:00,86.246,86.277,85.893,86.107,2119
2026-05-12 06:00:00,86.107,86.309,86.044,86.232,1829
2026-05-12 06:15:00,86.233,86.493,86.072,86.136,2274
2026-05-12 06:30:00,86.14,86.302,86.096,86.25,1660
2026-05-12 06:45:00,86.246,86.298,85.896,86.026,2300
2026-05-12 07:00:00,86.014,86.211,85.622,85.731,2957
2026-05-12 07:15:00,85.737,85.843,85.618,85.804,2625
2026-05-12 07:30:00,85.804,86.128,85.489,85.564,4178
2026-05-12 07:45:00,85.562,85.704,85.171,85.483,4051
2026-05-12 08:00:00,85.485,85.491,84.729,84.806,5521
2026-05-12 08:15:00,84.813,85.078,84.626,84.667,4699
2026-05-12 08:30:00,84.668,84.8,84.317,84.434,4682
2026-05-12 08:45:00,84.435,84.612,83.742,84.17,4946
2026-05-12 09:00:00,84.177,84.252,83.473,84.111,4311
2026-05-12 09:15:00,84.11,84.342,83.973,84.21,3395
2026-05-12 09:30:00,84.207,84.359,84.028,84.282,3108
2026-05-12 09:45:00,84.283,84.698,84.128,84.454,3736
2026-05-12 10:00:00,84.455,84.708,84.08,84.176,3514
2026-05-12 10:15:00,84.177,84.418,84.073,84.273,2830
2026-05-12 10:30:00,84.271,84.31,83.944,84.169,2649
2026-05-12 10:45:00,84.17,84.402,84.091,84.295,2698
2026-05-12 11:00:00,84.298,84.31,84.04,84.043,2458
2026-05-12 11:15:00,84.041,84.144,83.839,83.974,2457
2026-05-12 11:30:00,83.979,84.365,83.976,83.997,3274
2026-05-12 11:45:00,83.998,84.159,83.816,83.921,2891
2026-05-12 12:00:00,83.92,84.393,83.918,84.338,2430
2026-05-12 12:15:00,84.335,84.338,83.927,83.99,2572
2026-05-12 12:30:00,83.987,83.993,83.535,83.622,3413
2026-05-12 12:45:00,83.625,83.716,83.5,83.675,3043
2026-05-12 13:00:00,83.681,83.88,83.056,83.359,4251
2026-05-12 13:15:00,83.361,83.596,83.24,83.584,2905
2026-05-12 13:30:00,83.583,83.96,83.573,83.88,2964
2026-05-12 13:45:00,83.876,84.144,83.798,84.105,3203
2026-05-12 14:00:00,84.104,84.135,83.482,83.621,3919
2026-05-12 14:15:00,83.62,84.017,83.543,83.88,3682
2026-05-12 14:30:00,83.88,84.469,83.351,84.251,5731
2026-05-12 14:45:00,84.259,84.77,84.244,84.436,4697
2026-05-12 15:00:00,84.44,84.875,84.249,84.363,6271
2026-05-12 15:15:00,84.365,84.537,83.969,84.517,5551
2026-05-12 15:30:00,84.516,85.333,84.455,85.235,6908
2026-05-12 15:45:00,85.225,85.359,84.437,84.48,6333
2026-05-12 16:00:00,84.485,85.424,84.309,85.338,7135
2026-05-12 16:15:00,85.346,85.355,84.919,85.015,6089
2026-05-12 16:30:00,85.018,85.124,84.54,85.002,5827
2026-05-12 16:45:00,85.001,85.001,84.233,84.35,6014
2026-05-12 17:00:00,84.337,84.469,84.051,84.058,6380
2026-05-12 17:15:00,84.059,84.092,83.031,83.634,7513
2026-05-12 17:30:00,83.635,84.171,83.542,84.111,6085
2026-05-12 17:45:00,84.109,84.25,84.0,84.167,5454
2026-05-12 18:00:00,84.169,84.567,84.07,84.502,5448
2026-05-12 18:15:00,84.5,84.577,84.316,84.398,4159
2026-05-12 18:30:00,84.396,84.524,84.27,84.338,4269
2026-05-12 18:45:00,84.337,84.702,84.149,84.628,4952
2026-05-12 19:00:00,84.629,85.01,84.629,84.921,4032
2026-05-12 19:15:00,84.922,85.094,84.834,84.904,4088
2026-05-12 19:30:00,84.902,85.274,84.824,85.262,3303
2026-05-12 19:45:00,85.26,85.295,85.042,85.071,3217
2026-05-12 20:00:00,85.07,85.272,84.887,85.033,4232
2026-05-12 20:15:00,85.035,85.442,85.003,85.366,3434
2026-05-12 20:30:00,85.36,85.926,85.343,85.864,3611
2026-05-12 20:45:00,85.865,86.203,85.692,86.09,4557
2026-05-12 21:00:00,86.091,86.496,86.091,86.348,3576
2026-05-12 21:15:00,86.35,86.379,86.053,86.291,3951
2026-05-12 21:30:00,86.296,86.626,86.295,86.589,3459
2026-05-12 21:45:00,86.586,86.831,86.563,86.752,3429
2026-05-12 22:00:00,86.747,86.836,86.574,86.663,2192
2026-05-12 22:15:00,86.662,86.756,86.556,86.587,1413
2026-05-12 22:30:00,86.588,86.633,86.484,86.581,1323
2026-05-12 22:45:00,86.581,86.613,86.48,86.528,1368
2026-05-13 00:00:00,86.52,86.87,86.366,86.69,1431
2026-05-13 00:15:00,86.709,86.901,86.695,86.845,1458
2026-05-13 00:30:00,86.846,86.887,86.749,86.769,1378
2026-05-13 00:45:00,86.775,86.987,86.736,86.745,1366
2026-05-13 01:00:00,86.744,86.868,86.699,86.701,1910
2026-05-13 01:15:00,86.703,86.85,86.607,86.816,1660
2026-05-13 01:30:00,86.809,87.051,86.787,87.049,2024
2026-05-13 01:45:00,87.05,87.287,86.863,87.129,2464
2026-05-13 02:00:00,87.13,87.485,86.948,87.175,3883
2026-05-13 02:15:00,87.173,87.493,87.159,87.435,3198
2026-05-13 02:30:00,87.436,87.633,87.235,87.429,3441
2026-05-13 02:45:00,87.427,87.48,87.125,87.176,3207
2026-05-13 03:00:00,87.187,87.793,86.959,87.485,6093
2026-05-13 03:15:00,87.482,87.576,86.743,86.769,5052
2026-05-13 03:30:00,86.767,87.085,86.5,87.026,4593
2026-05-13 03:45:00,87.031,87.206,86.634,86.707,3755
2026-05-13 04:00:00,86.703,87.157,86.671,86.833,4323
2026-05-13 04:15:00,86.824,87.02,86.766,86.881,2799
2026-05-13 04:30:00,86.891,86.906,86.546,86.573,4572
2026-05-13 04:45:00,86.575,86.611,85.963,86.136,4920
2026-05-13 05:00:00,86.129,86.357,86.021,86.354,4320
2026-05-13 05:15:00,86.355,86.611,86.262,86.512,3446
2026-05-13 05:30:00,86.503,86.938,86.503,86.834,2551
2026-05-13 05:45:00,86.833,86.912,86.495,86.59,2904
2026-05-13 06:00:00,86.601,86.759,86.6,86.659,2389
2026-05-13 06:15:00,86.658,86.735,86.593,86.627,2001
2026-05-13 06:30:00,86.626,86.709,86.359,86.404,2099
2026-05-13 06:45:00,86.403,86.527,86.314,86.351,1896
2026-05-13 07:00:00,86.352,86.693,86.276,86.59,2240
2026-05-13 07:15:00,86.579,86.594,86.087,86.087,2275
2026-05-13 07:30:00,86.084,86.207,85.621,85.978,4660
2026-05-13 07:45:00,85.979,86.43,85.947,86.403,3940
2026-05-13 08:00:00,86.404,86.656,86.273,86.643,3839
2026-05-13 08:15:00,86.655,86.852,86.472,86.516,3425
2026-05-13 08:30:00,86.517,86.811,86.486,86.727,3511
2026-05-13 08:45:00,86.736,86.783,86.424,86.573,3809
2026-05-13 09:00:00,86.581,86.751,86.485,86.661,3696
2026-05-13 09:15:00,86.657,86.922,86.652,86.762,2773
2026-05-13 09:30:00,86.761,86.763,86.522,86.597,2372
2026-05-13 09:45:00,86.595,86.661,86.296,86.521,2578
2026-05-13 10:00:00,86.522,86.573,86.349,86.472,3074
2026-05-13 10:15:00,86.472,86.517,86.2,86.301,2791
2026-05-13 10:30:00,86.302,86.51,86.252,86.301,2630
2026-05-13 10:45:00,86.302,86.539,86.217,86.466,3036
2026-05-13 11:00:00,86.462,86.531,86.224,86.252,2559
2026-05-13 11:15:00,86.247,86.462,86.15,86.355,2509
2026-05-13 11:30:00,86.352,86.587,86.248,86.559,2450
2026-05-13 11:45:00,86.558,86.863,86.526,86.781,2321
2026-05-13 12:00:00,86.784,87.466,86.767,87.075,3308
2026-05-13 12:15:00,87.073,87.197,86.831,86.916,3003
2026-05-13 12:30:00,86.915,86.969,86.751,86.818,2985
2026-05-13 12:45:00,86.817,86.888,86.627,86.691,2375
2026-05-13 13:00:00,86.694,87.084,86.591,87.075,3130
2026-05-13 13:15:00,87.076,87.089,86.764,87.004,3014
2026-05-13 13:30:00,87.003,87.523,86.981,87.381,3586
2026-05-13 13:45:00,87.378,87.599,87.039,87.073,2913
2026-05-13 14:00:00,87.072,87.259,86.964,87.059,3826
2026-05-13 14:15:00,87.06,87.06,86.328,86.738,4803
2026-05-13 14:30:00,86.739,86.741,85.965,86.39,6109
2026-05-13 14:45:00,86.389,86.515,86.063,86.388,4465
2026-05-13 15:00:00,86.383,86.956,86.38,86.93,5060
2026-05-13 15:15:00,86.929,87.085,86.86,86.911,4297
2026-05-13 15:30:00,86.896,87.328,86.513,87.054,6669
2026-05-13 15:45:00,87.044,87.204,86.515,87.088,6700
2026-05-13 16:00:00,87.089,87.573,86.851,87.494,6231
2026-05-13 16:15:00,87.493,87.773,87.121,87.712,5593
2026-05-13 16:30:00,87.707,88.212,87.671,87.915,5522
2026-05-13 16:45:00,87.912,88.208,87.723,87.861,5375
2026-05-13 17:00:00,87.859,88.593,87.794,88.336,5175
2026-05-13 17:15:00,88.337,88.472,88.235,88.353,4224
2026-05-13 17:30:00,88.349,88.703,88.171,88.616,4646
2026-05-13 17:45:00,88.618,88.799,88.562,88.784,4009
2026-05-13 18:00:00,88.788,89.193,88.747,89.181,4235
2026-05-13 18:15:00,89.18,89.357,88.93,89.301,4984
2026-05-13 18:30:00,89.302,89.327,88.881,88.973,4467
2026-05-13 18:45:00,88.974,89.103,88.602,88.633,4010
2026-05-13 19:00:00,88.63,89.107,88.614,89.076,3455
2026-05-13 19:15:00,89.075,89.116,88.462,88.517,4390
2026-05-13 19:30:00,88.516,88.528,87.924,87.937,4486
2026-05-13 19:45:00,87.941,88.094,87.825,87.88,3882
2026-05-13 20:00:00,87.878,88.309,87.827,88.238,3298
2026-05-13 20:15:00,88.242,88.285,87.935,88.18,3225
2026-05-13 20:30:00,88.178,88.218,87.704,87.719,2930
2026-05-13 20:45:00,87.725,87.842,87.278,87.571,4107
2026-05-13 21:00:00,87.578,87.941,87.548,87.941,3062
2026-05-13 21:15:00,87.937,87.972,87.741,87.802,2925
2026-05-13 21:30:00,87.8,87.834,87.639,87.755,2491
2026-05-13 21:45:00,87.754,87.803,87.591,87.65,2935
2026-05-13 22:00:00,87.649,87.689,87.478,87.625,1730
2026-05-13 22:15:00,87.624,87.787,87.59,87.648,1169
2026-05-13 22:30:00,87.649,87.695,87.456,87.584,1497
2026-05-13 22:45:00,87.586,87.608,87.433,87.496,1132
2026-05-14 00:00:00,87.692,87.79,87.588,87.684,977
2026-05-14 00:15:00,87.685,87.914,87.682,87.829,1328
2026-05-14 00:30:00,87.83,87.988,87.778,87.967,1667
2026-05-14 00:45:00,87.968,87.974,87.832,87.875,1011
2026-05-14 01:00:00,87.873,87.96,87.753,87.926,1259
2026-05-14 01:15:00,87.922,87.922,87.59,87.706,964
2026-05-14 01:30:00,87.702,87.789,87.59,87.596,1297
2026-05-14 01:45:00,87.594,87.71,87.415,87.7,1478
2026-05-14 02:00:00,87.692,87.838,87.351,87.73,2790
2026-05-14 02:15:00,87.728,87.907,87.386,87.475,2343
2026-05-14 02:30:00,87.476,87.648,87.319,87.644,2409
2026-05-14 02:45:00,87.646,88.091,87.543,88.061,2513
2026-05-14 03:00:00,88.05,88.435,87.099,87.279,6546
2026-05-14 03:15:00,87.276,87.755,87.094,87.59,5309
2026-05-14 03:30:00,87.589,87.648,87.136,87.41,5561
2026-05-14 03:45:00,87.415,87.733,87.049,87.328,5410
2026-05-14 04:00:00,87.336,87.501,87.073,87.181,3910
2026-05-14 04:15:00,87.179,87.532,87.13,87.475,2504
2026-05-14 04:30:00,87.476,87.773,87.139,87.316,4324
2026-05-14 04:45:00,87.311,87.401,86.833,87.11,4415
2026-05-14 05:00:00,87.107,87.343,86.599,86.676,4451
2026-05-14 05:15:00,86.683,87.111,86.571,87.105,4437
2026-05-14 05:30:00,87.107,87.152,86.388,86.529,2904
2026-05-14 05:45:00,86.53,86.676,86.351,86.43,2838
2026-05-14 06:00:00,86.419,86.726,86.271,86.687,2812
2026-05-14 06:15:00,86.688,87.298,86.688,87.076,2869
2026-05-14 06:30:00,87.074,87.327,86.989,87.084,2742
2026-05-14 06:45:00,87.086,87.184,86.894,86.895,2361
2026-05-14 07:00:00,86.897,87.21,86.844,86.911,2285
2026-05-14 07:15:00,86.914,87.08,86.86,86.949,2056
2026-05-14 07:30:00,86.94,87.371,86.889,87.347,3796
2026-05-14 07:45:00,87.346,87.501,86.976,86.98,3297
2026-05-14 08:00:00,86.977,87.335,86.944,87.12,4035
2026-05-14 08:15:00,87.119,87.285,87.027,87.135,3708
2026-05-14 08:30:00,87.141,87.335,87.003,87.307,3568
2026-05-14 08:45:00,87.309,87.458,86.979,87.176,4046
2026-05-14 09:00:00,87.173,87.192,86.643,86.755,3577
2026-05-14 09:15:00,86.758,87.332,86.683,87.252,3164
2026-05-14 09:30:00,87.253,87.546,87.07,87.328,3487
2026-05-14 09:45:00,87.327,87.358,86.927,86.974,3763
2026-05-14 10:00:00,86.973,87.284,86.919,87.276,3330
2026-05-14 10:15:00,87.274,87.442,87.2,87.423,2991
2026-05-14 10:30:00,87.424,87.54,87.057,87.099,2988
2026-05-14 10:45:00,87.104,87.157,86.979,86.988,2523
2026-05-14 11:00:00,86.987,87.24,86.878,87.057,2853
2026-05-14 11:15:00,87.055,87.187,86.975,86.975,2622
2026-05-14 11:30:00,86.973,87.306,86.671,87.187,3249
2026-05-14 11:45:00,87.19,87.465,87.176,87.186,3558
2026-05-14 12:00:00,87.188,87.285,86.893,86.989,4221
2026-05-14 12:15:00,86.99,87.076,86.803,86.912,3796
2026-05-14 12:30:00,86.913,87.018,86.803,86.884,3580
2026-05-14 12:45:00,86.885,87.193,86.845,87.145,3294
2026-05-14 13:00:00,87.136,87.248,86.68,86.968,3275
2026-05-14 13:15:00,86.969,86.978,86.478,86.565,2906
2026-05-14 13:30:00,86.57,86.855,86.475,86.76,2723
2026-05-14 13:45:00,86.761,87.018,86.669,86.671,2655
2026-05-14 14:00:00,86.67,86.969,86.622,86.897,3658
2026-05-14 14:15:00,86.896,87.041,86.566,86.614,3685
2026-05-14 14:30:00,86.591,86.726,86.241,86.249,4641
2026-05-14 14:45:00,86.244,86.65,86.135,86.539,3803
2026-05-14 15:00:00,86.541,86.739,85.946,86.302,5638
2026-05-14 15:15:00,86.301,86.319,85.337,85.412,5655
2026-05-14 15:30:00,85.408,85.408,84.141,84.501,7495
2026-05-14 15:45:00,84.504,84.855,83.827,83.932,7454
2026-05-14 16:00:00,83.93,84.617,83.831,84.565,6985
2026-05-14 16:15:00,84.564,85.05,84.483,84.67,5680
2026-05-14 16:30:00,84.666,84.987,84.606,84.804,4806
2026-05-14 16:45:00,84.795,84.947,84.453,84.457,5188
2026-05-14 17:00:00,84.456,84.842,84.376,84.774,4955
2026-05-14 17:15:00,84.775,85.216,84.65,85.105,4183
2026-05-14 17:30:00,85.106,85.262,84.919,85.019,3874
2026-05-14 17:45:00,85.02,85.058,84.759,84.869,3888
2026-05-14 18:00:00,84.866,84.967,84.573,84.777,3999
2026-05-14 18:15:00,84.77,84.977,84.596,84.655,3340
2026-05-14 18:30:00,84.651,84.689,84.302,84.597,4144
2026-05-14 18:45:00,84.59,84.788,84.499,84.738,3796
2026-05-14 19:00:00,84.745,84.902,84.551,84.595,4016
2026-05-14 19:15:00,84.593,84.837,84.536,84.719,4634
2026-05-14 19:30:00,84.723,84.912,84.642,84.89,3783
2026-05-14 19:45:00,84.888,84.899,84.747,84.755,2982
2026-05-14 20:00:00,84.75,84.752,84.287,84.593,4409
2026-05-14 20:15:00,84.592,84.668,84.47,84.472,3516
2026-05-14 20:30:00,84.502,84.544,84.284,84.292,2759
2026-05-14 20:45:00,84.293,84.426,84.123,84.426,2434
2026-05-14 21:00:00,84.427,84.433,84.006,84.07,2487
2026-05-14 21:15:00,84.071,84.174,83.95,83.96,2598
2026-05-14 21:30:00,83.959,84.046,83.467,83.507,3599
2026-05-14 21:45:00,83.503,83.675,83.333,83.451,4400
2026-05-14 22:00:00,83.455,83.609,83.248,83.256,2556
2026-05-14 22:15:00,83.255,83.332,83.205,83.277,1688
2026-05-14 22:30:00,83.276,83.488,83.096,83.456,1931
2026-05-14 22:45:00,83.458,83.526,83.434,83.465,1286
2026-05-15 00:00:00,83.381,83.632,83.289,83.558,1453
2026-05-15 00:15:00,83.558,83.628,83.493,83.613,1537
2026-05-15 00:30:00,83.612,83.846,83.605,83.846,1454
2026-05-15 00:45:00,83.847,83.847,83.622,83.747,1263
2026-05-15 01:00:00,83.745,83.797,83.57,83.588,1135
2026-05-15 01:15:00,83.595,83.823,83.419,83.8,1746
2026-05-15 01:30:00,83.799,83.842,82.902,83.659,2629
2026-05-15 01:45:00,83.66,83.681,83.188,83.504,2882
2026-05-15 02:00:00,83.501,83.574,83.132,83.29,3714
2026-05-15 02:15:00,83.292,83.701,82.905,82.921,3543
2026-05-15 02:30:00,82.929,82.951,81.971,82.225,4601
2026-05-15 02:45:00,82.244,82.549,81.781,82.477,4269
2026-05-15 03:00:00,82.471,82.526,81.144,81.463,6817
2026-05-15 03:15:00,81.46,81.618,80.98,81.004,6659
2026-05-15 03:30:00,81.005,81.612,80.968,81.599,5618
2026-05-15 03:45:00,81.596,81.64,80.608,80.776,5973
2026-05-15 04:00:00,80.778,81.193,80.64,81.081,5853
2026-05-15 04:15:00,81.076,81.217,80.879,81.079,3771
2026-05-15 04:30:00,81.078,81.278,80.962,81.27,4817
2026-05-15 04:45:00,81.272,81.659,81.149,81.408,4199
2026-05-15 05:00:00,81.398,81.636,81.33,81.385,4359
2026-05-15 05:15:00,81.383,81.404,80.921,80.978,4520
2026-05-15 05:30:00,80.978,81.401,80.83,81.211,3467
2026-05-15 05:45:00,81.21,81.427,81.05,81.394,2706
2026-05-15 06:00:00,81.409,81.502,81.235,81.49,2199
2026-05-15 06:15:00,81.492,81.512,81.104,81.337,2471
2026-05-15 06:30:00,81.34,81.44,80.954,81.001,2696
2026-05-15 06:45:00,81.002,81.213,80.918,80.951,2488
2026-05-15 07:00:00,80.972,80.979,80.219,80.359,4603
2026-05-15 07:15:00,80.358,80.504,79.964,80.161,4075
2026-05-15 07:30:00,80.178,80.199,77.731,78.119,6972
2026-05-15 07:45:00,78.12,78.499,77.651,77.928,6186
2026-05-15 08:00:00,77.927,78.345,77.574,78.345,7280
2026-05-15 08:15:00,78.341,78.754,78.212,78.301,6270
2026-05-15 08:30:00,78.298,78.663,78.268,78.441,4742
2026-05-15 08:45:00,78.444,78.665,78.163,78.333,4869
2026-05-15 09:00:00,78.335,79.214,78.084,79.197,4956
2026-05-15 09:15:00,79.196,79.343,78.954,79.19,4273
2026-05-15 09:30:00,79.191,79.207,78.873,79.08,3917
2026-05-15 09:45:00,79.081,79.118,78.749,78.909,3561
2026-05-15 10:00:00,78.908,78.971,78.298,78.584,4786
2026-05-15 10:15:00,78.585,78.587,77.999,78.131,4624
2026-05-15 10:30:00,78.129,78.635,77.855,78.632,4755
2026-05-15 10:45:00,78.634,78.678,78.041,78.177,3862
2026-05-15 11:00:00,78.176,78.493,77.799,77.938,4243
2026-05-15 11:15:00,77.945,78.029,77.367,77.953,4096
2026-05-15 11:30:00,77.952,78.027,77.34,77.419,3721
2026-05-15 11:45:00,77.409,77.561,76.815,77.423,4409
2026-05-15 12:00:00,77.422,78.119,77.366,78.075,3868
2026-05-15 12:15:00,78.074,78.667,78.0,78.44,4010
2026-05-15 12:30:00,78.441,78.639,78.202,78.639,2975
2026-05-15 12:45:00,78.635,79.098,78.575,78.876,5017
2026-05-15 13:00:00,78.875,79.019,78.643,78.698,3922
2026-05-15 13:15:00,78.7,78.886,78.446,78.561,3107
2026-05-15 13:30:00,78.563,78.582,78.247,78.294,3187
2026-05-15 13:45:00,78.293,78.569,78.264,78.328,3471
2026-05-15 14:00:00,78.327,78.328,77.974,78.024,4252
2026-05-15 14:15:00,78.023,78.588,78.0,78.34,4298
2026-05-15 14:30:00,78.338,78.358,77.502,77.528,4702
2026-05-15 14:45:00,77.527,77.698,77.179,77.195,4054
2026-05-15 15:00:00,77.193,77.282,76.418,76.874,6040
2026-05-15 15:15:00,76.874,77.34,76.561,77.058,5351
2026-05-15 15:30:00,77.056,77.106,75.978,75.998,7701
2026-05-15 15:45:00,76.0,76.759,75.752,76.408,7168
2026-05-15 16:00:00,76.403,76.801,76.001,76.663,6886
2026-05-15 16:15:00,76.656,77.099,76.323,76.912,7062
2026-05-15 16:30:00,76.903,77.036,76.438,76.567,6885
2026-05-15 16:45:00,76.565,76.907,76.183,76.837,6274
2026-05-15 17:00:00,76.838,76.96,76.404,76.54,5691
2026-05-15 17:15:00,76.538,76.612,76.247,76.422,5093
2026-05-15 17:30:00,76.43,76.613,76.266,76.498,5315
2026-05-15 17:45:00,76.5,76.523,76.021,76.229,5030
2026-05-15 18:00:00,76.227,76.358,75.888,76.021,4698
2026-05-15 18:15:00,76.022,76.459,75.982,76.307,4243
2026-05-15 18:30:00,76.308,76.477,76.284,76.374,3957
2026-05-15 18:45:00,76.377,76.453,76.155,76.298,3906
2026-05-15 19:00:00,76.293,76.738,76.226,76.711,3981
2026-05-15 19:15:00,76.716,77.351,76.664,77.148,4328
2026-05-15 19:30:00,77.147,77.391,77.017,77.247,3967
2026-05-15 19:45:00,77.249,77.307,76.967,77.096,3764
2026-05-15 20:00:00,77.098,77.183,76.972,77.162,3480
2026-05-15 20:15:00,77.159,77.216,76.843,76.992,4331
2026-05-15 20:30:00,76.991,77.011,76.705,76.872,3431
2026-05-15 20:45:00,76.871,77.027,76.759,76.91,2453
2026-05-15 21:00:00,76.909,76.94,76.484,76.519,2931
2026-05-15 21:15:00,76.518,76.648,76.39,76.493,2845
2026-05-15 21:30:00,76.496,76.661,76.475,76.48,2864
2026-05-15 21:45:00,76.479,76.52,76.253,76.275,3558
2026-05-15 22:00:00,76.272,76.273,75.725,75.865,3291
2026-05-15 22:15:00,75.863,75.953,75.721,75.952,2442
2026-05-15 22:30:00,75.951,76.08,75.951,76.008,1991
2026-05-15 22:45:00,76.006,76.062,75.83,75.894,1634
2026-05-18 00:00:00,75.282,76.515,75.208,76.309,2543
2026-05-18 00:15:00,76.318,76.421,75.986,76.248,2290
2026-05-18 00:30:00,76.247,76.823,76.244,76.645,2874
2026-05-18 00:45:00,76.655,76.886,76.608,76.781,2317
2026-05-18 01:00:00,76.781,76.828,76.459,76.61,2558
2026-05-18 01:15:00,76.608,76.631,76.149,76.183,2270
2026-05-18 01:30:00,76.185,76.623,76.04,76.585,3154
2026-05-18 01:45:00,76.585,76.898,76.159,76.625,3880
2026-05-18 02:00:00,76.627,76.893,76.206,76.304,6038
2026-05-18 02:15:00,76.31,76.361,74.979,75.081,4785
2026-05-18 02:30:00,75.079,75.271,74.017,74.084,6360
2026-05-18 02:45:00,74.085,75.479,74.001,75.432,6154
2026-05-18 03:00:00,75.397,75.397,74.029,74.07,7600
2026-05-18 03:15:00,74.063,74.436,73.852,74.079,7166
2026-05-18 03:30:00,74.078,74.64,74.008,74.635,6437
2026-05-18 03:45:00,74.63,75.474,74.498,74.859,5015
2026-05-18 04:00:00,74.849,75.158,74.564,75.03,5130
2026-05-18 04:15:00,75.032,75.328,74.891,75.098,3722
2026-05-18 04:30:00,75.095,75.413,74.846,75.19,4856
2026-05-18 04:45:00,75.188,75.478,74.877,74.96,4387
2026-05-18 05:00:00,74.955,75.178,74.676,74.813,4019
2026-05-18 05:15:00,74.818,75.112,74.7,74.918,4050
2026-05-18 05:30:00,74.916,75.055,74.328,75.017,4746
2026-05-18 05:45:00,75.029,75.233,74.89,75.225,3878
2026-05-18 06:00:00,75.232,75.652,75.232,75.564,3138
2026-05-18 06:15:00,75.565,75.65,75.021,75.168,3611
2026-05-18 06:30:00,75.166,75.542,75.15,75.374,3346
2026-05-18 06:45:00,75.373,75.397,75.058,75.355,3427
2026-05-18 07:00:00,75.355,75.505,75.151,75.277,3700
2026-05-18 07:15:00,75.28,75.601,75.111,75.482,3552
2026-05-18 07:30:00,75.483,75.625,75.199,75.287,4716
2026-05-18 07:45:00,75.285,75.402,74.847,74.888,4100
2026-05-18 08:00:00,74.884,75.193,74.825,75.069,4173
2026-05-18 08:15:00,75.067,75.491,75.009,75.207,4246
2026-05-18 08:30:00,75.203,75.537,75.088,75.463,3898
2026-05-18 08:45:00,75.462,76.147,75.435,76.123,3783
2026-05-18 09:00:00,76.126,76.19,75.676,75.716,3810
2026-05-18 09:15:00,75.714,76.017,75.555,75.994,3679
2026-05-18 09:30:00,75.99,76.269,75.866,75.866,4371
2026-05-18 09:45:00,75.868,76.044,75.793,75.935,3494
2026-05-18 10:00:00,75.916,76.1,75.761,75.919,3150
2026-05-18 10:15:00,75.914,76.17,75.787,76.04,3283
2026-05-18 10:30:00,76.044,76.282,75.978,75.989,3467
2026-05-18 10:45:00,75.99,76.31,75.989,76.145,2694
2026-05-18 11:00:00,76.143,76.212,75.849,75.986,2750
2026-05-18 11:15:00,75.984,76.087,75.792,75.856,2320
2026-05-18 11:30:00,75.862,75.901,75.661,75.785,2658
2026-05-18 11:45:00,75.786,75.833,75.588,75.783,2590
2026-05-18 12:00:00,75.784,75.872,75.539,75.759,3059
2026-05-18 12:15:00,75.756,75.811,75.6,75.653,2141
2026-05-18 12:30:00,75.656,75.91,75.394,75.901,3642
2026-05-18 12:45:00,75.9,76.141,75.682,75.72,2746
2026-05-18 13:00:00,75.714,75.858,75.371,75.857,3551
2026-05-18 13:15:00,75.854,75.96,75.658,75.699,3048
2026-05-18 13:30:00,75.691,77.061,75.673,76.899,5734
2026-05-18 13:45:00,76.903,76.92,76.364,76.404,4682
2026-05-18 14:00:00,76.396,76.606,76.262,76.581,4232
2026-05-18 14:15:00,76.582,76.918,76.312,76.742,4190
2026-05-18 14:30:00,76.743,77.359,76.682,77.359,5086
2026-05-18 14:45:00,77.356,77.512,76.946,77.426,5206
2026-05-18 15:00:00,77.428,77.736,77.193,77.534,5935
2026-05-18 15:15:00,77.524,77.789,77.377,77.643,4707
2026-05-18 15:30:00,77.642,77.967,77.45,77.56,6929
2026-05-18 15:45:00,77.562,78.173,77.472,77.834,6379
2026-05-18 16:00:00,77.835,77.874,77.127,77.222,6567
2026-05-18 16:15:00,77.219,77.437,76.79,77.099,6479
2026-05-18 16:30:00,77.071,77.144,76.296,76.579,6728
2026-05-18 16:45:00,76.578,76.757,76.195,76.652,5741
2026-05-18 17:00:00,76.653,76.772,76.127,76.542,6573
2026-05-18 17:15:00,76.54,76.67,76.277,76.291,4869
2026-05-18 17:30:00,76.289,76.796,76.256,76.619,4366
2026-05-18 17:45:00,76.62,76.9,76.601,76.843,4286
2026-05-18 18:00:00,76.847,76.929,76.573,76.917,4091
2026-05-18 18:15:00,76.913,77.014,76.272,76.409,4637
2026-05-18 18:30:00,76.411,76.933,76.302,76.661,4664
2026-05-18 18:45:00,76.663,77.09,76.631,76.924,3654
2026-05-18 19:00:00,76.923,77.184,76.831,77.093,4279
2026-05-18 19:15:00,77.092,77.222,76.978,77.042,3518
2026-05-18 19:30:00,77.043,77.089,76.948,77.042,2419
2026-05-18 19:45:00,77.041,77.076,76.899,76.944,2180
2026-05-18 20:00:00,76.945,76.966,76.759,76.812,3066
2026-05-18 20:15:00,76.814,76.831,76.607,76.815,3189
2026-05-18 20:30:00,76.816,76.857,76.702,76.798,2483
2026-05-18 20:45:00,76.799,76.861,76.411,76.512,3408
2026-05-18 21:00:00,76.517,77.578,76.475,77.268,5914
2026-05-18 21:15:00,77.267,77.303,76.857,76.995,3506
2026-05-18 21:30:00,76.996,77.369,76.955,77.3,3871
2026-05-18 21:45:00,77.299,77.489,77.275,77.318,3550
2026-05-18 22:00:00,77.315,77.487,77.303,77.461,1151
2026-05-18 22:15:00,77.462,77.66,77.459,77.554,994
2026-05-18 22:30:00,77.551,77.583,77.445,77.57,997
2026-05-18 22:45:00,77.566,77.678,77.486,77.655,649
2026-05-19 00:00:00,77.659,77.966,77.609,77.955,1553
2026-05-19 00:15:00,77.956,78.001,77.845,77.974,1927
2026-05-19 00:30:00,77.973,78.226,77.95,78.184,1547
2026-05-19 00:45:00,78.182,78.207,78.056,78.166,964
2026-05-19 01:00:00,78.177,78.825,78.17,78.769,1839
2026-05-19 01:15:00,78.77,78.792,78.583,78.665,1071
2026-05-19 01:30:00,78.666,78.88,78.54,78.819,1498
2026-05-19 01:45:00,78.82,78.854,78.535,78.656,1554
2026-05-19 02:00:00,78.656,78.874,78.356,78.494,3436
2026-05-19 02:15:00,78.495,78.728,78.305,78.406,4498
2026-05-19 02:30:00,78.412,78.566,78.142,78.195,4034
2026-05-19 02:45:00,78.193,78.229,77.481,77.534,3541
2026-05-19 03:00:00,77.52,77.75,77.198,77.476,4979
2026-05-19 03:15:00,77.482,77.593,76.979,77.119,4517
2026-05-19 03:30:00,77.12,77.584,76.84,77.495,4468
2026-05-19 03:45:00,77.494,77.52,77.083,77.104,4391
2026-05-19 04:00:00,77.103,77.142,76.54,76.688,5160
2026-05-19 04:15:00,76.68,76.784,76.52,76.61,3841
2026-05-19 04:30:00,76.606,76.686,76.237,76.439,4831
2026-05-19 04:45:00,76.45,76.533,76.181,76.327,4252
2026-05-19 05:00:00,76.324,76.51,76.092,76.499,4109
2026-05-19 05:15:00,76.497,76.653,76.302,76.486,2985
2026-05-19 05:30:00,76.488,76.542,76.282,76.325,2575
2026-05-19 05:45:00,76.32,76.439,76.155,76.175,2324
2026-05-19 06:00:00,76.172,76.187,75.984,76.126,3009
2026-05-19 06:15:00,76.127,76.25,75.969,76.041,2553
2026-05-19 06:30:00,76.038,76.196,75.955,76.088,2003
2026-05-19 06:45:00,76.084,76.263,76.065,76.233,2109
2026-05-19 07:00:00,76.234,76.408,76.124,76.315,2742
2026-05-19 07:15:00,76.318,76.334,75.785,76.089,3488
2026-05-19 07:30:00,76.091,76.144,75.697,75.942,4580
2026-05-19 07:45:00,75.943,76.442,75.74,76.311,4512
2026-05-19 08:00:00,76.313,76.53,76.056,76.444,4651
2026-05-19 08:15:00,76.445,76.652,76.327,76.331,4109
2026-05-19 08:30:00,76.329,76.47,76.227,76.449,4077
2026-05-19 08:45:00,76.451,76.458,76.023,76.305,3227
2026-05-19 09:00:00,76.3,76.3,75.855,76.028,3668
2026-05-19 09:15:00,76.029,76.066,75.774,75.998,3282
2026-05-19 09:30:00,75.996,76.062,75.747,75.8,3545
2026-05-19 09:45:00,75.802,76.473,75.775,76.467,3669
2026-05-19 10:00:00,76.473,76.543,75.933,76.077,3566
2026-05-19 10:15:00,76.079,76.113,75.835,75.972,3402
2026-05-19 10:30:00,75.973,76.189,75.908,76.178,2572
2026-05-19 10:45:00,76.177,76.245,75.984,75.997,2335
2026-05-19 11:00:00,75.99,75.994,75.465,75.697,2808
2026-05-19 11:15:00,75.696,76.007,75.575,75.718,3359
2026-05-19 11:30:00,75.719,75.815,75.502,75.581,3608
2026-05-19 11:45:00,75.58,75.867,75.577,75.792,3087
2026-05-19 12:00:00,75.79,75.993,75.679,75.865,2681
2026-05-19 12:15:00,75.864,75.934,75.733,75.888,2120
2026-05-19 12:30:00,75.889,76.041,75.44,75.548,3550
2026-05-19 12:45:00,75.547,76.079,75.481,76.079,3990
2026-05-19 13:00:00,76.081,76.273,75.914,76.064,3516
2026-05-19 13:15:00,76.063,76.13,75.867,76.013,2764
2026-05-19 13:30:00,76.012,76.076,75.844,76.001,2969
2026-05-19 13:45:00,75.998,76.013,75.734,75.759,2991
2026-05-19 14:00:00,75.76,76.166,75.649,76.083,3383
2026-05-19 14:15:00,76.076,76.298,75.859,76.223,3292
2026-05-19 14:30:00,76.219,76.369,76.025,76.065,3921
2026-05-19 14:45:00,76.064,76.175,75.978,76.025,3342
2026-05-19 15:00:00,76.027,76.039,75.275,75.624,5437
2026-05-19 15:15:00,75.622,75.684,73.549,73.664,6506
2026-05-19 15:30:00,73.666,73.755,73.072,73.44,7731
2026-05-19 15:45:00,73.442,74.576,73.428,74.379,6739
2026-05-19 16:00:00,74.377,74.889,74.171,74.229,6817
2026-05-19 16:15:00,74.228,74.432,73.901,74.222,6353
2026-05-19 16:30:00,74.223,74.354,73.868,74.083,6637
2026-05-19 16:45:00,74.085,74.127,73.638,74.069,5679
2026-05-19 17:00:00,74.078,74.218,73.758,74.087,4813
2026-05-19 17:15:00,74.091,74.42,74.055,74.257,4010
2026-05-19 17:30:00,74.254,74.525,74.22,74.333,4289
2026-05-19 17:45:00,74.332,74.51,74.163,74.446,3534
2026-05-19 18:00:00,74.461,74.629,74.235,74.292,3303
2026-05-19 18:15:00,74.302,74.586,74.196,74.566,3123
2026-05-19 18:30:00,74.565,74.697,74.492,74.582,3063
2026-05-19 18:45:00,74.583,74.694,74.548,74.638,2493
2026-05-19 19:00:00,74.637,74.872,74.634,74.865,2575
2026-05-19 19:15:00,74.868,74.907,74.655,74.67,2800
2026-05-19 19:30:00,74.669,74.74,74.48,74.526,2620
2026-05-19 19:45:00,74.525,74.542,74.396,74.461,2350
2026-05-19 20:00:00,74.462,74.529,74.429,74.458,1861
2026-05-19 20:15:00,74.459,74.482,74.066,74.223,2783
2026-05-19 20:30:00,74.221,74.431,74.079,74.405,2887
2026-05-19 20:45:00,74.404,74.429,74.033,74.132,3531
2026-05-19 21:00:00,74.133,74.242,74.089,74.158,3239
2026-05-19 21:15:00,74.159,74.168,73.921,73.994,2800
2026-05-19 21:30:00,73.993,74.242,73.978,74.15,2769
2026-05-19 21:45:00,74.149,74.161,73.839,73.938,2726
2026-05-19 22:00:00,73.933,73.933,73.704,73.848,1505
2026-05-19 22:15:00,73.847,73.916,73.757,73.897,1075
2026-05-19 22:30:00,73.896,73.902,73.781,73.797,922
2026-05-19 22:45:00,73.798,73.801,73.617,73.681,732
2026-05-20 00:00:00,73.776,74.019,73.776,73.915,904
2026-05-20 00:15:00,73.915,73.915,73.762,73.87,1054
2026-05-20 00:30:00,73.873,74.059,73.831,73.936,1716
2026-05-20 00:45:00,73.935,74.032,73.854,74.021,1788
2026-05-20 01:00:00,74.019,74.171,73.899,74.139,1571
2026-05-20 01:15:00,74.136,74.175,74.074,74.121,1468
2026-05-20 01:30:00,74.127,74.412,74.127,74.338,2281
2026-05-20 01:45:00,74.338,74.389,74.087,74.198,1727
2026-05-20 02:00:00,74.195,74.273,73.876,74.048,4498
2026-05-20 02:15:00,74.049,74.396,73.839,74.39,4834
2026-05-20 02:30:00,74.384,74.59,74.296,74.405,4274
2026-05-20 02:45:00,74.404,74.62,74.35,74.618,3637
2026-05-20 03:00:00,74.617,74.896,73.936,74.272,6023
2026-05-20 03:15:00,74.271,74.515,73.594,73.598,4873
2026-05-20 03:30:00,73.613,73.867,73.372,73.65,5565
2026-05-20 03:45:00,73.654,74.348,73.536,74.173,5399
2026-05-20 04:00:00,74.174,74.324,73.747,73.935,4187
2026-05-20 04:15:00,73.936,74.16,73.796,73.988,2770
2026-05-20 04:30:00,73.987,74.038,73.103,73.183,5274
2026-05-20 04:45:00,73.177,73.469,73.176,73.452,4713
2026-05-20 05:00:00,73.454,73.467,73.138,73.437,4305
2026-05-20 05:15:00,73.442,73.78,73.401,73.719,3924
2026-05-20 05:30:00,73.716,73.869,73.609,73.808,3019
2026-05-20 05:45:00,73.809,73.818,73.484,73.514,2431
2026-05-20 06:00:00,73.516,73.869,73.513,73.756,1915
2026-05-20 06:15:00,73.754,73.786,73.491,73.605,1786
2026-05-20 06:30:00,73.606,73.654,73.433,73.607,1928
2026-05-20 06:45:00,73.608,73.616,73.46,73.544,2200
2026-05-20 07:00:00,73.54,74.048,73.535,73.869,3100
2026-05-20 07:15:00,73.87,74.082,73.773,73.805,2158
2026-05-20 07:30:00,73.811,74.51,73.811,74.227,4212
2026-05-20 07:45:00,74.229,74.341,73.986,74.232,3882
2026-05-20 08:00:00,74.23,74.529,74.14,74.529,3901
2026-05-20 08:15:00,74.541,74.88,74.541,74.689,4327
2026-05-20 08:30:00,74.69,74.728,74.435,74.724,3935
2026-05-20 08:45:00,74.728,75.455,74.699,75.213,3941
2026-05-20 09:00:00,75.21,75.458,75.038,75.178,3230
2026-05-20 09:15:00,75.184,75.218,74.938,75.1,3200
2026-05-20 09:30:00,75.105,75.164,74.826,74.981,2987
2026-05-20 09:45:00,74.986,75.046,74.865,74.966,2727
2026-05-20 10:00:00,74.958,75.185,74.893,75.101,3347
2026-05-20 10:15:00,75.1,75.399,75.015,75.397,3327
2026-05-20 10:30:00,75.398,75.54,75.163,75.405,3169
2026-05-20 10:45:00,75.404,75.571,75.344,75.347,3012
2026-05-20 11:00:00,75.348,75.428,75.142,75.153,2646
2026-05-20 11:15:00,75.146,75.338,75.129,75.255,2458
2026-05-20 11:30:00,75.254,75.519,75.246,75.367,2760
2026-05-20 11:45:00,75.369,75.594,75.328,75.43,2291
2026-05-20 12:00:00,75.428,75.595,75.371,75.387,2240
2026-05-20 12:15:00,75.388,75.537,75.358,75.394,2059
2026-05-20 12:30:00,75.395,75.66,75.381,75.627,2438
2026-05-20 12:45:00,75.628,75.686,75.566,75.684,2260
2026-05-20 13:00:00,75.69,75.796,75.606,75.636,2058
2026-05-20 13:15:00,75.635,75.761,75.482,75.748,2204
2026-05-20 13:30:00,75.747,75.786,75.571,75.692,2109
2026-05-20 13:45:00,75.693,75.774,75.573,75.747,2348
2026-05-20 14:00:00,75.744,75.782,75.434,75.478,2904
2026-05-20 14:15:00,75.477,75.672,75.395,75.47,3306
2026-05-20 14:30:00,75.473,75.716,75.451,75.564,3234
2026-05-20 14:45:00,75.567,75.703,75.421,75.496,2811
2026-05-20 15:00:00,75.501,75.798,75.02,75.385,5407
2026-05-20 15:15:00,75.382,75.384,74.897,74.906,4642
2026-05-20 15:30:00,74.907,75.132,74.684,74.985,6206
2026-05-20 15:45:00,74.979,75.149,74.677,74.822,5693
2026-05-20 16:00:00,74.823,74.941,74.402,74.773,5600
2026-05-20 16:15:00,74.772,75.91,74.772,75.847,8127
2026-05-20 16:30:00,75.848,76.599,75.848,76.019,6990
2026-05-20 16:45:00,76.042,76.417,75.899,76.073,5594
2026-05-20 17:00:00,76.081,76.275,75.593,75.652,5080
2026-05-20 17:15:00,75.65,76.514,75.635,75.768,6520
2026-05-20 17:30:00,75.767,76.04,75.76,75.988,4505
2026-05-20 17:45:00,75.986,76.102,75.606,75.718,3991
2026-05-20 18:00:00,75.717,75.985,75.703,75.901,3303
2026-05-20 18:15:00,75.899,75.9,75.546,75.632,4087
2026-05-20 18:30:00,75.639,75.887,75.589,75.875,4060
2026-05-20 18:45:00,75.887,75.936,75.716,75.919,3480
2026-05-20 19:00:00,75.921,76.152,75.836,76.039,3914
2026-05-20 19:15:00,76.041,76.149,75.753,75.907,3888
2026-05-20 19:30:00,75.912,76.064,75.809,75.912,3694
2026-05-20 19:45:00,75.916,76.001,75.81,75.821,2909
2026-05-20 20:00:00,75.82,76.103,75.729,76.037,3097
2026-05-20 20:15:00,76.038,76.167,75.925,76.104,3571
2026-05-20 20:30:00,76.103,76.373,76.096,76.096,2743
2026-05-20 20:45:00,76.097,76.291,76.09,76.183,2407
2026-05-20 21:00:00,76.182,76.318,76.167,76.253,2566
2026-05-20 21:15:00,76.254,76.277,76.007,76.043,2099
2026-05-20 21:30:00,76.045,76.245,75.985,76.126,2668
2026-05-20 21:45:00,76.127,76.13,75.914,75.937,3051
2026-05-20 22:00:00,75.936,76.099,75.919,76.019,1212
2026-05-20 22:15:00,76.02,76.061,75.751,75.934,1951
2026-05-20 22:30:00,75.937,75.943,75.809,75.859,1269
2026-05-20 22:45:00,75.858,75.87,75.78,75.836,868
2026-05-21 00:00:00,75.822,75.87,75.39,75.483,1799
2026-05-21 00:15:00,75.484,75.519,75.27,75.433,2004
2026-05-21 00:30:00,75.431,75.682,75.423,75.667,1667
2026-05-21 00:45:00,75.665,75.714,75.561,75.69,1676
2026-05-21 01:00:00,75.692,75.755,75.545,75.64,1890
2026-05-21 01:15:00,75.639,75.655,75.421,75.546,1793
2026-05-21 01:30:00,75.547,75.889,75.527,75.865,1888
2026-05-21 01:45:00,75.86,75.987,75.747,75.917,2306
2026-05-21 02:00:00,75.918,75.962,75.445,75.618,3450
2026-05-21 02:15:00,75.617,75.955,75.355,75.688,3931
2026-05-21 02:30:00,75.692,75.859,75.567,75.82,2415
2026-05-21 02:45:00,75.819,76.128,75.699,76.073,2581
2026-05-21 03:00:00,76.074,76.605,75.755,76.542,5840
2026-05-21 03:15:00,76.551,76.7,76.364,76.645,4094
2026-05-21 03:30:00,76.644,76.932,76.464,76.555,4742
2026-05-21 03:45:00,76.556,76.583,76.247,76.352,4316
2026-05-21 04:00:00,76.354,76.53,76.136,76.311,3945
2026-05-21 04:15:00,76.309,76.319,75.915,75.935,2510
2026-05-21 04:30:00,75.934,76.007,75.318,75.38,4578
2026-05-21 04:45:00,75.369,75.471,75.174,75.363,3878
2026-05-21 05:00:00,75.35,75.625,75.301,75.549,3098
2026-05-21 05:15:00,75.544,75.671,75.282,75.455,2839
2026-05-21 05:30:00,75.449,75.589,75.416,75.546,2075
2026-05-21 05:45:00,75.543,75.6,75.297,75.333,2146
2026-05-21 06:00:00,75.304,75.608,75.264,75.57,1947
2026-05-21 06:15:00,75.572,75.737,75.523,75.692,1608
2026-05-21 06:30:00,75.696,75.735,75.449,75.593,1641
2026-05-21 06:45:00,75.591,75.752,75.523,75.721,1630
2026-05-21 07:00:00,75.719,75.783,75.425,75.492,2661
2026-05-21 07:15:00,75.493,75.501,75.141,75.148,2424
2026-05-21 07:30:00,75.147,75.248,74.923,75.242,4369
2026-05-21 07:45:00,75.24,75.48,74.926,75.379,3835
2026-05-21 08:00:00,75.376,75.545,75.178,75.256,3684
2026-05-21 08:15:00,75.255,75.595,75.094,75.137,4017
2026-05-21 08:30:00,75.149,75.221,74.822,75.103,4325
2026-05-21 08:45:00,75.107,75.123,74.736,74.865,4740
2026-05-21 09:00:00,74.869,75.158,74.844,74.953,3705
2026-05-21 09:15:00,74.941,75.066,74.866,74.877,3237
2026-05-21 09:30:00,74.891,75.014,74.848,74.916,2474
2026-05-21 09:45:00,74.915,74.984,74.775,74.778,2519
2026-05-21 10:00:00,74.78,75.467,74.654,75.393,3913
2026-05-21 10:15:00,75.392,75.538,75.205,75.471,4226
2026-05-21 10:30:00,75.476,75.495,75.225,75.305,3723
2026-05-21 10:45:00,75.311,75.583,75.228,75.529,3188
2026-05-21 11:00:00,75.522,75.645,75.473,75.536,2875
2026-05-21 11:15:00,75.526,75.706,75.486,75.651,2803
2026-05-21 11:30:00,75.648,75.847,75.333,75.371,2905
2026-05-21 11:45:00,75.373,75.468,75.336,75.431,1951
2026-05-21 12:00:00,75.428,75.502,75.335,75.491,2488
2026-05-21 12:15:00,75.492,75.56,74.702,74.956,4137
2026-05-21 12:30:00,74.957,75.027,74.564,74.938,5499
2026-05-21 12:45:00,74.937,74.968,74.686,74.724,4559
2026-05-21 13:00:00,74.722,75.023,74.685,74.878,4298
2026-05-21 13:15:00,74.879,75.124,74.851,74.875,3252
2026-05-21 13:30:00,74.877,74.964,74.716,74.849,3047
2026-05-21 13:45:00,74.848,75.071,74.84,74.988,2789
2026-05-21 14:00:00,74.989,75.114,74.859,74.948,3041
2026-05-21 14:15:00,74.947,74.95,74.648,74.78,3285
2026-05-21 14:30:00,74.784,75.151,74.768,75.047,4730
2026-05-21 14:45:00,75.046,75.119,74.682,74.709,4215
2026-05-21 15:00:00,74.704,75.212,74.463,74.875,5344
2026-05-21 15:15:00,74.868,75.085,74.617,74.788,4316
2026-05-21 15:30:00,74.79,74.798,74.41,74.647,6389
2026-05-21 15:45:00,74.654,75.7,74.643,75.414,6421
2026-05-21 16:00:00,75.416,75.428,75.011,75.202,5662
2026-05-21 16:15:00,75.203,75.25,74.874,75.171,6150
2026-05-21 16:30:00,75.167,75.279,74.911,74.988,5385
2026-05-21 16:45:00,74.987,75.171,74.851,75.102,5091
2026-05-21 17:00:00,75.104,75.545,74.91,75.372,4861
2026-05-21 17:15:00,75.37,75.528,75.196,75.259,4101
2026-05-21 17:30:00,75.26,75.385,75.232,75.289,3948
2026-05-21 17:45:00,75.291,75.589,75.284,75.534,3694
2026-05-21 18:00:00,75.538,76.004,75.538,75.773,4058
2026-05-21 18:15:00,75.772,75.876,75.668,75.793,3030
2026-05-21 18:30:00,75.786,76.012,75.785,75.958,3364
2026-05-21 18:45:00,75.967,76.04,75.854,76.016,2695
2026-05-21 19:00:00,76.015,76.508,75.908,76.232,3974
2026-05-21 19:15:00,76.233,76.909,76.21,76.576,6219
2026-05-21 19:30:00,76.574,76.886,76.5,76.842,4426
2026-05-21 19:45:00,76.843,77.091,76.696,76.763,5089
2026-05-21 20:00:00,76.764,76.896,76.5,76.705,4610
2026-05-21 20:15:00,76.706,76.979,76.678,76.914,4143
2026-05-21 20:30:00,76.915,76.931,76.67,76.856,3646
2026-05-21 20:45:00,76.855,76.876,76.043,76.266,5743
2026-05-21 21:00:00,76.265,76.438,76.188,76.406,4255
2026-05-21 21:15:00,76.407,76.646,76.402,76.524,2892
2026-05-21 21:30:00,76.525,76.727,76.503,76.665,2788
2026-05-21 21:45:00,76.664,76.862,76.482,76.744,3791
2026-05-21 22:00:00,76.746,76.763,76.583,76.635,1648
2026-05-21 22:15:00,76.63,76.659,76.586,76.617,704
2026-05-21 22:30:00,76.618,76.634,76.579,76.603,661
2026-05-21 22:45:00,76.602,76.659,76.581,76.652,533
2026-05-22 00:00:00,76.668,76.821,76.597,76.662,1229
2026-05-22 00:15:00,76.661,76.726,76.61,76.677,773
2026-05-22 00:30:00,76.678,76.792,76.563,76.784,1051
2026-05-22 00:45:00,76.783,76.817,76.66,76.731,1104
2026-05-22 01:00:00,76.728,76.79,76.698,76.743,1100
2026-05-22 01:15:00,76.741,76.774,76.574,76.645,1341
2026-05-22 01:30:00,76.645,76.645,76.458,76.458,1320
2026-05-22 01:45:00,76.442,76.635,76.441,76.618,1693
2026-05-22 02:00:00,76.625,76.64,76.377,76.386,2309
2026-05-22 02:15:00,76.385,76.565,76.337,76.512,2677
2026-05-22 02:30:00,76.521,76.629,76.406,76.429,2583
2026-05-22 02:45:00,76.43,76.453,76.197,76.2,2434
2026-05-22 03:00:00,76.199,76.484,75.967,76.134,5010
2026-05-22 03:15:00,76.137,76.432,76.052,76.337,3469
2026-05-22 03:30:00,76.327,76.34,76.009,76.205,3740
2026-05-22 03:45:00,76.193,76.673,76.188,76.416,3296
2026-05-22 04:00:00,76.415,76.482,76.177,76.285,3470
2026-05-22 04:15:00,76.289,76.379,76.149,76.174,2024
2026-05-22 04:30:00,76.17,76.277,75.894,76.144,3245
2026-05-22 04:45:00,76.145,76.337,76.104,76.312,2633
2026-05-22 05:00:00,76.306,76.376,76.14,76.173,2579
2026-05-22 05:15:00,76.172,76.217,75.974,76.116,2377
2026-05-22 05:30:00,76.118,76.425,76.115,76.401,1835
2026-05-22 05:45:00,76.399,76.478,76.329,76.468,1404
2026-05-22 06:00:00,76.469,76.613,76.439,76.557,1155
2026-05-22 06:15:00,76.558,76.651,76.453,76.612,1374
2026-05-22 06:30:00,76.613,76.647,76.522,76.586,1466
2026-05-22 06:45:00,76.587,76.594,76.51,76.541,982
2026-05-22 07:00:00,76.54,76.632,76.479,76.499,1875
2026-05-22 07:15:00,76.498,76.535,76.414,76.467,1292
2026-05-22 07:30:00,76.469,77.02,76.384,76.831,3509
2026-05-22 07:45:00,76.833,76.96,75.797,75.87,4137
2026-05-22 08:00:00,75.877,76.368,75.728,76.277,4345
2026-05-22 08:15:00,76.28,76.486,76.194,76.464,3950
2026-05-22 08:30:00,76.461,76.565,76.189,76.374,3625
2026-05-22 08:45:00,76.372,76.402,76.208,76.283,3160
2026-05-22 09:00:00,76.281,76.281,75.927,75.953,2716
2026-05-22 09:15:00,75.955,76.2,75.95,76.11,2032
2026-05-22 09:30:00,76.109,76.109,75.772,75.835,2467
2026-05-22 09:45:00,75.833,75.999,75.743,75.984,1867
2026-05-22 10:00:00,75.982,76.096,75.922,75.978,2553
2026-05-22 10:15:00,75.975,76.21,75.898,76.002,2826
2026-05-22 10:30:00,76.005,76.039,75.682,75.954,3370
2026-05-22 10:45:00,75.957,76.036,75.87,75.905,2143
2026-05-22 11:00:00,75.904,75.905,75.675,75.675,2817
2026-05-22 11:15:00,75.652,75.777,75.563,75.699,2467
2026-05-22 11:30:00,75.698,75.993,75.611,75.955,2151
2026-05-22 11:45:00,75.956,76.107,75.916,76.018,2256
2026-05-22 12:00:00,76.021,76.185,75.893,76.132,2388
2026-05-22 12:15:00,76.131,76.204,75.941,75.958,2309
2026-05-22 12:30:00,75.956,75.998,75.751,75.756,2589
2026-05-22 12:45:00,75.755,75.843,75.712,75.82,2438
2026-05-22 13:00:00,75.819,75.919,75.719,75.761,2278
2026-05-22 13:15:00,75.762,75.792,75.651,75.739,1779
2026-05-22 13:30:00,75.74,75.941,75.673,75.829,2307
2026-05-22 13:45:00,75.83,75.979,75.775,75.79,2939
2026-05-22 14:00:00,75.788,76.111,75.708,76.083,3235
2026-05-22 14:15:00,76.082,76.343,75.786,75.797,4236
2026-05-22 14:30:00,75.799,75.83,75.409,75.693,3338
2026-05-22 14:45:00,75.691,76.167,75.635,76.161,2673
2026-05-22 15:00:00,76.162,76.471,75.865,76.249,5421
2026-05-22 15:15:00,76.251,76.335,76.068,76.075,3706
2026-05-22 15:30:00,76.071,76.277,75.654,75.955,5924
2026-05-22 15:45:00,75.953,76.047,75.714,75.958,4665
2026-05-22 16:00:00,75.959,75.959,75.254,75.335,6226
2026-05-22 16:15:00,75.328,75.493,74.955,75.219,6541
2026-05-22 16:30:00,75.218,75.461,75.145,75.442,4625
2026-05-22 16:45:00,75.439,75.548,75.237,75.255,4136
2026-05-22 17:00:00,75.251,75.666,75.234,75.542,3942
2026-05-22 17:15:00,75.544,75.875,75.52,75.855,3519
2026-05-22 17:30:00,75.858,75.901,75.693,75.732,3474
2026-05-22 17:45:00,75.734,75.97,75.664,75.945,2727
2026-05-22 18:00:00,75.946,76.01,75.82,75.949,2649
2026-05-22 18:15:00,75.947,76.202,75.79,76.157,2900
2026-05-22 18:30:00,76.158,76.263,75.796,75.819,2431
2026-05-22 18:45:00,75.817,75.912,75.698,75.864,2467
2026-05-22 19:00:00,75.867,76.107,75.867,76.033,3209
2026-05-22 19:15:00,76.032,76.242,75.744,76.238,4226
2026-05-22 19:30:00,76.237,76.304,75.902,75.96,4486
2026-05-22 19:45:00,75.962,76.007,75.892,75.946,3202
2026-05-22 20:00:00,75.947,75.969,75.759,75.924,3324
2026-05-22 20:15:00,75.923,76.023,75.86,75.93,2347
2026-05-22 20:30:00,75.932,76.08,75.82,75.917,2768
2026-05-22 20:45:00,75.918,75.944,75.823,75.895,2319
2026-05-22 21:00:00,75.903,75.909,75.535,75.557,3846
2026-05-22 21:15:00,75.555,75.625,75.477,75.516,2965
2026-05-22 21:30:00,75.517,75.66,75.381,75.618,3458
2026-05-22 21:45:00,75.621,75.645,75.538,75.561,3200
2026-05-22 22:00:00,75.582,75.591,75.409,75.495,950
2026-05-22 22:15:00,75.496,75.558,75.43,75.543,647
2026-05-22 22:30:00,75.546,75.548,75.39,75.424,1147
2026-05-22 22:45:00,75.423,75.482,75.373,75.457,847
2026-05-25 00:00:00,76.841,77.423,76.357,77.311,3223
2026-05-25 00:15:00,77.313,77.491,77.242,77.293,3276
2026-05-25 00:30:00,77.289,77.457,77.289,77.425,1746
2026-05-25 00:45:00,77.427,77.854,77.407,77.822,1661
2026-05-25 01:00:00,77.822,78.325,77.819,78.26,1877
2026-05-25 01:15:00,78.27,78.606,78.265,78.484,1769
2026-05-25 01:30:00,78.486,78.796,78.476,78.658,1810
2026-05-25 01:45:00,78.658,78.703,78.081,78.163,1967
2026-05-25 02:00:00,78.161,78.543,78.116,78.359,2234
2026-05-25 02:15:00,78.361,78.502,78.31,78.416,2157
2026-05-25 02:30:00,78.417,78.627,78.391,78.456,2261
2026-05-25 02:45:00,78.46,78.719,77.95,78.173,3497
2026-05-25 03:00:00,78.177,78.562,77.942,78.204,4860
2026-05-25 03:15:00,78.197,78.303,77.92,78.198,4194
2026-05-25 03:30:00,78.19,78.291,77.944,77.967,4029
2026-05-25 03:45:00,77.966,78.094,77.692,77.813,3539
2026-05-25 04:00:00,77.806,78.041,77.695,77.811,3378
2026-05-25 04:15:00,77.812,77.94,77.694,77.895,1820
2026-05-25 04:30:00,77.897,77.966,77.71,77.885,2918
2026-05-25 04:45:00,77.883,77.924,77.46,77.568,3175
2026-05-25 05:00:00,77.57,77.709,77.286,77.538,3209
2026-05-25 05:15:00,77.548,77.815,77.498,77.684,2499
2026-05-25 05:30:00,77.694,77.819,77.502,77.53,1891
2026-05-25 05:45:00,77.529,77.687,77.468,77.618,1718
2026-05-25 06:00:00,77.628,77.759,77.593,77.69,1577
2026-05-25 06:15:00,77.689,77.9,77.646,77.805,1537
2026-05-25 06:30:00,77.818,77.944,77.789,77.894,1469
2026-05-25 06:45:00,77.893,77.985,77.874,77.896,1440
2026-05-25 07:00:00,77.893,77.904,77.722,77.776,1777
2026-05-25 07:15:00,77.777,77.805,77.594,77.611,1970
2026-05-25 07:30:00,77.62,77.812,77.424,77.651,2696
2026-05-25 07:45:00,77.65,77.742,77.486,77.488,2845
2026-05-25 08:00:00,77.487,77.581,77.378,77.488,3106
2026-05-25 08:15:00,77.487,77.6,77.382,77.401,2533
2026-05-25 08:30:00,77.402,77.547,77.365,77.511,2214
2026-05-25 08:45:00,77.51,77.735,77.501,77.703,2773
2026-05-25 09:00:00,77.704,77.827,77.653,77.665,2340
2026-05-25 09:15:00,77.664,77.687,77.353,77.602,3252
2026-05-25 09:30:00,77.605,77.933,77.598,77.81,2613
2026-05-25 09:45:00,77.809,77.949,77.762,77.93,2051
2026-05-25 10:00:00,77.931,77.942,77.751,77.786,2026
2026-05-25 10:15:00,77.787,77.882,77.71,77.881,2059
2026-05-25 10:30:00,77.89,77.996,77.813,77.988,1978
2026-05-25 10:45:00,77.989,78.044,77.841,77.893,1796
2026-05-25 11:00:00,77.891,77.977,77.848,77.899,1291
2026-05-25 11:15:00,77.901,77.927,77.756,77.825,1031
2026-05-25 11:30:00,77.826,77.987,77.814,77.976,1876
2026-05-25 11:45:00,77.975,78.105,77.931,78.032,1405
2026-05-25 12:00:00,78.031,78.205,78.009,78.142,1526
2026-05-25 12:15:00,78.141,78.215,78.123,78.2,1994
2026-05-25 12:30:00,78.201,78.236,78.154,78.161,1747
2026-05-25 12:45:00,78.16,78.23,78.111,78.111,1512
2026-05-25 13:00:00,78.11,78.229,78.034,78.224,1430
2026-05-25 13:15:00,78.222,78.263,78.034,78.187,1509
2026-05-25 13:30:00,78.186,78.248,78.151,78.201,1594
2026-05-25 13:45:00,78.2,78.252,78.005,78.018,1684
2026-05-25 14:00:00,78.008,78.014,77.762,77.774,2226
2026-05-25 14:15:00,77.765,77.863,77.622,77.841,2155
2026-05-25 14:30:00,77.843,77.987,77.768,77.854,2539
2026-05-25 14:45:00,77.855,77.909,77.733,77.812,2309
2026-05-25 15:00:00,77.811,77.811,77.349,77.481,4271
2026-05-25 15:15:00,77.482,77.507,77.358,77.428,3141
2026-05-25 15:30:00,77.427,77.663,77.414,77.626,3379
2026-05-25 15:45:00,77.625,77.637,77.347,77.588,2324
2026-05-25 16:00:00,77.584,77.918,77.545,77.712,2697
2026-05-25 16:15:00,77.711,77.86,77.688,77.782,2333
2026-05-25 16:30:00,77.785,77.862,77.681,77.753,2482
2026-05-25 16:45:00,77.756,77.902,77.718,77.802,2553
2026-05-25 17:00:00,77.803,78.041,77.741,77.92,3458
2026-05-25 17:15:00,77.927,77.989,77.829,77.884,2875
2026-05-25 17:30:00,77.885,77.885,77.722,77.78,1852
2026-05-25 17:45:00,77.779,77.858,77.756,77.767,1556
2026-05-25 18:00:00,77.768,77.792,77.677,77.776,1654
2026-05-25 18:15:00,77.775,77.832,77.719,77.749,1384
2026-05-25 18:30:00,77.75,77.898,77.742,77.881,1499
2026-05-25 18:45:00,77.882,78.064,77.879,78.063,1704
2026-05-25 19:00:00,78.062,78.482,78.047,78.39,2080
2026-05-25 19:15:00,78.391,78.412,78.178,78.196,1362
2026-05-25 19:30:00,78.197,78.198,77.981,78.039,982
2026-05-25 19:45:00,78.038,78.077,77.969,78.071,1028
2026-05-25 20:00:00,78.07,78.165,77.997,78.041,1373
2026-05-25 20:15:00,78.042,78.125,78.011,78.052,1007
2026-05-26 00:00:00,78.016,78.357,77.672,78.241,973
2026-05-26 00:15:00,78.24,78.247,78.087,78.133,810
2026-05-26 00:30:00,78.132,78.132,77.935,78.101,1483
2026-05-26 00:45:00,78.102,78.209,78.076,78.165,1158
2026-05-26 01:00:00,78.16,78.287,78.113,78.278,1245
2026-05-26 01:15:00,78.278,78.338,77.91,77.95,1817
2026-05-26 01:30:00,77.94,78.006,77.177,77.455,2998
2026-05-26 01:45:00,77.462,77.724,77.458,77.665,2250
2026-05-26 02:00:00,77.677,77.68,77.266,77.497,3613
2026-05-26 02:15:00,77.498,77.533,77.089,77.413,3115
2026-05-26 02:30:00,77.414,77.609,77.394,77.472,2213
2026-05-26 02:45:00,77.471,77.598,77.233,77.563,2900
2026-05-26 03:00:00,77.569,77.584,76.929,77.28,5051
2026-05-26 03:15:00,77.262,77.273,76.965,77.043,4233
2026-05-26 03:30:00,77.046,77.06,75.706,75.938,5071
2026-05-26 03:45:00,75.937,76.461,75.905,76.416,3692
2026-05-26 04:00:00,76.415,76.648,76.343,76.634,2872
2026-05-26 04:15:00,76.636,76.696,76.595,76.672,1762
2026-05-26 04:30:00,76.673,76.865,76.584,76.747,2940
2026-05-26 04:45:00,76.746,76.755,76.475,76.48,2645
2026-05-26 05:00:00,76.481,76.733,76.475,76.627,1561
2026-05-26 05:15:00,76.625,77.026,76.619,76.884,1820
2026-05-26 05:30:00,76.888,77.003,76.837,76.863,793
2026-05-26 05:45:00,76.862,76.903,76.829,76.887,990
2026-05-26 06:00:00,76.889,76.917,76.7,76.761,1575
2026-05-26 06:15:00,76.76,76.779,76.577,76.597,1484
2026-05-26 06:30:00,76.595,76.681,76.467,76.497,2003
2026-05-26 06:45:00,76.496,76.539,76.387,76.413,1670
2026-05-26 07:00:00,76.412,76.648,76.305,76.583,2076
2026-05-26 07:15:00,76.582,76.778,76.551,76.754,1695
2026-05-26 07:30:00,76.753,76.818,76.314,76.495,3485
2026-05-26 07:45:00,76.494,76.511,76.274,76.462,2974
2026-05-26 08:00:00,76.46,76.568,76.358,76.519,3107
2026-05-26 08:15:00,76.518,76.678,76.38,76.492,2979
2026-05-26 08:30:00,76.494,76.613,76.401,76.598,2603
2026-05-26 08:45:00,76.597,76.609,76.464,76.537,2393
2026-05-26 09:00:00,76.538,76.634,76.189,76.274,3362
2026-05-26 09:15:00,76.277,76.368,75.889,76.295,2731
2026-05-26 09:30:00,76.296,76.333,75.99,76.204,3189
2026-05-26 09:45:00,76.203,76.48,76.139,76.408,2025
2026-05-26 10:00:00,76.434,76.472,76.236,76.278,1990
2026-05-26 10:15:00,76.285,76.381,76.128,76.172,2257
2026-05-26 10:30:00,76.168,76.226,76.059,76.141,2865
2026-05-26 10:45:00,76.14,76.155,75.954,76.027,2525
2026-05-26 11:00:00,76.032,76.11,75.911,75.938,2303
2026-05-26 11:15:00,75.935,76.193,75.908,76.096,2621
2026-05-26 11:30:00,76.103,76.106,75.643,75.671,2613
2026-05-26 11:45:00,75.672,76.025,75.648,75.949,2388
2026-05-26 12:00:00,75.954,76.159,75.871,76.158,2283
2026-05-26 12:15:00,76.162,76.473,76.161,76.458,1955
2026-05-26 12:30:00,76.463,76.602,76.307,76.346,2545
2026-05-26 12:45:00,76.344,76.409,76.243,76.347,2046
2026-05-26 13:00:00,76.36,76.385,76.216,76.245,2132
2026-05-26 13:15:00,76.246,76.304,76.153,76.184,2477
2026-05-26 13:30:00,76.185,76.249,75.878,76.015,3465
2026-05-26 13:45:00,76.014,76.178,75.965,75.986,2882
2026-05-26 14:00:00,75.976,76.054,75.775,75.97,3254
2026-05-26 14:15:00,75.969,76.136,75.789,75.81,2491
2026-05-26 14:30:00,75.809,75.814,75.474,75.669,3375
2026-05-26 14:45:00,75.67,76.251,75.604,76.238,3128
2026-05-26 15:00:00,76.227,76.373,75.993,76.123,3771
2026-05-26 15:15:00,76.124,76.514,76.106,76.289,3414
2026-05-26 15:30:00,76.288,76.639,76.217,76.465,5114
2026-05-26 15:45:00,76.466,76.565,75.894,75.972,5152
2026-05-26 16:00:00,75.962,76.248,75.815,76.088,4240
2026-05-26 16:15:00,76.085,76.337,76.07,76.331,3723
2026-05-26 16:30:00,76.33,76.567,76.274,76.389,3772
2026-05-26 16:45:00,76.385,76.46,76.127,76.298,3262
2026-05-26 17:00:00,76.303,76.307,76.051,76.156,3262
2026-05-26 17:15:00,76.153,76.216,75.965,76.032,3416
2026-05-26 17:30:00,76.035,76.16,75.948,76.14,3688
2026-05-26 17:45:00,76.143,76.162,75.844,75.958,3720
2026-05-26 18:00:00,75.963,76.05,75.909,75.978,2711
2026-05-26 18:15:00,75.981,76.197,75.93,76.177,2825
2026-05-26 18:30:00,76.178,76.359,76.12,76.125,2401
2026-05-26 18:45:00,76.131,76.167,76.002,76.133,2010
2026-05-26 19:00:00,76.134,76.227,76.083,76.162,1982
2026-05-26 19:15:00,76.161,76.336,76.146,76.168,1940
2026-05-26 19:30:00,76.166,76.167,75.979,76.027,2093
2026-05-26 19:45:00,76.028,76.11,75.92,75.943,2017
2026-05-26 20:00:00,75.938,76.002,75.815,75.944,2526
2026-05-26 20:15:00,75.946,76.127,75.935,76.069,2571
2026-05-26 20:30:00,76.058,76.247,76.052,76.244,1512
2026-05-26 20:45:00,76.245,76.477,76.244,76.451,1597
2026-05-26 21:00:00,76.453,76.683,76.429,76.653,1895
2026-05-26 21:15:00,76.654,76.837,76.623,76.669,1872
2026-05-26 21:30:00,76.668,76.962,76.659,76.962,2161
2026-05-26 21:45:00,76.961,77.043,76.872,77.036,2739
2026-05-26 22:00:00,77.038,77.067,76.859,76.933,893
2026-05-26 22:15:00,76.934,77.011,76.934,76.941,676
2026-05-26 22:30:00,76.942,77.046,76.893,76.973,519
2026-05-26 22:45:00,76.974,76.996,76.862,76.916,617
2026-05-27 00:00:00,76.996,77.157,76.977,76.995,992
2026-05-27 00:15:00,76.997,77.1,76.99,77.055,1092
2026-05-27 00:30:00,77.064,77.112,76.94,77.053,1164
2026-05-27 00:45:00,77.054,77.249,77.012,77.241,1047
2026-05-27 01:00:00,77.237,77.25,77.104,77.118,1131
2026-05-27 01:15:00,77.121,77.267,77.083,77.239,1267
2026-05-27 01:30:00,77.235,77.401,77.203,77.391,1437
2026-05-27 01:45:00,77.394,77.503,77.303,77.347,1422
2026-05-27 02:00:00,77.351,77.51,77.288,77.438,1960
2026-05-27 02:15:00,77.437,77.476,77.313,77.424,1887
2026-05-27 02:30:00,77.43,77.502,77.341,77.376,1797
2026-05-27 02:45:00,77.378,77.489,77.118,77.161,2136
2026-05-27 03:00:00,77.162,77.355,76.992,77.208,3847
2026-05-27 03:15:00,77.207,77.463,77.104,77.268,2626
2026-05-27 03:30:00,77.267,77.267,76.935,76.954,3157
2026-05-27 03:45:00,76.949,76.977,76.691,76.75,3159
2026-05-27 04:00:00,76.751,76.825,76.653,76.76,2874
2026-05-27 04:15:00,76.756,76.896,76.688,76.871,1283
2026-05-27 04:30:00,76.866,76.886,76.512,76.597,2408
2026-05-27 04:45:00,76.589,76.837,76.555,76.801,2988
2026-05-27 05:00:00,76.8,76.982,76.733,76.848,2259
2026-05-27 05:15:00,76.847,76.959,76.686,76.727,2129
2026-05-27 05:30:00,76.728,76.733,76.555,76.63,1701
2026-05-27 05:45:00,76.631,76.718,76.564,76.569,1217
2026-05-27 06:00:00,76.566,76.75,76.529,76.707,1253
2026-05-27 06:15:00,76.706,76.743,76.545,76.547,1003
2026-05-27 06:30:00,76.549,76.756,76.519,76.756,1461
2026-05-27 06:45:00,76.758,77.001,76.755,76.816,1857
2026-05-27 07:00:00,76.813,76.934,76.688,76.715,1890
2026-05-27 07:15:00,76.716,76.798,76.608,76.786,1612
2026-05-27 07:30:00,76.785,76.861,75.588,75.69,4623
2026-05-27 07:45:00,75.688,75.923,75.554,75.641,3798
2026-05-27 08:00:00,75.64,75.785,75.562,75.643,3620
2026-05-27 08:15:00,75.644,75.722,74.836,74.997,4575
2026-05-27 08:30:00,74.998,75.124,74.668,75.123,4109
2026-05-27 08:45:00,75.122,75.302,75.083,75.119,2918
2026-05-27 09:00:00,75.12,75.287,74.965,75.032,2638
2026-05-27 09:15:00,75.034,75.194,74.882,75.097,2461
2026-05-27 09:30:00,75.096,75.177,74.9,74.987,2542
2026-05-27 09:45:00,74.979,75.084,74.613,74.963,2608
2026-05-27 10:00:00,74.965,75.276,74.94,75.119,2760
2026-05-27 10:15:00,75.126,75.327,75.118,75.242,2376
2026-05-27 10:30:00,75.243,75.502,75.138,75.484,2191
2026-05-27 10:45:00,75.483,75.499,75.348,75.458,2031
2026-05-27 11:00:00,75.459,75.466,75.225,75.364,1985
2026-05-27 11:15:00,75.367,75.519,75.312,75.351,1806
2026-05-27 11:30:00,75.353,75.446,75.265,75.332,1827
2026-05-27 11:45:00,75.333,75.534,75.313,75.422,1551
2026-05-27 12:00:00,75.423,75.502,75.311,75.451,1833
2026-05-27 12:15:00,75.449,75.501,75.257,75.278,2255
2026-05-27 12:30:00,75.276,75.313,74.835,75.005,3062
2026-05-27 12:45:00,74.995,75.015,74.078,74.269,4829
2026-05-27 13:00:00,74.286,74.543,74.116,74.399,3461
2026-05-27 13:15:00,74.398,74.484,74.122,74.133,3308
2026-05-27 13:30:00,74.131,74.275,73.395,74.243,4214
2026-05-27 13:45:00,74.239,74.248,73.659,73.821,3231
2026-05-27 14:00:00,73.82,74.222,73.74,74.213,3577
2026-05-27 14:15:00,74.208,75.199,74.116,74.839,6076
2026-05-27 14:30:00,74.838,74.961,74.391,74.547,4195
2026-05-27 14:45:00,74.545,74.728,74.356,74.372,2845
2026-05-27 15:00:00,74.359,74.715,74.061,74.19,5248
2026-05-27 15:15:00,74.189,74.318,73.875,73.927,4344
2026-05-27 15:30:00,73.916,74.623,73.907,74.221,6541
2026-05-27 15:45:00,74.222,74.687,74.203,74.539,6106
2026-05-27 16:00:00,74.538,74.942,74.446,74.674,5800
2026-05-27 16:15:00,74.672,75.043,74.582,74.781,5139
2026-05-27 16:30:00,74.778,74.875,74.467,74.617,4996
2026-05-27 16:45:00,74.618,74.792,74.267,74.302,4257
2026-05-27 17:00:00,74.295,74.412,74.162,74.368,3780
2026-05-27 17:15:00,74.369,74.497,74.28,74.495,3288
2026-05-27 17:30:00,74.501,74.647,74.34,74.399,3464
2026-05-27 17:45:00,74.401,74.561,74.347,74.504,3211
2026-05-27 18:00:00,74.503,74.666,74.413,74.589,3094
2026-05-27 18:15:00,74.587,74.761,74.55,74.701,2251
2026-05-27 18:30:00,74.707,74.821,74.65,74.734,2761
2026-05-27 18:45:00,74.736,74.798,74.608,74.7,2518
2026-05-27 19:00:00,74.709,74.729,74.442,74.539,3440
2026-05-27 19:15:00,74.537,74.715,74.506,74.548,2946
2026-05-27 19:30:00,74.553,74.696,74.523,74.579,1786
2026-05-27 19:45:00,74.578,74.631,74.465,74.465,1579
2026-05-27 20:00:00,74.464,74.537,74.4,74.535,1957
2026-05-27 20:15:00,74.536,74.976,74.529,74.74,2567
2026-05-27 20:30:00,74.741,74.825,74.647,74.731,1570
2026-05-27 20:45:00,74.725,74.786,74.663,74.772,1356
2026-05-27 21:00:00,74.771,74.792,74.65,74.703,1676
2026-05-27 21:15:00,74.699,74.768,74.587,74.595,1985
2026-05-27 21:30:00,74.597,74.743,74.544,74.667,2561
2026-05-27 21:45:00,74.666,74.698,74.543,74.619,3217
2026-05-27 22:00:00,74.621,74.667,74.564,74.633,964
2026-05-27 22:15:00,74.636,74.722,74.632,74.647,711
2026-05-27 22:30:00,74.645,74.678,74.578,74.623,476
2026-05-27 22:45:00,74.625,74.676,74.603,74.63,525
2026-05-28 00:00:00,74.816,74.891,74.579,74.729,911
2026-05-28 00:15:00,74.728,74.807,74.712,74.716,797
2026-05-28 00:30:00,74.704,74.787,74.594,74.678,982
2026-05-28 00:45:00,74.678,74.693,74.606,74.656,874
2026-05-28 01:00:00,74.657,74.685,74.584,74.642,1161
2026-05-28 01:15:00,74.643,74.7,74.556,74.578,1764
2026-05-28 01:30:00,74.577,74.643,74.532,74.59,1638
2026-05-28 01:45:00,74.589,74.598,74.353,74.487,1603
2026-05-28 02:00:00,74.488,74.626,74.413,74.429,1993
2026-05-28 02:15:00,74.43,74.782,74.408,74.562,1998
2026-05-28 02:30:00,74.56,74.699,74.456,74.66,1810
2026-05-28 02:45:00,74.662,74.911,74.658,74.885,1608
2026-05-28 03:00:00,74.889,74.942,73.955,73.975,3948
2026-05-28 03:15:00,73.977,74.019,73.192,73.33,4554
2026-05-28 03:30:00,73.324,73.57,73.25,73.346,4681
2026-05-28 03:45:00,73.35,73.479,73.001,73.103,4597
2026-05-28 04:00:00,73.106,73.243,72.965,73.152,4024
2026-05-28 04:15:00,73.153,73.284,73.086,73.234,2287
2026-05-28 04:30:00,73.232,73.508,73.193,73.265,2869
2026-05-28 04:45:00,73.266,73.272,73.005,73.051,3241
2026-05-28 05:00:00,73.055,73.253,72.939,72.978,3186
2026-05-28 05:15:00,72.975,72.994,72.439,72.789,3807
2026-05-28 05:30:00,72.788,72.789,72.232,72.437,3877
2026-05-28 05:45:00,72.434,72.48,72.149,72.222,2788
2026-05-28 06:00:00,72.232,72.443,72.106,72.292,2709
2026-05-28 06:15:00,72.291,72.308,71.939,71.944,2773
2026-05-28 06:30:00,71.94,72.062,71.911,71.978,2067
2026-05-28 06:45:00,71.967,71.998,71.813,71.973,2003
2026-05-28 07:00:00,71.974,72.009,71.768,71.946,2612
2026-05-28 07:15:00,71.942,72.011,71.87,71.982,2416
2026-05-28 07:30:00,71.981,73.082,71.86,72.935,4761
2026-05-28 07:45:00,72.937,73.299,72.937,73.081,4031
2026-05-28 08:00:00,73.083,73.147,72.619,72.697,3876
2026-05-28 08:15:00,72.698,73.037,72.637,72.847,3374
2026-05-28 08:30:00,72.846,73.14,72.835,73.017,3030
2026-05-28 08:45:00,73.018,73.238,73.007,73.16,3093
2026-05-28 09:00:00,73.166,73.471,73.166,73.341,2482
2026-05-28 09:15:00,73.342,73.495,73.279,73.41,2732
2026-05-28 09:30:00,73.409,73.52,73.299,73.516,2421
2026-05-28 09:45:00,73.518,73.528,73.343,73.481,2227
2026-05-28 10:00:00,73.477,73.607,73.411,73.592,3020
2026-05-28 10:15:00,73.591,73.611,73.35,73.391,2363
2026-05-28 10:30:00,73.392,73.451,73.247,73.278,2267
2026-05-28 10:45:00,73.279,73.316,73.155,73.202,1855
2026-05-28 11:00:00,73.191,73.406,73.188,73.3,1990
2026-05-28 11:15:00,73.296,73.612,73.277,73.492,2354
2026-05-28 11:30:00,73.491,73.501,73.233,73.296,2381
2026-05-28 11:45:00,73.297,73.53,73.275,73.529,2283
2026-05-28 12:00:00,73.53,73.568,73.426,73.472,2349
2026-05-28 12:15:00,73.471,73.527,73.237,73.489,2111
2026-05-28 12:30:00,73.487,73.524,73.096,73.135,2849
2026-05-28 12:45:00,73.13,73.184,72.73,72.967,3552
2026-05-28 13:00:00,72.966,73.186,72.896,73.085,2987
2026-05-28 13:15:00,73.077,73.197,72.989,73.032,2619
2026-05-28 13:30:00,73.033,73.063,72.932,73.001,2899
2026-05-28 13:45:00,73.0,73.029,72.705,73.013,3112
2026-05-28 14:00:00,73.015,73.132,72.903,73.054,2709
2026-05-28 14:15:00,73.049,73.077,72.775,72.898,3061
2026-05-28 14:30:00,72.902,73.496,72.888,73.474,4251
2026-05-28 14:45:00,73.473,74.144,73.424,74.126,3634
2026-05-28 15:00:00,74.134,74.168,73.578,73.578,5414
2026-05-28 15:15:00,73.577,73.885,73.552,73.573,3258
2026-05-28 15:30:00,73.567,73.618,73.179,73.347,4479
2026-05-28 15:45:00,73.346,73.579,73.223,73.34,4246
2026-05-28 16:00:00,73.341,74.543,73.14,74.456,5687
2026-05-28 16:15:00,74.462,74.803,74.206,74.589,6349
2026-05-28 16:30:00,74.591,74.746,74.179,74.545,5295
2026-05-28 16:45:00,74.547,74.835,74.424,74.604,5176
2026-05-28 17:00:00,74.61,74.837,74.552,74.652,4819
2026-05-28 17:15:00,74.659,74.8,74.47,74.693,4115
2026-05-28 17:30:00,74.694,75.001,74.694,74.926,3741
2026-05-28 17:45:00,74.927,75.073,74.891,75.072,2788
2026-05-28 18:00:00,75.073,75.107,74.838,75.043,3146
2026-05-28 18:15:00,75.044,75.719,75.015,75.625,4552
2026-05-28 18:30:00,75.629,75.705,75.423,75.689,3449
2026-05-28 18:45:00,75.69,75.83,75.678,75.784,3522
2026-05-28 19:00:00,75.788,75.883,75.636,75.707,3079
2026-05-28 19:15:00,75.708,75.724,75.55,75.56,3175
2026-05-28 19:30:00,75.565,75.769,75.565,75.734,2401
2026-05-28 19:45:00,75.733,75.985,75.733,75.887,2721
2026-05-28 20:00:00,75.886,76.001,75.746,75.846,2701
2026-05-28 20:15:00,75.847,76.009,75.771,75.791,3144
2026-05-28 20:30:00,75.79,75.791,75.602,75.67,2677
2026-05-28 20:45:00,75.671,75.682,75.583,75.62,2418
2026-05-28 21:00:00,75.631,75.66,75.504,75.511,2612
2026-05-28 21:15:00,75.51,75.604,75.504,75.55,2008
2026-05-28 21:30:00,75.549,75.673,75.54,75.6,1613
2026-05-28 21:45:00,75.601,75.615,75.521,75.548,2090
2026-05-28 22:00:00,75.549,75.603,75.528,75.541,1294
2026-05-28 22:15:00,75.539,75.655,75.523,75.642,945
2026-05-28 22:30:00,75.641,75.7,75.581,75.601,1036
2026-05-28 22:45:00,75.602,75.654,75.581,75.638,564
2026-05-29 00:00:00,75.737,75.816,75.591,75.649,691
2026-05-29 00:15:00,75.648,75.706,75.579,75.68,720
2026-05-29 00:30:00,75.681,75.71,75.624,75.686,744
2026-05-29 00:45:00,75.685,75.717,75.567,75.569,555
2026-05-29 01:00:00,75.575,75.731,75.572,75.693,810
2026-05-29 01:15:00,75.695,75.788,75.69,75.739,614
2026-05-29 01:30:00,75.74,75.799,75.616,75.632,1046
2026-05-29 01:45:00,75.635,75.732,75.543,75.671,1087
2026-05-29 02:00:00,75.673,76.056,75.62,75.979,2111
2026-05-29 02:15:00,75.976,76.113,75.915,75.952,2171
2026-05-29 02:30:00,75.95,75.952,75.648,75.841,2230
2026-05-29 02:45:00,75.837,75.849,75.571,75.636,1359
2026-05-29 03:00:00,75.635,76.267,75.594,76.255,4003
2026-05-29 03:15:00,76.254,76.405,76.108,76.109,3136
2026-05-29 03:30:00,76.093,76.22,75.899,76.092,2625
2026-05-29 03:45:00,76.091,76.133,75.885,75.979,2647
2026-05-29 04:00:00,75.977,76.181,75.786,75.933,2488
2026-05-29 04:15:00,75.935,75.987,75.763,75.845,1313
2026-05-29 04:30:00,75.841,75.987,75.606,75.862,2103
2026-05-29 04:45:00,75.869,76.007,75.691,75.743,2381
2026-05-29 05:00:00,75.742,75.792,75.449,75.524,2998
2026-05-29 05:15:00,75.527,75.625,75.365,75.46,2274
2026-05-29 05:30:00,75.463,75.575,75.424,75.532,1559
2026-05-29 05:45:00,75.533,75.617,75.44,75.499,1600
2026-05-29 06:00:00,75.501,75.614,75.491,75.55,1552
2026-05-29 06:15:00,75.54,75.965,75.532,75.785,1815
2026-05-29 06:30:00,75.781,75.826,75.685,75.813,1381
2026-05-29 06:45:00,75.818,75.924,75.75,75.922,1262
2026-05-29 07:00:00,75.915,75.939,75.772,75.854,1487
2026-05-29 07:15:00,75.855,75.856,75.771,75.784,999
2026-05-29 07:30:00,75.757,75.856,75.318,75.44,2902
2026-05-29 07:45:00,75.439,75.706,75.38,75.606,2277
2026-05-29 08:00:00,75.61,75.762,75.514,75.652,3117
2026-05-29 08:15:00,75.651,75.732,75.453,75.575,2725
2026-05-29 08:30:00,75.576,75.703,75.422,75.465,2154
2026-05-29 08:45:00,75.463,75.866,75.449,75.851,2474
2026-05-29 09:00:00,75.843,75.85,75.302,75.316,2608
2026-05-29 09:15:00,75.313,75.48,75.215,75.394,2611
2026-05-29 09:30:00,75.396,75.507,75.254,75.493,2721
2026-05-29 09:45:00,75.492,75.583,75.444,75.561,1560
2026-05-29 10:00:00,75.562,75.562,75.069,75.187,2385
2026-05-29 10:15:00,75.19,75.3,75.125,75.292,2382
2026-05-29 10:30:00,75.275,75.286,75.091,75.173,2161
2026-05-29 10:45:00,75.165,75.172,74.951,75.081,2187
2026-05-29 11:00:00,75.082,75.534,75.021,75.525,2078
2026-05-29 11:15:00,75.53,75.677,75.429,75.631,2231
2026-05-29 11:30:00,75.63,75.674,75.465,75.591,1589
2026-05-29 11:45:00,75.592,75.721,75.524,75.596,2182
2026-05-29 12:00:00,75.598,75.607,75.489,75.557,1620
2026-05-29 12:15:00,75.558,75.587,75.387,75.485,1538
2026-05-29 12:30:00,75.486,75.749,75.482,75.657,1902
2026-05-29 12:45:00,75.648,75.77,75.618,75.756,1852
2026-05-29 13:00:00,75.753,75.799,75.504,75.579,1882
2026-05-29 13:15:00,75.58,75.703,75.543,75.616,2405
2026-05-29 13:30:00,75.617,75.631,75.46,75.574,2042
2026-05-29 13:45:00,75.575,75.738,75.354,75.738,2269
2026-05-29 14:00:00,75.739,75.743,75.34,75.391,2232
2026-05-29 14:15:00,75.393,75.483,75.143,75.308,2816
2026-05-29 14:30:00,75.309,75.423,75.098,75.4,2952
2026-05-29 14:45:00,75.396,75.697,75.294,75.663,2533
2026-05-29 15:00:00,75.664,75.722,75.436,75.584,3691
2026-05-29 15:15:00,75.587,75.81,75.49,75.806,2854
2026-05-29 15:30:00,75.776,75.837,75.179,75.546,4613
2026-05-29 15:45:00,75.545,75.566,75.329,75.451,4499
2026-05-29 16:00:00,75.454,75.72,75.313,75.313,4978
2026-05-29 16:15:00,75.312,75.342,74.734,74.77,5299
2026-05-29 16:30:00,74.769,75.011,74.575,74.954,4890
2026-05-29 16:45:00,74.953,75.745,74.869,75.61,5994
2026-05-29 17:00:00,75.608,76.65,75.608,76.53,5875
2026-05-29 17:15:00,76.533,76.598,75.872,75.913,4880
2026-05-29 17:30:00,75.919,76.037,75.515,75.647,4979
2026-05-29 17:45:00,75.648,75.765,75.517,75.716,4145
2026-05-29 18:00:00,75.719,75.732,75.41,75.52,3305
2026-05-29 18:15:00,75.521,75.652,75.5,75.525,2992
2026-05-29 18:30:00,75.526,75.948,75.491,75.906,3382
2026-05-29 18:45:00,75.912,75.92,75.666,75.816,2783
2026-05-29 19:00:00,75.818,75.905,75.617,75.646,2661
2026-05-29 19:15:00,75.647,75.68,75.463,75.56,2744
2026-05-29 19:30:00,75.562,75.604,75.454,75.521,2613
2026-05-29 19:45:00,75.52,75.618,75.315,75.377,2741
2026-05-29 20:00:00,75.378,75.606,75.342,75.6,2402
2026-05-29 20:15:00,75.601,75.719,75.56,75.662,3148
2026-05-29 20:30:00,75.661,75.757,75.647,75.662,2286
2026-05-29 20:45:00,75.659,75.659,75.382,75.453,3308
2026-05-29 21:00:00,75.475,75.791,75.449,75.723,1973
2026-05-29 21:15:00,75.724,75.742,75.598,75.62,2104
2026-05-29 21:30:00,75.619,75.657,75.544,75.568,1818
2026-05-29 21:45:00,75.569,75.596,75.454,75.543,2607
2026-05-29 22:00:00,75.542,75.668,75.455,75.663,1350
2026-05-29 22:15:00,75.664,75.665,75.477,75.492,872
2026-05-29 22:30:00,75.486,75.528,75.336,75.382,851
2026-05-29 22:45:00,75.38,75.384,75.252,75.265,770
2026-06-01 00:00:00,74.007,74.885,74.007,74.882,1856
2026-06-01 00:15:00,74.875,74.898,74.764,74.839,1151
2026-06-01 00:30:00,74.836,74.97,74.831,74.951,1141
2026-06-01 00:45:00,74.95,75.174,74.95,75.057,1538
2026-06-01 01:00:00,75.058,75.303,75.031,75.248,1098
2026-06-01 01:15:00,75.247,75.442,75.179,75.435,1443
2026-06-01 01:30:00,75.434,75.532,75.338,75.511,1598
2026-06-01 01:45:00,75.512,75.688,75.425,75.557,1700
2026-06-01 02:00:00,75.558,75.754,75.457,75.613,2078
2026-06-01 02:15:00,75.612,75.712,75.482,75.619,1675
2026-06-01 02:30:00,75.611,75.712,75.454,75.461,1662
2026-06-01 02:45:00,75.459,75.638,75.453,75.545,2213
2026-06-01 03:00:00,75.547,75.628,74.806,75.166,4332
2026-06-01 03:15:00,75.172,75.517,75.016,75.466,3731
2026-06-01 03:30:00,75.465,75.745,75.254,75.704,4013
2026-06-01 03:45:00,75.702,75.744,75.458,75.531,3451
2026-06-01 04:00:00,75.529,76.027,75.471,75.92,3426
2026-06-01 04:15:00,75.922,75.972,75.864,75.928,1822
2026-06-01 04:30:00,75.931,75.986,75.563,75.713,3378
2026-06-01 04:45:00,75.711,75.773,75.569,75.583,2698
2026-06-01 05:00:00,75.604,75.811,75.47,75.522,2879
2026-06-01 05:15:00,75.523,75.639,75.345,75.593,2771
2026-06-01 05:30:00,75.592,75.764,75.262,75.312,2089
2026-06-01 05:45:00,75.313,75.398,75.187,75.395,1812
2026-06-01 06:00:00,75.403,75.54,75.346,75.399,1596
2026-06-01 06:15:00,75.4,75.563,75.4,75.513,1360
2026-06-01 06:30:00,75.514,75.571,75.453,75.522,1403
2026-06-01 06:45:00,75.523,75.573,75.35,75.566,1571
2026-06-01 07:00:00,75.568,75.728,75.538,75.702,1667
2026-06-01 07:15:00,75.703,75.882,75.663,75.765,1657
2026-06-01 07:30:00,75.766,75.867,75.509,75.786,3435
2026-06-01 07:45:00,75.787,75.976,75.74,75.827,3070
2026-06-01 08:00:00,75.828,75.855,75.662,75.716,3252
2026-06-01 08:15:00,75.71,75.743,75.503,75.677,2778
2026-06-01 08:30:00,75.694,75.767,75.511,75.558,2549
2026-06-01 08:45:00,75.557,75.58,75.268,75.388,2854
2026-06-01 09:00:00,75.387,75.858,75.374,75.829,2652
2026-06-01 09:15:00,75.83,75.868,75.624,75.725,2303
2026-06-01 09:30:00,75.728,75.83,75.402,75.404,2471
2026-06-01 09:45:00,75.403,75.798,75.271,75.795,2299
2026-06-01 10:00:00,75.8,75.894,75.364,75.494,2442
2026-06-01 10:15:00,75.496,75.562,75.328,75.472,2046
2026-06-01 10:30:00,75.475,75.742,75.338,75.731,1490
2026-06-01 10:45:00,75.73,75.783,75.539,75.688,1867
2026-06-01 11:00:00,75.691,75.837,75.685,75.818,1938
2026-06-01 11:15:00,75.819,76.273,75.785,75.817,2455
2026-06-01 11:30:00,75.816,75.845,75.672,75.756,2219
2026-06-01 11:45:00,75.752,75.772,75.597,75.627,2134
2026-06-01 12:00:00,75.629,75.931,75.629,75.891,1902
2026-06-01 12:15:00,75.892,75.931,75.767,75.828,1990
2026-06-01 12:30:00,75.827,75.969,75.768,75.846,1727
2026-06-01 12:45:00,75.855,75.89,75.606,75.673,2078
2026-06-01 13:00:00,75.672,75.785,75.508,75.713,2543
2026-06-01 13:15:00,75.714,75.88,75.673,75.85,1794
2026-06-01 13:30:00,75.852,75.899,75.694,75.73,1910
2026-06-01 13:45:00,75.729,75.79,75.624,75.692,2408
2026-06-01 14:00:00,75.689,75.759,75.405,75.426,2695
2026-06-01 14:15:00,75.427,75.638,75.307,75.524,3371
2026-06-01 14:30:00,75.523,75.725,75.276,75.697,2902
2026-06-01 14:45:00,75.693,75.892,75.691,75.749,2646
2026-06-01 15:00:00,75.75,75.869,74.841,75.139,5303
2026-06-01 15:15:00,75.134,75.33,74.493,74.595,6361
2026-06-01 15:30:00,74.609,74.835,74.395,74.54,6704
2026-06-01 15:45:00,74.542,74.64,73.846,73.912,6051
2026-06-01 16:00:00,73.915,74.419,73.819,74.389,5367
2026-06-01 16:15:00,74.381,74.473,74.084,74.32,4925
2026-06-01 16:30:00,74.318,74.516,74.27,74.488,4143
2026-06-01 16:45:00,74.49,74.527,74.126,74.295,3749
2026-06-01 17:00:00,74.305,74.611,74.227,74.578,4034
2026-06-01 17:15:00,74.58,74.718,74.451,74.637,3679
2026-06-01 17:30:00,74.636,75.217,74.63,74.939,4717
2026-06-01 17:45:00,74.942,75.0,74.809,74.88,3730
2026-06-01 18:00:00,74.877,75.086,74.63,74.711,3181
2026-06-01 18:15:00,74.71,74.73,74.569,74.702,2020
2026-06-01 18:30:00,74.703,74.795,74.596,74.597,2075
2026-06-01 18:45:00,74.595,75.035,74.575,74.952,2996
2026-06-01 19:00:00,74.961,75.017,74.858,74.975,3070
2026-06-01 19:15:00,74.974,75.162,74.855,75.159,3017
2026-06-01 19:30:00,75.16,75.367,75.002,75.267,4463
2026-06-01 19:45:00,75.259,75.424,75.238,75.326,3061
2026-06-01 20:00:00,75.325,75.354,75.179,75.193,2380
2026-06-01 20:15:00,75.194,75.269,75.143,75.158,1955
2026-06-01 20:30:00,75.16,75.218,75.061,75.214,1029
2026-06-01 20:45:00,75.211,75.272,75.193,75.205,1355
2026-06-01 21:00:00,75.204,75.219,75.034,75.038,2317
2026-06-01 21:15:00,75.037,75.063,74.975,74.976,2032
2026-06-01 21:30:00,74.977,75.02,74.906,74.918,1844
2026-06-01 21:45:00,74.919,74.941,74.746,74.809,2217
2026-06-01 22:00:00,74.81,74.93,74.783,74.835,1078
2026-06-01 22:15:00,74.834,74.844,74.787,74.801,607
2026-06-01 22:30:00,74.8,74.882,74.759,74.837,720
2026-06-01 22:45:00,74.836,74.867,74.758,74.818,655
2026-06-02 00:00:00,74.872,74.877,74.721,74.8,1126
2026-06-02 00:15:00,74.798,74.851,74.747,74.756,986
2026-06-02 00:30:00,74.755,74.889,74.751,74.833,733
2026-06-02 00:45:00,74.834,74.949,74.833,74.946,585
2026-06-02 01:00:00,74.938,74.979,74.866,74.97,875
2026-06-02 01:15:00,74.969,75.108,74.951,75.083,661
2026-06-02 01:30:00,75.082,75.123,74.95,75.029,1081
2026-06-02 01:45:00,75.018,75.067,74.915,75.022,1265
2026-06-02 02:00:00,75.023,75.035,74.784,74.898,1855
2026-06-02 02:15:00,74.895,75.179,74.889,75.177,2290
2026-06-02 02:30:00,75.18,75.288,74.934,74.979,2259
2026-06-02 02:45:00,74.978,74.98,74.82,74.898,1932
2026-06-02 03:00:00,74.896,75.841,74.695,75.776,4830
2026-06-02 03:15:00,75.774,75.892,75.489,75.686,4320
2026-06-02 03:30:00,75.688,75.788,75.301,75.326,3401
2026-06-02 03:45:00,75.325,75.37,74.47,74.818,3991
2026-06-02 04:00:00,74.814,75.074,74.801,75.057,3081
2026-06-02 04:15:00,75.058,75.273,75.055,75.182,2030
2026-06-02 04:30:00,75.185,75.322,74.98,75.03,2768
2026-06-02 04:45:00,75.031,75.295,74.868,75.28,2521
2026-06-02 05:00:00,75.282,75.507,75.152,75.227,2821
2026-06-02 05:15:00,75.22,75.386,75.138,75.339,3163
2026-06-02 05:30:00,75.335,75.363,75.186,75.211,2124
2026-06-02 05:45:00,75.209,75.273,75.158,75.261,1189
2026-06-02 06:00:00,75.264,75.494,75.237,75.428,1323
2026-06-02 06:15:00,75.427,75.628,75.421,75.54,1288
2026-06-02 06:30:00,75.539,75.741,75.507,75.691,1336
2026-06-02 06:45:00,75.692,75.892,75.675,75.747,1238
2026-06-02 07:00:00,75.75,75.9,75.721,75.894,1640
2026-06-02 07:15:00,75.895,76.06,75.766,76.012,1695
2026-06-02 07:30:00,76.014,76.883,75.989,76.67,4374
2026-06-02 07:45:00,76.671,76.724,76.329,76.405,3005
2026-06-02 08:00:00,76.403,76.723,76.38,76.395,3278
2026-06-02 08:15:00,76.393,76.719,76.365,76.661,2925
2026-06-02 08:30:00,76.662,76.771,76.513,76.567,2829
2026-06-02 08:45:00,76.566,76.787,76.501,76.743,2561
2026-06-02 09:00:00,76.737,76.849,76.647,76.698,2659
2026-06-02 09:15:00,76.693,76.834,76.585,76.634,1600
2026-06-02 09:30:00,76.633,76.772,76.557,76.698,1769
2026-06-02 09:45:00,76.697,76.911,76.654,76.9,2068
2026-06-02 10:00:00,76.893,76.996,76.763,76.815,2326
2026-06-02 10:15:00,76.814,76.846,76.647,76.73,1897
2026-06-02 10:30:00,76.729,76.801,76.549,76.562,1395
2026-06-02 10:45:00,76.559,76.613,76.367,76.418,1536
2026-06-02 11:00:00,76.417,76.508,76.258,76.504,2090
2026-06-02 11:15:00,76.505,76.546,76.279,76.35,1635
2026-06-02 11:30:00,76.351,76.373,76.17,76.332,1732
2026-06-02 11:45:00,76.33,76.437,76.239,76.25,1799
2026-06-02 12:00:00,76.248,76.35,76.18,76.277,1733
2026-06-02 12:15:00,76.276,76.282,76.124,76.172,1760
2026-06-02 12:30:00,76.176,76.276,76.176,76.275,1405
2026-06-02 12:45:00,76.279,76.394,76.227,76.363,1577
2026-06-02 13:00:00,76.368,76.387,76.22,76.235,1712
2026-06-02 13:15:00,76.236,76.41,76.192,76.408,1389
2026-06-02 13:30:00,76.414,76.446,76.285,76.296,1758
2026-06-02 13:45:00,76.298,76.411,76.243,76.279,1622
2026-06-02 14:00:00,76.281,76.359,76.19,76.212,2152
2026-06-02 14:15:00,76.21,76.654,76.143,76.638,2462
2026-06-02 14:30:00,76.635,76.667,76.337,76.442,3042
2026-06-02 14:45:00,76.444,76.447,75.971,76.075,2527
2026-06-02 15:00:00,76.077,76.533,76.003,76.14,4393
2026-06-02 15:15:00,76.139,76.189,75.807,75.915,3765
2026-06-02 15:30:00,75.913,76.301,75.781,76.129,4940
2026-06-02 15:45:00,76.127,76.249,75.82,75.863,4596
2026-06-02 16:00:00,75.866,75.959,75.628,75.781,4250
2026-06-02 16:15:00,75.784,75.815,75.243,75.436,5047
2026-06-02 16:30:00,75.435,75.871,75.435,75.813,3292
2026-06-02 16:45:00,75.812,75.891,75.611,75.687,3081
2026-06-02 17:00:00,75.688,75.967,75.673,75.84,3340
2026-06-02 17:15:00,75.842,75.99,75.799,75.902,2434
2026-06-02 17:30:00,75.909,76.02,75.811,75.886,1399
2026-06-02 17:45:00,75.891,75.975,75.709,75.754,1953
2026-06-02 18:00:00,75.756,75.791,75.609,75.667,2695
2026-06-02 18:15:00,75.666,75.683,75.368,75.413,2519
2026-06-02 18:30:00,75.414,75.489,75.294,75.373,2679
2026-06-02 18:45:00,75.372,75.555,75.346,75.414,1947
2026-06-02 19:00:00,75.413,75.501,75.26,75.399,2338
2026-06-02 19:15:00,75.398,75.405,75.205,75.335,2697
2026-06-02 19:30:00,75.333,75.429,75.001,75.081,2889
2026-06-02 19:45:00,75.079,75.15,75.039,75.093,2179
2026-06-02 20:00:00,75.097,75.257,75.039,75.085,2200
2026-06-02 20:15:00,75.084,75.262,75.041,75.161,2978
2026-06-02 20:30:00,75.163,75.202,74.74,74.81,2075
2026-06-02 20:45:00,74.809,75.165,74.765,75.132,1734
2026-06-02 21:00:00,75.131,75.225,75.093,75.093,1779
2026-06-02 21:15:00,75.092,75.159,75.014,75.159,1696
2026-06-02 21:30:00,75.158,75.191,74.983,75.105,1743
2026-06-02 21:45:00,75.106,75.169,75.059,75.157,1886
2026-06-02 22:00:00,75.155,75.219,75.084,75.211,993
2026-06-02 22:15:00,75.212,75.255,75.173,75.176,542
2026-06-02 22:30:00,75.18,75.194,75.148,75.16,447
2026-06-02 22:45:00,75.159,75.165,75.079,75.118,583
2026-06-03 00:00:00,75.149,75.27,75.113,75.137,910
2026-06-03 00:15:00,75.135,75.229,75.077,75.129,920
2026-06-03 00:30:00,75.13,75.166,75.021,75.061,1012
2026-06-03 00:45:00,75.063,75.135,74.933,74.944,1583
2026-06-03 01:00:00,74.941,74.994,74.612,74.657,1902
2026-06-03 01:15:00,74.655,74.662,74.282,74.434,2904
2026-06-03 01:30:00,74.435,74.796,74.292,74.791,2543
2026-06-03 01:45:00,74.79,74.829,74.631,74.812,1545
2026-06-03 02:00:00,74.808,74.939,74.718,74.764,1813
2026-06-03 02:15:00,74.763,74.985,74.713,74.971,1478
2026-06-03 02:30:00,74.972,75.318,74.913,75.315,1411
2026-06-03 02:45:00,75.308,75.32,75.101,75.131,1256
2026-06-03 03:00:00,75.127,75.207,74.294,74.501,4551
2026-06-03 03:15:00,74.498,74.56,74.055,74.283,3367
2026-06-03 03:30:00,74.284,74.652,74.274,74.612,3081
2026-06-03 03:45:00,74.611,74.818,74.576,74.731,2490
2026-06-03 04:00:00,74.733,74.839,74.635,74.813,2360
2026-06-03 04:15:00,74.819,74.82,74.582,74.676,1940
2026-06-03 04:30:00,74.683,74.999,74.529,74.81,3122
2026-06-03 04:45:00,74.806,74.947,74.656,74.94,2818
2026-06-03 05:00:00,74.937,75.217,74.931,75.049,2413
2026-06-03 05:15:00,75.056,75.135,74.984,75.096,1931
2026-06-03 05:30:00,75.094,75.107,75.026,75.066,1188
2026-06-03 05:45:00,75.067,75.176,75.022,75.171,1097
2026-06-03 06:00:00,75.173,75.235,75.087,75.132,1397
2026-06-03 06:15:00,75.134,75.153,74.874,74.879,890
2026-06-03 06:30:00,74.878,74.898,74.698,74.843,1032
2026-06-03 06:45:00,74.835,74.835,74.674,74.674,925
2026-06-03 07:00:00,74.676,74.884,74.558,74.835,1754
2026-06-03 07:15:00,74.837,74.885,74.61,74.65,1351
2026-06-03 07:30:00,74.653,74.686,74.353,74.47,2944
2026-06-03 07:45:00,74.471,74.628,74.385,74.391,2667
2026-06-03 08:00:00,74.392,74.693,74.389,74.569,3256
2026-06-03 08:15:00,74.564,74.673,74.384,74.445,2996
2026-06-03 08:30:00,74.441,74.498,74.07,74.228,3386
2026-06-03 08:45:00,74.221,74.364,74.002,74.341,2813
2026-06-03 09:00:00,74.353,74.562,74.221,74.445,2987
2026-06-03 09:15:00,74.443,74.444,74.069,74.099,2359
2026-06-03 09:30:00,74.1,74.272,74.043,74.178,2712
2026-06-03 09:45:00,74.179,74.27,74.034,74.064,2354
2026-06-03 10:00:00,74.065,74.205,73.984,74.117,2285
2026-06-03 10:15:00,74.119,74.306,74.027,74.296,2784
2026-06-03 10:30:00,74.297,74.341,74.263,74.302,1986
2026-06-03 10:45:00,74.303,74.378,73.991,74.088,2349
2026-06-03 11:00:00,74.085,74.454,74.046,74.294,2054
2026-06-03 11:15:00,74.295,74.319,74.07,74.08,2282
2026-06-03 11:30:00,74.081,74.219,74.054,74.178,2117
2026-06-03 11:45:00,74.177,74.177,73.95,73.977,1721
2026-06-03 12:00:00,73.978,74.811,73.94,74.521,4197
2026-06-03 12:15:00,74.522,74.522,74.243,74.435,2974
2026-06-03 12:30:00,74.44,74.522,74.188,74.227,2150
2026-06-03 12:45:00,74.228,74.408,74.214,74.327,2203
2026-06-03 13:00:00,74.33,74.493,74.265,74.434,2414
2026-06-03 13:15:00,74.436,74.449,74.287,74.406,1988
2026-06-03 13:30:00,74.405,74.519,74.374,74.455,1586
2026-06-03 13:45:00,74.438,74.558,74.409,74.502,2128
2026-06-03 14:00:00,74.501,74.556,74.278,74.305,2545
2026-06-03 14:15:00,74.304,74.532,74.091,74.137,2902
2026-06-03 14:30:00,74.143,74.195,73.903,74.007,3377
2026-06-03 14:45:00,74.006,74.493,73.949,74.179,3330
2026-06-03 15:00:00,74.176,74.48,74.0,74.379,3816
2026-06-03 15:15:00,74.386,74.433,73.919,74.031,3586
2026-06-03 15:30:00,74.035,74.209,73.188,73.206,5180
2026-06-03 15:45:00,73.205,73.789,73.152,73.789,5514
2026-06-03 16:00:00,73.77,73.962,73.616,73.736,4991
2026-06-03 16:15:00,73.735,73.927,73.506,73.723,4800
2026-06-03 16:30:00,73.72,73.754,73.512,73.625,4378
2026-06-03 16:45:00,73.624,73.979,73.575,73.913,4107
2026-06-03 17:00:00,73.914,73.973,73.43,73.472,4151
2026-06-03 17:15:00,73.478,73.731,73.183,73.416,4212
2026-06-03 17:30:00,73.412,73.523,73.256,73.429,3773
2026-06-03 17:45:00,73.428,73.47,73.291,73.38,2718
2026-06-03 18:00:00,73.379,73.507,73.251,73.337,3780
2026-06-03 18:15:00,73.336,73.399,73.135,73.322,3656
2026-06-03 18:30:00,73.32,73.454,73.231,73.314,2887
2026-06-03 18:45:00,73.31,73.445,73.101,73.423,2538
2026-06-03 19:00:00,73.432,73.657,73.365,73.388,2555
2026-06-03 19:15:00,73.389,73.505,73.308,73.339,3045
2026-06-03 19:30:00,73.315,73.461,73.257,73.409,2552
2026-06-03 19:45:00,73.41,73.42,73.136,73.251,2225
2026-06-03 20:00:00,73.252,73.355,73.171,73.225,1788
2026-06-03 20:15:00,73.222,73.284,73.103,73.195,2423
2026-06-03 20:30:00,73.196,73.282,73.095,73.159,1950
2026-06-03 20:45:00,73.158,73.284,73.147,73.216,2199
2026-06-03 21:00:00,73.215,73.349,73.166,73.303,2762
2026-06-03 21:15:00,73.302,73.462,73.246,73.319,1799
2026-06-03 21:30:00,73.318,73.413,73.318,73.326,1981
2026-06-03 21:45:00,73.328,73.329,73.158,73.184,2278
2026-06-03 22:00:00,73.185,73.203,72.842,72.949,1815
2026-06-03 22:15:00,72.952,72.986,72.857,72.933,1816
2026-06-03 22:30:00,72.934,72.937,72.686,72.708,1559
2026-06-03 22:45:00,72.707,72.791,72.603,72.718,1268
2026-06-04 00:00:00,72.8,72.877,72.606,72.699,1499
2026-06-04 00:15:00,72.701,72.766,72.435,72.711,1677
2026-06-04 00:30:00,72.71,72.924,72.71,72.8,1412
2026-06-04 00:45:00,72.805,73.237,72.797,73.128,1651
2026-06-04 01:00:00,73.131,73.179,72.982,73.041,1552
2026-06-04 01:15:00,73.042,73.154,73.023,73.127,1067
2026-06-04 01:30:00,73.13,73.178,73.031,73.121,1553
2026-06-04 01:45:00,73.123,73.385,73.123,73.187,2064
2026-06-04 02:00:00,73.188,73.367,73.048,73.088,2711
2026-06-04 02:15:00,73.091,73.258,73.013,73.084,2057
2026-06-04 02:30:00,73.083,73.205,72.998,73.148,2220
2026-06-04 02:45:00,73.154,73.326,73.08,73.246,1899
2026-06-04 03:00:00,73.245,73.722,73.062,73.66,4199
2026-06-04 03:15:00,73.658,73.799,73.481,73.585,3341
2026-06-04 03:30:00,73.586,73.738,72.934,73.022,3784
2026-06-04 03:45:00,73.024,73.329,72.753,73.092,3666
2026-06-04 04:00:00,73.094,73.237,72.936,73.148,3920
2026-06-04 04:15:00,73.147,73.212,72.967,73.174,2198
2026-06-04 04:30:00,73.171,73.283,72.992,73.16,2844
2026-06-04 04:45:00,73.164,73.683,73.145,73.582,2901
2026-06-04 05:00:00,73.583,73.698,73.445,73.488,2626
2026-06-04 05:15:00,73.489,73.515,73.305,73.447,1884
2026-06-04 05:30:00,73.442,73.533,73.284,73.306,1735
2026-06-04 05:45:00,73.303,73.462,73.22,73.452,1359
2026-06-04 06:00:00,73.451,73.69,73.399,73.663,1408
2026-06-04 06:15:00,73.678,73.756,73.612,73.629,1137
2026-06-04 06:30:00,73.63,73.887,73.629,73.866,1844
2026-06-04 06:45:00,73.863,73.877,73.661,73.703,1202
2026-06-04 07:00:00,73.704,73.707,73.43,73.584,1961
2026-06-04 07:15:00,73.585,73.599,73.416,73.441,1670
2026-06-04 07:30:00,73.443,73.51,73.215,73.379,3213
2026-06-04 07:45:00,73.377,73.441,73.08,73.183,2695
2026-06-04 08:00:00,73.182,73.485,73.127,73.399,3015
2026-06-04 08:15:00,73.398,73.398,73.001,73.231,2774
2026-06-04 08:30:00,73.23,73.23,72.906,72.933,3256
2026-06-04 08:45:00,72.932,73.223,72.882,73.143,2733
2026-06-04 09:00:00,73.147,73.205,72.965,73.071,2860
2026-06-04 09:15:00,73.073,73.228,73.043,73.134,2544
2026-06-04 09:30:00,73.132,73.271,73.089,73.15,2085
2026-06-04 09:45:00,73.149,73.216,73.085,73.191,1918
2026-06-04 10:00:00,73.19,73.365,73.131,73.159,2546
2026-06-04 10:15:00,73.149,73.339,73.105,73.333,2571
2026-06-04 10:30:00,73.351,73.496,73.201,73.314,2980
2026-06-04 10:45:00,73.313,73.341,73.169,73.265,1785
2026-06-04 11:00:00,73.262,73.446,73.184,73.238,2871
2026-06-04 11:15:00,73.239,73.414,73.217,73.356,2605
2026-06-04 11:30:00,73.357,73.624,73.319,73.582,2334
2026-06-04 11:45:00,73.581,73.637,73.46,73.489,2007
2026-06-04 12:00:00,73.488,73.551,73.409,73.499,1949
2026-06-04 12:15:00,73.502,73.536,73.388,73.497,1811
2026-06-04 12:30:00,73.496,73.515,73.349,73.388,1933
2026-06-04 12:45:00,73.387,73.477,73.314,73.444,1970
2026-06-04 13:00:00,73.449,73.527,73.355,73.417,2222
2026-06-04 13:15:00,73.418,74.011,73.411,73.964,3266
2026-06-04 13:30:00,73.976,74.023,73.73,74.0,2816
2026-06-04 13:45:00,74.001,74.659,74.0,74.602,3383
2026-06-04 14:00:00,74.6,74.673,74.044,74.132,4013
2026-06-04 14:15:00,74.144,74.514,74.073,74.429,2775
2026-06-04 14:30:00,74.425,74.485,74.289,74.401,2752
2026-06-04 14:45:00,74.406,74.641,74.353,74.526,2877
2026-06-04 15:00:00,74.527,75.057,74.358,74.742,4886
2026-06-04 15:15:00,74.734,74.967,74.596,74.642,3609
2026-06-04 15:30:00,74.639,74.863,74.534,74.853,5881
2026-06-04 15:45:00,74.854,74.874,74.307,74.308,5679
2026-06-04 16:00:00,74.313,74.429,73.928,74.1,5456
2026-06-04 16:15:00,74.103,74.225,73.879,74.012,4533
2026-06-04 16:30:00,74.023,74.054,73.758,73.837,4183
2026-06-04 16:45:00,73.842,73.867,73.176,73.474,4877
2026-06-04 17:00:00,73.476,73.762,73.426,73.738,4228
2026-06-04 17:15:00,73.739,73.759,73.568,73.637,4161
2026-06-04 17:30:00,73.633,73.864,73.622,73.762,3199
2026-06-04 17:45:00,73.76,73.876,73.701,73.848,2892
2026-06-04 18:00:00,73.845,73.974,73.789,73.83,2592
2026-06-04 18:15:00,73.831,73.949,73.795,73.864,2525
2026-06-04 18:30:00,73.867,73.886,73.763,73.845,2486
2026-06-04 18:45:00,73.847,73.899,73.785,73.843,2279
2026-06-04 19:00:00,73.842,73.931,73.731,73.735,2253
2026-06-04 19:15:00,73.736,73.858,73.613,73.828,2763
2026-06-04 19:30:00,73.827,74.07,73.827,73.944,2847
2026-06-04 19:45:00,73.943,73.995,73.878,73.899,1438
2026-06-04 20:00:00,73.901,74.069,73.836,74.03,1968
2026-06-04 20:15:00,74.027,74.099,73.948,73.98,1970
2026-06-04 20:30:00,73.982,73.985,73.803,73.875,1708
2026-06-04 20:45:00,73.879,74.013,73.872,73.963,1569
2026-06-04 21:00:00,73.969,74.095,73.889,73.941,1614
2026-06-04 21:15:00,73.94,74.042,73.921,74.042,1286
2026-06-04 21:30:00,74.044,74.124,73.971,74.077,1088
2026-06-04 21:45:00,74.074,74.092,73.979,74.047,1416
2026-06-04 22:00:00,74.049,74.06,73.945,73.974,748
2026-06-04 22:15:00,73.971,74.008,73.91,73.936,633
2026-06-04 22:30:00,73.935,73.949,73.877,73.888,643
2026-06-04 22:45:00,73.889,73.925,73.855,73.874,645
2026-06-05 00:00:00,73.874,73.956,73.843,73.916,697
2026-06-05 00:15:00,73.918,73.985,73.873,73.937,930
2026-06-05 00:30:00,73.936,74.026,73.927,73.961,1069
2026-06-05 00:45:00,73.962,73.994,73.857,73.885,1083
2026-06-05 01:00:00,73.889,74.108,73.79,74.032,1866
2026-06-05 01:15:00,74.031,74.049,73.903,73.925,1417
2026-06-05 01:30:00,73.924,73.935,73.767,73.821,1365
2026-06-05 01:45:00,73.822,73.978,73.762,73.783,1580
2026-06-05 02:00:00,73.786,73.786,73.495,73.557,2395
2026-06-05 02:15:00,73.559,73.635,73.412,73.529,2489
2026-06-05 02:30:00,73.528,73.72,73.478,73.484,1798
2026-06-05 02:45:00,73.487,73.555,73.248,73.256,1982
2026-06-05 03:00:00,73.257,73.294,72.724,72.938,5414
2026-06-05 03:15:00,72.937,73.051,72.502,72.804,4470
2026-06-05 03:30:00,72.802,72.93,72.661,72.722,3447
2026-06-05 03:45:00,72.723,72.868,72.545,72.617,3816
2026-06-05 04:00:00,72.615,72.862,72.487,72.835,3560
2026-06-05 04:15:00,72.834,72.95,72.685,72.82,1228
2026-06-05 04:30:00,72.817,72.828,72.353,72.583,4548
2026-06-05 04:45:00,72.584,72.925,72.517,72.553,3542
2026-06-05 05:00:00,72.552,72.614,72.369,72.482,4157
2026-06-05 05:15:00,72.483,72.545,72.319,72.425,3671
2026-06-05 05:30:00,72.435,72.722,72.435,72.701,2092
2026-06-05 05:45:00,72.703,72.716,72.537,72.685,1607
2026-06-05 06:00:00,72.713,72.716,72.505,72.632,1849
2026-06-05 06:15:00,72.635,72.716,72.552,72.616,1794
2026-06-05 06:30:00,72.618,72.802,72.541,72.693,1538
2026-06-05 06:45:00,72.692,72.816,72.62,72.797,1186
2026-06-05 07:00:00,72.798,72.839,72.684,72.722,2008
2026-06-05 07:15:00,72.723,72.733,72.579,72.591,2344
2026-06-05 07:30:00,72.577,72.635,72.179,72.394,3992
2026-06-05 07:45:00,72.393,72.549,72.16,72.221,3120
2026-06-05 08:00:00,72.217,72.318,71.86,71.86,4334
2026-06-05 08:15:00,71.851,72.057,71.251,71.979,4558
2026-06-05 08:30:00,71.982,72.45,71.949,72.361,3773
2026-06-05 08:45:00,72.362,72.595,72.276,72.551,3556
2026-06-05 09:00:00,72.563,72.677,72.429,72.485,2816
2026-06-05 09:15:00,72.486,72.715,72.422,72.68,2901
2026-06-05 09:30:00,72.679,72.714,72.423,72.485,2678
2026-06-05 09:45:00,72.484,72.67,72.472,72.592,1512
2026-06-05 10:00:00,72.587,72.59,72.405,72.432,2560
2026-06-05 10:15:00,72.438,72.736,72.401,72.735,2411
2026-06-05 10:30:00,72.733,72.778,72.527,72.538,2104
2026-06-05 10:45:00,72.541,72.601,72.517,72.558,1316
2026-06-05 11:00:00,72.554,72.929,72.479,72.733,2415
2026-06-05 11:15:00,72.741,72.872,72.633,72.661,3274
2026-06-05 11:30:00,72.66,72.796,72.569,72.714,2070
2026-06-05 11:45:00,72.715,72.819,72.666,72.754,1562
2026-06-05 12:00:00,72.753,72.765,72.659,72.716,1444
2026-06-05 12:15:00,72.715,72.812,72.694,72.772,1167
2026-06-05 12:30:00,72.773,72.8,72.66,72.794,1322
2026-06-05 12:45:00,72.792,72.882,72.788,72.845,1219
2026-06-05 13:00:00,72.839,72.872,72.528,72.54,2179
2026-06-05 13:15:00,72.539,72.757,72.458,72.756,2003
2026-06-05 13:30:00,72.738,72.839,72.596,72.637,1879
2026-06-05 13:45:00,72.621,73.0,72.573,72.953,2075
2026-06-05 14:00:00,72.962,73.189,72.796,73.106,2765
2026-06-05 14:15:00,73.108,73.471,73.086,73.284,2508
2026-06-05 14:30:00,73.285,73.285,72.402,72.597,5561
2026-06-05 14:45:00,72.6,72.637,71.347,71.449,5307
2026-06-05 15:00:00,71.454,71.472,70.78,71.229,6448
2026-06-05 15:15:00,71.227,71.305,70.753,70.808,4998
2026-06-05 15:30:00,70.814,70.984,70.283,70.444,6986
2026-06-05 15:45:00,70.443,70.549,69.566,69.599,7066
2026-06-05 16:00:00,69.594,69.903,69.25,69.32,7297
2026-06-05 16:15:00,69.318,69.557,68.742,69.117,6258
2026-06-05 16:30:00,69.112,69.416,68.792,68.928,6395
2026-06-05 16:45:00,68.925,69.372,68.749,69.37,5778
2026-06-05 17:00:00,69.383,69.449,68.775,68.775,5462
2026-06-05 17:15:00,68.777,68.979,68.44,68.933,6020
2026-06-05 17:30:00,68.93,69.043,68.479,68.852,4957
2026-06-05 17:45:00,68.846,68.962,68.687,68.717,4271
2026-06-05 18:00:00,68.718,68.926,68.603,68.808,5607
2026-06-05 18:15:00,68.801,69.035,68.583,68.893,5237
2026-06-05 18:30:00,68.892,68.895,68.549,68.61,4967
2026-06-05 18:45:00,68.601,69.21,68.435,69.181,4850
2026-06-05 19:00:00,69.185,69.289,68.862,69.004,4492
2026-06-05 19:15:00,69.003,69.204,68.82,68.997,4690
2026-06-05 19:30:00,69.004,69.101,68.802,68.847,3295
2026-06-05 19:45:00,68.844,68.934,68.745,68.892,3468
2026-06-05 20:00:00,68.898,68.919,68.214,68.218,4330
2026-06-05 20:15:00,68.217,68.499,68.049,68.117,4924
2026-06-05 20:30:00,68.121,68.257,67.984,68.087,4505
2026-06-05 20:45:00,68.085,68.358,68.022,68.249,4854
2026-06-05 21:00:00,68.25,68.277,67.989,68.019,5245
2026-06-05 21:15:00,68.018,68.249,67.919,68.236,5101
2026-06-05 21:30:00,68.235,68.27,67.812,67.993,4966
2026-06-05 21:45:00,67.992,68.21,67.965,68.021,5293
2026-06-05 22:00:00,68.015,68.044,67.556,67.646,3413
2026-06-05 22:15:00,67.648,67.894,67.552,67.824,1963
2026-06-05 22:30:00,67.823,67.867,67.618,67.748,1742
2026-06-05 22:45:00,67.747,67.963,67.669,67.802,1358
2026-06-08 00:00:00,67.885,67.907,66.943,67.572,3096
2026-06-08 00:15:00,67.584,67.745,67.265,67.301,2720
2026-06-08 00:30:00,67.302,67.786,67.299,67.663,1973
2026-06-08 00:45:00,67.663,67.679,67.312,67.314,2892
2026-06-08 01:00:00,67.323,67.795,67.318,67.722,2830
2026-06-08 01:15:00,67.722,67.836,67.599,67.746,1916
2026-06-08 01:30:00,67.747,68.027,67.738,67.971,1540
2026-06-08 01:45:00,67.976,68.213,67.878,68.176,1973
2026-06-08 02:00:00,68.175,68.279,67.984,68.133,2460
2026-06-08 02:15:00,68.126,68.467,68.064,68.429,2182
2026-06-08 02:30:00,68.434,68.46,68.234,68.283,2460
2026-06-08 02:45:00,68.284,68.436,68.145,68.32,2553
2026-06-08 03:00:00,68.323,68.44,67.476,67.484,5913
2026-06-08 03:15:00,67.485,67.733,66.975,67.275,6232
2026-06-08 03:30:00,67.277,67.818,66.905,67.696,6348
2026-06-08 03:45:00,67.688,67.842,67.46,67.808,5054
2026-06-08 04:00:00,67.815,68.025,67.579,67.671,4386
2026-06-08 04:15:00,67.67,67.746,67.477,67.586,3007
2026-06-08 04:30:00,67.594,67.749,67.372,67.676,4135
2026-06-08 04:45:00,67.679,67.859,67.483,67.515,3520
2026-06-08 05:00:00,67.513,67.655,67.246,67.284,3621
2026-06-08 05:15:00,67.283,67.503,67.241,67.356,2955
2026-06-08 05:30:00,67.365,67.536,67.28,67.536,2041
2026-06-08 05:45:00,67.533,67.85,67.529,67.85,1703
2026-06-08 06:00:00,67.86,68.018,67.736,67.952,1968
2026-06-08 06:15:00,67.955,68.006,67.763,67.872,2008
2026-06-08 06:30:00,67.87,67.883,67.612,67.62,2618
2026-06-08 06:45:00,67.621,67.836,67.621,67.753,1905
2026-06-08 07:00:00,67.755,67.86,67.553,67.553,2435
2026-06-08 07:15:00,67.554,67.753,67.498,67.556,2708
2026-06-08 07:30:00,67.557,67.564,66.146,66.396,6082
2026-06-08 07:45:00,66.391,66.696,66.278,66.593,4714
2026-06-08 08:00:00,66.598,67.126,66.573,66.966,4684
2026-06-08 08:15:00,66.973,67.331,66.897,67.204,4175
2026-06-08 08:30:00,67.211,67.224,66.85,66.999,4013
2026-06-08 08:45:00,66.992,67.072,66.891,67.058,3351
2026-06-08 09:00:00,67.051,67.135,66.821,67.046,3670
2026-06-08 09:15:00,67.048,67.513,66.91,67.322,3636
2026-06-08 09:30:00,67.325,67.519,67.066,67.079,3626
2026-06-08 09:45:00,67.078,67.086,66.875,66.885,2963
2026-06-08 10:00:00,66.889,67.038,66.727,66.876,3600
2026-06-08 10:15:00,66.877,67.006,66.842,66.961,3325
2026-06-08 10:30:00,66.967,67.033,66.745,66.963,3401
2026-06-08 10:45:00,66.96,67.066,66.794,66.996,3444
2026-06-08 11:00:00,67.004,67.115,66.875,66.989,2527
2026-06-08 11:15:00,66.986,67.12,66.761,66.77,2225
2026-06-08 11:30:00,66.771,67.189,66.549,67.093,4391
2026-06-08 11:45:00,67.09,67.286,66.97,67.006,3176
2026-06-08 12:00:00,67.013,67.144,66.741,67.083,2586
2026-06-08 12:15:00,67.082,67.099,66.826,66.978,2456
2026-06-08 12:30:00,66.976,67.415,66.96,67.319,3285
2026-06-08 12:45:00,67.32,67.334,67.025,67.103,2335
2026-06-08 13:00:00,67.102,67.69,67.016,67.69,3407
2026-06-08 13:15:00,67.688,68.228,67.483,68.049,5013
2026-06-08 13:30:00,68.053,68.242,68.04,68.157,4028
2026-06-08 13:45:00,68.158,68.529,68.054,68.427,3260
2026-06-08 14:00:00,68.411,68.6,68.196,68.204,3722
2026-06-08 14:15:00,68.198,68.616,68.072,68.551,3050
2026-06-08 14:30:00,68.543,68.902,68.517,68.757,3636
2026-06-08 14:45:00,68.759,68.908,68.571,68.857,3262
2026-06-08 15:00:00,68.858,68.918,68.293,68.332,5167
2026-06-08 15:15:00,68.333,68.681,68.24,68.523,4515
2026-06-08 15:30:00,68.515,68.843,68.485,68.53,7065
2026-06-08 15:45:00,68.533,68.545,67.901,67.928,6478
2026-06-08 16:00:00,67.932,68.071,67.688,67.798,6152
2026-06-08 16:15:00,67.804,68.071,67.758,68.001,5561
2026-06-08 16:30:00,67.998,68.182,67.846,68.164,4981
2026-06-08 16:45:00,68.165,68.445,67.912,68.419,4627
2026-06-08 17:00:00,68.423,68.518,68.237,68.272,3894
2026-06-08 17:15:00,68.274,68.641,68.214,68.514,5090
2026-06-08 17:30:00,68.515,68.804,68.434,68.803,5240
2026-06-08 17:45:00,68.806,68.862,68.651,68.66,3931
2026-06-08 18:00:00,68.659,68.712,68.569,68.668,3311
2026-06-08 18:15:00,68.669,68.791,68.604,68.607,3077
2026-06-08 18:30:00,68.609,68.755,68.568,68.649,3179
2026-06-08 18:45:00,68.648,68.774,68.544,68.597,3325
2026-06-08 19:00:00,68.596,68.644,68.433,68.569,3787
2026-06-08 19:15:00,68.565,68.628,68.362,68.471,3031
2026-06-08 19:30:00,68.47,68.484,68.191,68.239,3363
2026-06-08 19:45:00,68.238,68.416,68.228,68.406,3012
2026-06-08 20:00:00,68.409,68.56,68.403,68.448,3296
2026-06-08 20:15:00,68.452,68.623,68.452,68.54,2525
2026-06-08 20:30:00,68.537,68.583,68.295,68.328,2645
2026-06-08 20:45:00,68.329,68.343,68.227,68.268,1959
2026-06-08 21:00:00,68.266,68.396,68.105,68.122,2467
2026-06-08 21:15:00,68.123,68.207,68.045,68.2,2932
2026-06-08 21:30:00,68.201,68.244,68.06,68.083,3012
2026-06-08 21:45:00,68.084,68.224,68.013,68.071,2679
2026-06-08 22:00:00,68.067,68.187,68.056,68.184,1283
2026-06-08 22:15:00,68.183,68.188,67.963,68.052,1041
2026-06-08 22:30:00,68.054,68.13,68.047,68.07,785
2026-06-08 22:45:00,68.071,68.181,68.057,68.152,749
2026-06-09 00:00:00,68.16,68.175,68.042,68.097,725
2026-06-09 00:15:00,68.099,68.133,68.014,68.033,1169
2026-06-09 00:30:00,68.031,68.127,68.03,68.11,795
2026-06-09 00:45:00,68.111,68.131,68.075,68.124,500
2026-06-09 01:00:00,68.122,68.131,68.058,68.097,545
2026-06-09 01:15:00,68.098,68.115,67.951,67.952,754
2026-06-09 01:30:00,67.948,68.008,67.828,67.942,1095
2026-06-09 01:45:00,67.946,67.95,67.776,67.829,1658
2026-06-09 02:00:00,67.828,67.943,67.737,67.814,3159
2026-06-09 02:15:00,67.815,67.846,67.553,67.556,2378
2026-06-09 02:30:00,67.557,67.658,67.435,67.589,2429
2026-06-09 02:45:00,67.59,67.798,67.468,67.704,2154
2026-06-09 03:00:00,67.712,67.99,67.646,67.734,4480
2026-06-09 03:15:00,67.744,68.185,67.49,68.072,4384
2026-06-09 03:30:00,68.058,68.259,67.983,68.075,3664
2026-06-09 03:45:00,68.076,68.162,67.877,68.012,3402
2026-06-09 04:00:00,68.018,68.029,67.639,67.808,3097
2026-06-09 04:15:00,67.81,67.878,67.666,67.851,2428
2026-06-09 04:30:00,67.85,67.963,67.599,67.822,3108
2026-06-09 04:45:00,67.823,67.919,67.589,67.615,2823
2026-06-09 05:00:00,67.613,67.76,67.466,67.75,2991
2026-06-09 05:15:00,67.751,67.918,67.579,67.69,2389
2026-06-09 05:30:00,67.689,67.945,67.646,67.939,1911
2026-06-09 05:45:00,67.941,68.067,67.893,67.965,1473
2026-06-09 06:00:00,67.968,67.982,67.829,67.83,1500
2026-06-09 06:15:00,67.829,67.891,67.787,67.889,1499
2026-06-09 06:30:00,67.891,67.905,67.727,67.883,1963
2026-06-09 06:45:00,67.88,67.965,67.811,67.886,1412
2026-06-09 07:00:00,67.89,68.053,67.865,67.905,2548
2026-06-09 07:15:00,67.904,67.995,67.861,67.874,2784
2026-06-09 07:30:00,67.875,68.569,67.796,68.487,3965
2026-06-09 07:45:00,68.488,68.513,68.304,68.329,3028
2026-06-09 08:00:00,68.333,68.609,68.316,68.446,2970
2026-06-09 08:15:00,68.444,68.57,68.351,68.364,2879
2026-06-09 08:30:00,68.375,68.43,68.242,68.388,2764
2026-06-09 08:45:00,68.39,68.506,68.25,68.279,2681
2026-06-09 09:00:00,68.266,68.397,68.137,68.137,2975
2026-06-09 09:15:00,68.141,68.398,68.062,68.335,2922
2026-06-09 09:30:00,68.342,68.356,68.123,68.312,2128
2026-06-09 09:45:00,68.313,68.484,68.283,68.324,1869
2026-06-09 10:00:00,68.325,68.753,68.137,68.586,3790
2026-06-09 10:15:00,68.585,68.833,68.576,68.806,3461
2026-06-09 10:30:00,68.807,68.829,68.618,68.669,2138
2026-06-09 10:45:00,68.668,68.684,68.382,68.396,1559
2026-06-09 11:00:00,68.397,68.525,68.345,68.395,1999
2026-06-09 11:15:00,68.394,68.488,68.184,68.213,1799
2026-06-09 11:30:00,68.214,68.333,68.179,68.265,2028
2026-06-09 11:45:00,68.263,68.39,68.235,68.356,1743
2026-06-09 12:00:00,68.352,68.526,68.148,68.52,2371
2026-06-09 12:15:00,68.519,68.589,68.423,68.523,1831
2026-06-09 12:30:00,68.526,68.558,68.379,68.438,1552
2026-06-09 12:45:00,68.444,68.587,68.282,68.573,1941
2026-06-09 13:00:00,68.574,68.677,68.427,68.555,2105
2026-06-09 13:15:00,68.556,68.592,68.446,68.507,2065
2026-06-09 13:30:00,68.508,68.595,68.435,68.571,1882
2026-06-09 13:45:00,68.57,68.645,68.497,68.541,1882
2026-06-09 14:00:00,68.542,68.651,68.448,68.455,1982
2026-06-09 14:15:00,68.457,68.524,68.332,68.375,1853
2026-06-09 14:30:00,68.367,68.631,68.35,68.398,2531
2026-06-09 14:45:00,68.402,68.641,68.302,68.627,2559
2026-06-09 15:00:00,68.642,68.784,68.538,68.707,4212
2026-06-09 15:15:00,68.708,68.743,68.275,68.314,3645
2026-06-09 15:30:00,68.313,68.359,67.831,67.975,5402
2026-06-09 15:45:00,67.969,69.004,67.891,67.992,5510
2026-06-09 16:00:00,67.988,68.105,67.525,67.591,5427
2026-06-09 16:15:00,67.589,67.672,66.901,66.938,6768
2026-06-09 16:30:00,66.937,67.043,65.451,65.451,7029
2026-06-09 16:45:00,65.443,66.059,65.218,66.056,7261
2026-06-09 17:00:00,66.055,66.276,65.933,66.201,6286
2026-06-09 17:15:00,66.195,66.241,65.581,65.65,6399
2026-06-09 17:30:00,65.652,65.777,65.112,65.405,7411
2026-06-09 17:45:00,65.407,65.639,65.2,65.242,5940
2026-06-09 18:00:00,65.24,65.543,65.087,65.153,6524
2026-06-09 18:15:00,65.152,65.33,64.936,65.168,6714
2026-06-09 18:30:00,65.166,65.436,64.343,64.719,7361
2026-06-09 18:45:00,64.708,64.887,64.532,64.862,7307
2026-06-09 19:00:00,64.856,65.225,64.834,65.083,6264
2026-06-09 19:15:00,65.076,65.308,64.993,65.114,5674
2026-06-09 19:30:00,65.111,65.328,65.033,65.183,4589
2026-06-09 19:45:00,65.185,65.253,64.934,65.108,4870
2026-06-09 20:00:00,65.111,65.328,65.021,65.236,4951
2026-06-09 20:15:00,65.233,65.616,65.162,65.514,5550
2026-06-09 20:30:00,65.516,65.634,65.379,65.396,4116
2026-06-09 20:45:00,65.397,65.716,65.384,65.65,3368
2026-06-09 21:00:00,65.652,65.77,65.258,65.265,4060
2026-06-09 21:15:00,65.266,65.283,65.098,65.188,5080
2026-06-09 21:30:00,65.189,65.31,65.009,65.009,4702
2026-06-09 21:45:00,65.025,65.265,64.973,65.218,4843
2026-06-09 22:00:00,65.22,65.361,65.148,65.25,2551
2026-06-09 22:15:00,65.248,65.324,65.241,65.281,1160
2026-06-09 22:30:00,65.279,65.407,65.23,65.375,869
2026-06-09 22:45:00,65.379,65.387,65.327,65.347,334
2026-06-10 00:00:00,65.159,65.331,65.101,65.215,947
2026-06-10 00:15:00,65.215,65.257,65.141,65.215,717
2026-06-10 00:30:00,65.214,65.232,64.94,64.962,1088
2026-06-10 00:45:00,64.962,64.98,64.783,64.911,1851
2026-06-10 01:00:00,64.909,65.133,64.873,64.879,1557
2026-06-10 01:15:00,64.88,64.881,64.683,64.686,1733
2026-06-10 01:30:00,64.685,64.829,64.663,64.728,1474
2026-06-10 01:45:00,64.725,64.907,64.624,64.865,2270
2026-06-10 02:00:00,64.866,65.046,64.746,65.02,3444
2026-06-10 02:15:00,65.016,65.077,64.754,64.754,2706
2026-06-10 02:30:00,64.753,64.763,64.235,64.358,3523
2026-06-10 02:45:00,64.362,64.937,64.329,64.643,3949
2026-06-10 03:00:00,64.642,64.663,63.787,64.34,5379
2026-06-10 03:15:00,64.327,64.799,64.255,64.62,3942
2026-06-10 03:30:00,64.614,65.043,64.478,64.538,4770
2026-06-10 03:45:00,64.539,64.824,64.478,64.651,4150
2026-06-10 04:00:00,64.654,64.746,64.221,64.339,3550
2026-06-10 04:15:00,64.353,64.45,64.135,64.398,2801
2026-06-10 04:30:00,64.39,64.577,63.941,64.217,4324
2026-06-10 04:45:00,64.214,64.406,63.696,63.767,3688
2026-06-10 05:00:00,63.766,63.927,63.646,63.851,3491
2026-06-10 05:15:00,63.855,64.047,63.754,63.912,2836
2026-06-10 05:30:00,63.915,64.095,63.904,64.006,2075
2026-06-10 05:45:00,64.002,64.234,63.995,64.149,1769
2026-06-10 06:00:00,64.162,64.231,64.001,64.02,1538
2026-06-10 06:15:00,64.018,64.104,63.737,63.755,2219
2026-06-10 06:30:00,63.751,63.765,63.506,63.518,1935
2026-06-10 06:45:00,63.513,63.593,63.437,63.477,2248
2026-06-10 07:00:00,63.479,63.874,63.417,63.844,3483
2026-06-10 07:15:00,63.845,64.123,63.658,64.119,3351
2026-06-10 07:30:00,64.12,64.327,63.763,64.228,4682
2026-06-10 07:45:00,64.227,64.682,64.197,64.55,4108
2026-06-10 08:00:00,64.551,65.261,64.528,64.822,4584
2026-06-10 08:15:00,64.821,65.128,64.821,64.976,3781
2026-06-10 08:30:00,64.967,65.111,64.869,65.061,3861
2026-06-10 08:45:00,65.06,65.082,64.79,64.934,3552
2026-06-10 09:00:00,64.924,64.951,64.497,64.605,3403
2026-06-10 09:15:00,64.604,64.706,64.395,64.447,2653
2026-06-10 09:30:00,64.445,64.554,64.378,64.519,3049
2026-06-10 09:45:00,64.517,64.599,64.323,64.353,3214
2026-06-10 10:00:00,64.352,64.355,63.663,63.806,5067
2026-06-10 10:15:00,63.803,64.112,63.78,63.899,3937
2026-06-10 10:30:00,63.895,64.076,63.526,63.558,3883
2026-06-10 10:45:00,63.556,63.936,63.528,63.789,3572
2026-06-10 11:00:00,63.79,64.038,63.69,63.781,3397
2026-06-10 11:15:00,63.778,63.992,63.713,63.922,3019
2026-06-10 11:30:00,63.917,64.251,63.917,64.074,3538
2026-06-10 11:45:00,64.078,64.116,63.807,63.987,3249
2026-06-10 12:00:00,63.988,64.162,63.867,64.088,2998
2026-06-10 12:15:00,64.085,64.244,64.043,64.139,2950
2026-06-10 12:30:00,64.137,64.298,64.084,64.29,2983
2026-06-10 12:45:00,64.288,64.516,64.245,64.441,3036
2026-06-10 13:00:00,64.449,64.489,63.767,64.179,5611
2026-06-10 13:15:00,64.177,64.379,63.809,64.163,5022
2026-06-10 13:30:00,64.165,64.304,64.011,64.013,4561
2026-06-10 13:45:00,64.012,64.228,63.725,63.755,4515
2026-06-10 14:00:00,63.749,63.837,63.358,63.566,5000
2026-06-10 14:15:00,63.565,63.74,63.352,63.734,4888
2026-06-10 14:30:00,63.676,65.056,63.596,64.501,7477
2026-06-10 14:45:00,64.5,64.811,64.082,64.242,6343
2026-06-10 15:00:00,64.248,64.762,64.152,64.459,6580
2026-06-10 15:15:00,64.457,64.568,64.046,64.355,5488
2026-06-10 15:30:00,64.353,65.539,64.308,65.539,7644
2026-06-10 15:45:00,65.534,65.735,65.402,65.585,7215
2026-06-10 16:00:00,65.586,65.668,65.236,65.403,6631
2026-06-10 16:15:00,65.402,65.507,65.077,65.122,5690
2026-06-10 16:30:00,65.118,65.334,64.968,65.015,5394
2026-06-10 16:45:00,65.01,65.066,64.352,64.526,6353
2026-06-10 17:00:00,64.527,64.827,64.325,64.406,6279
2026-06-10 17:15:00,64.403,64.841,64.228,64.651,6254
2026-06-10 17:30:00,64.652,64.921,64.612,64.889,5867
2026-06-10 17:45:00,64.885,65.081,64.387,64.91,7011
2026-06-10 18:00:00,64.911,65.023,64.784,64.936,6090
2026-06-10 18:15:00,64.934,65.172,64.901,64.953,5212
2026-06-10 18:30:00,64.956,65.046,64.796,64.831,5117
2026-06-10 18:45:00,64.83,64.936,64.687,64.933,4245
2026-06-10 19:00:00,64.935,65.184,64.681,64.757,4625
2026-06-10 19:15:00,64.756,64.825,64.55,64.633,4730
2026-06-10 19:30:00,64.635,64.711,64.456,64.47,4808
2026-06-10 19:45:00,64.471,64.909,64.437,64.856,5727
2026-06-10 20:00:00,64.862,65.167,64.862,64.945,4884
2026-06-10 20:15:00,64.942,65.022,64.757,64.855,3939
2026-06-10 20:30:00,64.859,64.863,64.684,64.694,3762
2026-06-10 20:45:00,64.697,64.759,64.473,64.618,4042
2026-06-10 21:00:00,64.624,64.631,64.091,64.144,4179
2026-06-10 21:15:00,64.149,64.213,63.701,63.897,3905
2026-06-10 21:30:00,63.896,64.044,63.795,64.019,5234
2026-06-10 21:45:00,64.02,64.15,63.712,63.737,4901
2026-06-10 22:00:00,63.736,63.739,63.296,63.407,3174
2026-06-10 22:15:00,63.408,63.614,63.338,63.576,1596
2026-06-10 22:30:00,63.575,63.602,63.448,63.518,1256
2026-06-10 22:45:00,63.517,63.545,63.301,63.369,1287
2026-06-11 00:00:00,63.01,63.109,62.637,62.851,1830
2026-06-11 00:15:00,62.851,62.901,62.387,62.713,2743
2026-06-11 00:30:00,62.713,63.368,62.705,63.19,2791
2026-06-11 00:45:00,63.191,63.302,62.593,62.629,3070
2026-06-11 01:00:00,62.628,62.816,61.476,61.747,3622
2026-06-11 01:15:00,61.742,62.805,61.623,62.755,4519
2026-06-11 01:30:00,62.75,62.799,62.528,62.565,2759
2026-06-11 01:45:00,62.575,62.737,61.968,62.155,3021
2026-06-11 02:00:00,62.158,62.656,62.002,62.582,6073
2026-06-11 02:15:00,62.584,63.199,62.543,63.022,5709
2026-06-11 02:30:00,63.021,63.333,62.919,63.096,4174
2026-06-11 02:45:00,63.095,63.699,63.089,63.548,4034
2026-06-11 03:00:00,63.546,64.061,63.251,63.951,7207
2026-06-11 03:15:00,63.941,64.455,63.901,64.327,6255
2026-06-11 03:30:00,64.329,64.482,64.239,64.38,4803
2026-06-11 03:45:00,64.382,64.412,63.842,64.038,4206
2026-06-11 04:00:00,64.039,64.047,63.814,63.83,4330
2026-06-11 04:15:00,63.828,63.936,63.615,63.636,2751
2026-06-11 04:30:00,63.634,63.738,62.895,63.061,5678
2026-06-11 04:45:00,63.06,63.507,62.899,63.267,4682
2026-06-11 05:00:00,63.262,63.499,63.116,63.145,4389
2026-06-11 05:15:00,63.154,63.324,62.932,63.132,3978
2026-06-11 05:30:00,63.114,63.607,63.114,63.473,2771
2026-06-11 05:45:00,63.474,63.635,63.362,63.543,2321
2026-06-11 06:00:00,63.554,63.74,63.419,63.721,2728
2026-06-11 06:15:00,63.72,63.791,63.564,63.642,2790
2026-06-11 06:30:00,63.641,64.061,63.625,63.992,2326
2026-06-11 06:45:00,63.994,64.138,63.817,63.968,2250
2026-06-11 07:00:00,63.969,63.983,63.703,63.747,3050
2026-06-11 07:15:00,63.748,63.882,63.586,63.626,2953
2026-06-11 07:30:00,63.63,64.216,63.568,64.137,4672
2026-06-11 07:45:00,64.136,64.336,63.847,63.901,3709
2026-06-11 08:00:00,63.898,63.926,63.515,63.799,4443
2026-06-11 08:15:00,63.803,63.976,63.734,63.737,3984
2026-06-11 08:30:00,63.739,64.049,63.708,64.04,3569
2026-06-11 08:45:00,64.041,64.134,63.914,64.054,3081
2026-06-11 09:00:00,64.05,64.162,63.906,64.073,3600
2026-06-11 09:15:00,64.072,64.494,64.057,64.417,3002
2026-06-11 09:30:00,64.422,64.491,64.359,64.453,2694
2026-06-11 09:45:00,64.451,64.451,64.279,64.402,2990
2026-06-11 10:00:00,64.401,64.654,64.377,64.453,3311
2026-06-11 10:15:00,64.455,64.502,64.261,64.458,2947
2026-06-11 10:30:00,64.457,64.546,64.371,64.381,3066
2026-06-11 10:45:00,64.384,64.402,64.172,64.248,2721
2026-06-11 11:00:00,64.247,64.294,64.003,64.099,2839
2026-06-11 11:15:00,64.097,64.118,63.989,64.02,2617
2026-06-11 11:30:00,64.021,64.136,63.937,64.125,2200
2026-06-11 11:45:00,64.123,64.215,64.004,64.064,1900
2026-06-11 12:00:00,64.063,64.168,63.913,63.998,2432
2026-06-11 12:15:00,63.999,64.058,63.839,63.88,2098
2026-06-11 12:30:00,63.881,64.027,63.88,63.957,2243
2026-06-11 12:45:00,63.958,64.092,63.845,63.902,1950
2026-06-11 13:00:00,63.904,63.966,63.695,63.788,3025
2026-06-11 13:15:00,63.789,63.843,63.597,63.809,3332
2026-06-11 13:30:00,63.808,64.026,63.453,63.559,3237
2026-06-11 13:45:00,63.561,63.854,63.524,63.731,2260
2026-06-11 14:00:00,63.728,63.877,63.495,63.609,3030
2026-06-11 14:15:00,63.602,63.734,62.867,62.934,5389
2026-06-11 14:30:00,62.934,63.402,62.783,63.259,5977
2026-06-11 14:45:00,63.265,63.564,63.145,63.432,5191
2026-06-11 15:00:00,63.429,63.936,63.353,63.394,5448
2026-06-11 15:15:00,63.387,63.7,63.361,63.516,4796
2026-06-11 15:30:00,63.525,63.846,63.352,63.707,7559
2026-06-11 15:45:00,63.715,64.258,63.65,64.019,6730
2026-06-11 16:00:00,64.028,64.239,63.462,63.612,6621
2026-06-11 16:15:00,63.616,64.209,63.512,64.025,6623
2026-06-11 16:30:00,64.023,64.206,63.916,63.98,6038
2026-06-11 16:45:00,63.983,64.15,63.863,63.909,5850
2026-06-11 17:00:00,63.904,64.286,63.718,63.995,6179
2026-06-11 17:15:00,63.994,64.179,63.866,63.945,5448
2026-06-11 17:30:00,63.944,64.141,63.863,64.018,5020
2026-06-11 17:45:00,64.026,64.151,63.912,63.993,4807
2026-06-11 18:00:00,63.995,64.558,63.957,64.531,4636
2026-06-11 18:15:00,64.532,64.603,63.806,63.806,4861
2026-06-11 18:30:00,63.804,64.065,63.769,63.833,4147
2026-06-11 18:45:00,63.832,63.921,63.728,63.817,4287
2026-06-11 19:00:00,63.823,63.879,63.623,63.778,4900
2026-06-11 19:15:00,63.777,64.694,63.738,64.688,5317
2026-06-11 19:30:00,64.685,66.561,64.685,66.451,8563
2026-06-11 19:45:00,66.447,66.459,65.772,65.869,7038
2026-06-11 20:00:00,65.87,66.054,65.297,65.697,6770
2026-06-11 20:15:00,65.69,66.09,65.656,65.959,6878
2026-06-11 20:30:00,65.96,66.243,65.863,66.226,5559
2026-06-11 20:45:00,66.223,66.333,66.057,66.109,4825
2026-06-11 21:00:00,66.112,66.835,66.112,66.751,5187
2026-06-11 21:15:00,66.752,66.978,66.632,66.921,5261
2026-06-11 21:30:00,66.926,67.538,66.925,67.368,6121
2026-06-11 21:45:00,67.369,67.524,67.225,67.259,5537
2026-06-11 22:00:00,67.26,67.394,67.198,67.321,2400
2026-06-11 22:15:00,67.319,67.421,67.253,67.357,1761
2026-06-11 22:30:00,67.356,67.409,67.148,67.15,1910
2026-06-11 22:45:00,67.151,67.323,67.082,67.323,1547
2026-06-12 00:00:00,67.464,67.48,67.217,67.353,1712
2026-06-12 00:15:00,67.354,67.468,67.283,67.452,1340
2026-06-12 00:30:00,67.453,67.749,67.333,67.703,1646
2026-06-12 00:45:00,67.694,67.949,67.574,67.837,1898
2026-06-12 01:00:00,67.837,67.889,67.499,67.567,2107
2026-06-12 01:15:00,67.564,67.794,67.41,67.463,2226
2026-06-12 01:30:00,67.462,67.581,67.348,67.492,1979
2026-06-12 01:45:00,67.492,67.577,67.348,67.497,2261
2026-06-12 02:00:00,67.493,67.613,67.301,67.413,4034
2026-06-12 02:15:00,67.411,67.748,67.188,67.595,3957
2026-06-12 02:30:00,67.599,67.772,67.3,67.319,3055
2026-06-12 02:45:00,67.323,67.418,67.157,67.327,3072
2026-06-12 03:00:00,67.328,67.408,66.689,66.754,6011
2026-06-12 03:15:00,66.753,66.946,66.529,66.583,4298
2026-06-12 03:30:00,66.589,66.94,66.454,66.749,4335
2026-06-12 03:45:00,66.743,67.005,66.741,66.89,3494
2026-06-12 04:00:00,66.888,67.131,66.84,66.987,3555
2026-06-12 04:15:00,66.989,67.052,66.903,66.912,2393
2026-06-12 04:30:00,66.916,67.102,66.705,66.995,3647
2026-06-12 04:45:00,66.994,67.172,66.894,67.097,2894
2026-06-12 05:00:00,67.098,67.248,67.024,67.184,2865
2026-06-12 05:15:00,67.183,67.524,67.142,67.319,3201
2026-06-12 05:30:00,67.322,67.344,67.18,67.248,2597
2026-06-12 05:45:00,67.249,67.255,67.108,67.132,2431
2026-06-12 06:00:00,67.14,67.186,66.975,67.037,1936
2026-06-12 06:15:00,67.034,67.062,66.919,66.975,1476
2026-06-12 06:30:00,66.974,67.069,66.948,67.021,1352
2026-06-12 06:45:00,67.025,67.046,66.907,66.934,1451
2026-06-12 07:00:00,66.93,66.997,66.706,66.874,2393
2026-06-12 07:15:00,66.879,66.919,66.777,66.873,2395
2026-06-12 07:30:00,66.874,66.964,66.545,66.8,4840
2026-06-12 07:45:00,66.802,66.805,66.475,66.544,3969
2026-06-12 08:00:00,66.543,66.888,66.54,66.825,3719
2026-06-12 08:15:00,66.827,66.832,66.711,66.713,2875
2026-06-12 08:30:00,66.721,66.723,66.364,66.445,3252
2026-06-12 08:45:00,66.444,66.656,66.395,66.643,3405
2026-06-12 09:00:00,66.642,66.663,66.216,66.218,3117
2026-06-12 09:15:00,66.222,66.242,65.943,65.951,2908
2026-06-12 09:30:00,65.948,66.173,65.867,66.118,2965
2026-06-12 09:45:00,66.117,66.328,65.879,66.328,3479
2026-06-12 10:00:00,66.329,66.711,66.256,66.692,4520
2026-06-12 10:15:00,66.69,67.172,66.537,67.132,5520
2026-06-12 10:30:00,67.134,67.32,66.828,66.967,4161
2026-06-12 10:45:00,66.969,66.98,66.806,66.892,3095
2026-06-12 11:00:00,66.893,67.15,66.874,67.115,3201
2026-06-12 11:15:00,67.114,67.421,67.036,67.346,3943
2026-06-12 11:30:00,67.35,67.501,67.263,67.43,3160
2026-06-12 11:45:00,67.426,67.54,67.191,67.216,2950
2026-06-12 12:00:00,67.217,67.318,67.125,67.221,2877
2026-06-12 12:15:00,67.22,67.244,66.697,66.848,3912
2026-06-12 12:30:00,66.847,67.17,66.823,67.046,3422
2026-06-12 12:45:00,67.045,67.2,66.976,67.016,2779
2026-06-12 13:00:00,67.017,67.109,66.856,67.04,3671
2026-06-12 13:15:00,67.039,67.194,66.918,66.959,2934
2026-06-12 13:30:00,66.963,67.163,66.811,67.151,3238
2026-06-12 13:45:00,67.152,67.406,67.126,67.155,2989
2026-06-12 14:00:00,67.156,67.189,66.933,67.092,3965
2026-06-12 14:15:00,67.093,67.183,66.502,66.521,3669
2026-06-12 14:30:00,66.523,66.763,66.422,66.587,3840
2026-06-12 14:45:00,66.591,66.811,66.445,66.491,3455
2026-06-12 15:00:00,66.465,66.821,66.31,66.631,4201
2026-06-12 15:15:00,66.629,66.945,66.593,66.923,3224
2026-06-12 15:30:00,66.929,67.019,66.272,66.473,7332
2026-06-12 15:45:00,66.469,66.549,66.186,66.247,7244
2026-06-12 16:00:00,66.25,66.71,66.222,66.548,6502
2026-06-12 16:15:00,66.545,66.764,66.377,66.522,6056
2026-06-12 16:30:00,66.521,66.793,66.381,66.48,6094
2026-06-12 16:45:00,66.479,67.089,66.188,67.004,7117
2026-06-12 17:00:00,67.005,67.263,66.848,67.243,5742
2026-06-12 17:15:00,67.244,68.03,67.215,67.737,5591
2026-06-12 17:30:00,67.736,67.782,67.498,67.557,6041
2026-06-12 17:45:00,67.571,67.653,67.359,67.466,6141
2026-06-12 18:00:00,67.461,67.76,67.308,67.681,5667
2026-06-12 18:15:00,67.687,68.051,67.678,67.747,5662
2026-06-12 18:30:00,67.743,68.002,67.617,67.766,5231
2026-06-12 18:45:00,67.768,67.847,67.669,67.716,5180
2026-06-12 19:00:00,67.714,68.021,67.639,67.794,4915
2026-06-12 19:15:00,67.795,67.925,67.629,67.842,3575
2026-06-12 19:30:00,67.846,68.099,67.735,68.048,4023
2026-06-12 19:45:00,68.049,68.15,67.939,68.017,3607
2026-06-12 20:00:00,68.018,68.199,67.955,68.127,3888
2026-06-12 20:15:00,68.125,68.239,68.078,68.222,3398
2026-06-12 20:30:00,68.225,68.329,68.148,68.297,2426
2026-06-12 20:45:00,68.296,68.296,67.868,67.892,2757
2026-06-12 21:00:00,67.882,68.032,67.868,67.962,2637
2026-06-12 21:15:00,67.961,67.961,67.773,67.809,2924
2026-06-12 21:30:00,67.808,67.838,67.59,67.642,3427
2026-06-12 21:45:00,67.637,67.777,67.592,67.759,3093
2026-06-12 22:00:00,67.758,67.959,67.743,67.926,1581
2026-06-12 22:15:00,67.933,68.026,67.916,67.961,1011
2026-06-12 22:30:00,67.96,67.998,67.932,67.986,874
2026-06-12 22:45:00,67.989,68.048,67.922,68.037,864
2026-06-15 00:00:00,69.166,69.87,68.97,69.772,3154
2026-06-15 00:15:00,69.772,70.21,69.652,69.817,1934
2026-06-15 00:30:00,69.818,70.055,69.641,69.892,2318
2026-06-15 00:45:00,69.89,70.167,69.866,69.989,2002
2026-06-15 01:00:00,69.991,70.083,69.829,69.831,1951
2026-06-15 01:15:00,69.83,69.912,69.741,69.825,1753
2026-06-15 01:30:00,69.827,69.98,69.803,69.94,1465
2026-06-15 01:45:00,69.941,70.331,69.896,70.301,2322
2026-06-15 02:00:00,70.3,70.487,70.092,70.394,3193
2026-06-15 02:15:00,70.398,70.506,70.357,70.373,3162
2026-06-15 02:30:00,70.376,70.527,70.281,70.305,2578
2026-06-15 02:45:00,70.306,70.345,69.929,70.032,2528
2026-06-15 03:00:00,70.033,70.408,69.855,70.123,5767
2026-06-15 03:15:00,70.122,70.312,69.927,70.174,4615
2026-06-15 03:30:00,70.173,70.51,70.082,70.388,4190
2026-06-15 03:45:00,70.387,70.406,70.142,70.214,2997
2026-06-15 04:00:00,70.213,70.529,70.19,70.493,3196
2026-06-15 04:15:00,70.498,70.62,70.434,70.588,1664
2026-06-15 04:30:00,70.59,70.789,70.567,70.664,2796
2026-06-15 04:45:00,70.665,70.74,70.422,70.572,2435
2026-06-15 05:00:00,70.571,70.589,70.348,70.425,2313
2026-06-15 05:15:00,70.424,70.5,70.224,70.309,2427
2026-06-15 05:30:00,70.315,70.431,70.293,70.373,1521
2026-06-15 05:45:00,70.374,70.423,70.296,70.34,1027
2026-06-15 06:00:00,70.352,70.411,70.233,70.402,1076
2026-06-15 06:15:00,70.405,70.466,70.281,70.449,1476
2026-06-15 06:30:00,70.448,70.51,70.374,70.441,1106
2026-06-15 06:45:00,70.442,70.501,70.404,70.48,1066
2026-06-15 07:00:00,70.477,70.537,70.369,70.483,1589
2026-06-15 07:15:00,70.482,70.499,70.373,70.42,1668
2026-06-15 07:30:00,70.419,70.558,70.018,70.028,3539
2026-06-15 07:45:00,70.025,70.131,69.879,70.005,2752
2026-06-15 08:00:00,70.007,70.105,69.909,70.084,3496
2026-06-15 08:15:00,70.083,70.24,70.042,70.097,2473
2026-06-15 08:30:00,70.096,70.165,70.016,70.143,2638
2026-06-15 08:45:00,70.142,70.18,70.064,70.101,2521
2026-06-15 09:00:00,70.108,70.141,69.968,70.117,2719
2026-06-15 09:15:00,70.114,70.355,70.074,70.247,2097
2026-06-15 09:30:00,70.248,70.353,70.103,70.324,2160
2026-06-15 09:45:00,70.327,70.394,70.142,70.238,2356
2026-06-15 10:00:00,70.215,70.414,70.195,70.33,2578
2026-06-15 10:15:00,70.332,70.458,70.316,70.363,2469
2026-06-15 10:30:00,70.366,70.701,70.342,70.541,2425
2026-06-15 10:45:00,70.544,70.634,70.461,70.483,1911
2026-06-15 11:00:00,70.482,70.703,70.481,70.679,2039
2026-06-15 11:15:00,70.676,70.78,70.607,70.669,2086
2026-06-15 11:30:00,70.671,70.74,70.618,70.632,1761
2026-06-15 11:45:00,70.633,70.788,70.626,70.701,1585
2026-06-15 12:00:00,70.702,70.711,70.621,70.666,1512
2026-06-15 12:15:00,70.669,70.743,70.632,70.729,1372
2026-06-15 12:30:00,70.728,70.813,70.7,70.777,1418
2026-06-15 12:45:00,70.778,70.842,70.661,70.689,1499
2026-06-15 13:00:00,70.697,70.746,70.619,70.687,1763
2026-06-15 13:15:00,70.688,70.746,70.622,70.716,1656
2026-06-15 13:30:00,70.718,71.018,70.718,70.76,2399
2026-06-15 13:45:00,70.756,70.842,70.616,70.755,2534
2026-06-15 14:00:00,70.756,70.957,70.73,70.795,2415
2026-06-15 14:15:00,70.794,70.839,70.612,70.806,3271
2026-06-15 14:30:00,70.808,71.186,70.733,70.983,2903
2026-06-15 14:45:00,70.984,71.195,70.912,71.17,2678
2026-06-15 15:00:00,71.171,71.171,70.737,70.994,3764
2026-06-15 15:15:00,70.993,71.26,70.993,71.098,3575
2026-06-15 15:30:00,71.097,71.303,70.9,71.009,6154
2026-06-15 15:45:00,71.012,71.215,70.891,71.043,4632
2026-06-15 16:00:00,71.037,71.268,70.774,70.83,4856
2026-06-15 16:15:00,70.822,71.128,70.793,71.096,3933
2026-06-15 16:30:00,71.101,71.135,70.745,70.762,3992
2026-06-15 16:45:00,70.761,70.925,70.649,70.7,4112
2026-06-15 17:00:00,70.699,70.773,70.379,70.469,3750
2026-06-15 17:15:00,70.47,70.721,70.438,70.629,3170
2026-06-15 17:30:00,70.627,70.836,70.518,70.745,3621
2026-06-15 17:45:00,70.744,70.829,70.643,70.654,2874
2026-06-15 18:00:00,70.651,70.712,70.457,70.522,2704
2026-06-15 18:15:00,70.521,70.568,70.176,70.314,2759
2026-06-15 18:30:00,70.313,70.364,70.151,70.229,2717
2026-06-15 18:45:00,70.23,70.356,70.229,70.307,2128
2026-06-15 19:00:00,70.305,70.305,70.068,70.159,2885
2026-06-15 19:15:00,70.161,70.199,70.011,70.121,2679
2026-06-15 19:30:00,70.119,70.145,69.954,69.989,2837
2026-06-15 19:45:00,69.988,70.123,69.952,70.112,2287
2026-06-15 20:00:00,70.113,70.137,69.916,70.129,2375
2026-06-15 20:15:00,70.13,70.247,70.073,70.112,2161
2026-06-15 20:30:00,70.11,70.143,70.037,70.099,1770
2026-06-15 20:45:00,70.098,70.203,70.082,70.185,1418
2026-06-15 21:00:00,70.184,70.2,69.959,70.053,1993
2026-06-15 21:15:00,70.056,70.142,70.033,70.043,1580
2026-06-15 21:30:00,70.042,70.111,70.007,70.061,2142
2026-06-15 21:45:00,70.062,70.198,70.011,70.178,2292
2026-06-15 22:00:00,70.177,70.215,70.031,70.045,1301
2026-06-15 22:15:00,70.046,70.074,69.907,69.942,1081
2026-06-15 22:30:00,69.94,70.004,69.89,69.96,986
2026-06-15 22:45:00,69.957,69.984,69.907,69.955,728
2026-06-16 00:00:00,70.017,70.06,69.918,69.939,810
2026-06-16 00:15:00,69.944,69.963,69.797,69.859,895
2026-06-16 00:30:00,69.859,69.947,69.833,69.877,549
2026-06-16 00:45:00,69.877,70.004,69.845,69.908,749
2026-06-16 01:00:00,69.906,69.974,69.902,69.91,852
2026-06-16 01:15:00,69.908,69.967,69.814,69.949,840
2026-06-16 01:30:00,69.947,69.994,69.837,69.935,906
2026-06-16 01:45:00,69.936,69.981,69.836,69.903,998
2026-06-16 02:00:00,69.902,69.952,69.801,69.832,1624
2026-06-16 02:15:00,69.831,69.89,69.645,69.703,1691
2026-06-16 02:30:00,69.705,69.874,69.693,69.738,1986
2026-06-16 02:45:00,69.735,69.936,69.708,69.835,1935
2026-06-16 03:00:00,69.834,69.965,69.376,69.608,4698
2026-06-16 03:15:00,69.606,69.778,69.515,69.559,3730
2026-06-16 03:30:00,69.558,69.595,69.305,69.401,3173
2026-06-16 03:45:00,69.398,69.566,69.257,69.331,2536
2026-06-16 04:00:00,69.335,69.378,69.048,69.169,2430
2026-06-16 04:15:00,69.177,69.29,69.147,69.275,1230
2026-06-16 04:30:00,69.279,69.477,69.243,69.368,2349
2026-06-16 04:45:00,69.369,69.591,69.335,69.506,2122
2026-06-16 05:00:00,69.503,69.658,69.492,69.529,1652
2026-06-16 05:15:00,69.53,69.674,69.438,69.656,1717
2026-06-16 05:30:00,69.654,69.879,69.651,69.876,1632
2026-06-16 05:45:00,69.875,69.887,69.788,69.826,1415
2026-06-16 06:00:00,69.825,69.869,69.712,69.792,1047
2026-06-16 06:15:00,69.797,69.822,69.693,69.714,1070
2026-06-16 06:30:00,69.713,69.799,69.693,69.735,1422
2026-06-16 06:45:00,69.736,69.76,69.654,69.71,1281
2026-06-16 07:00:00,69.712,69.905,69.693,69.85,1426
2026-06-16 07:15:00,69.847,69.891,69.725,69.785,1377
2026-06-16 07:30:00,69.783,69.941,69.276,69.352,3523
2026-06-16 07:45:00,69.353,69.471,69.237,69.306,3503
2026-06-16 08:00:00,69.3,69.502,69.254,69.485,2772
2026-06-16 08:15:00,69.486,69.565,69.444,69.503,3036
2026-06-16 08:30:00,69.504,69.57,69.354,69.448,3674
2026-06-16 08:45:00,69.447,69.743,69.437,69.715,2940
2026-06-16 09:00:00,69.721,69.937,69.685,69.859,2160
2026-06-16 09:15:00,69.858,69.927,69.776,69.808,1622
2026-06-16 09:30:00,69.809,69.997,69.736,69.798,2200
2026-06-16 09:45:00,69.8,70.121,69.765,70.11,1916
2026-06-16 10:00:00,70.108,70.308,69.98,70.212,2322
2026-06-16 10:15:00,70.213,70.371,70.203,70.338,2275
2026-06-16 10:30:00,70.337,70.401,70.26,70.387,2553
2026-06-16 10:45:00,70.386,70.573,70.317,70.554,1970
2026-06-16 11:00:00,70.555,70.651,70.488,70.602,1931
2026-06-16 11:15:00,70.604,70.616,70.435,70.458,2033
2026-06-16 11:30:00,70.461,70.588,70.433,70.445,1967
2026-06-16 11:45:00,70.447,70.55,70.419,70.426,1650
2026-06-16 12:00:00,70.428,70.486,70.398,70.473,1341
2026-06-16 12:15:00,70.472,70.589,70.398,70.416,1340
2026-06-16 12:30:00,70.417,70.483,70.372,70.429,1391
2026-06-16 12:45:00,70.43,70.53,70.413,70.516,1385
2026-06-16 13:00:00,70.511,70.542,70.311,70.396,2130
2026-06-16 13:15:00,70.394,70.424,70.276,70.328,1698
2026-06-16 13:30:00,70.329,70.366,70.224,70.365,2354
2026-06-16 13:45:00,70.364,70.534,70.329,70.531,1950
2026-06-16 14:00:00,70.529,70.688,70.472,70.64,2725
2026-06-16 14:15:00,70.638,70.693,70.351,70.563,2866
2026-06-16 14:30:00,70.564,70.911,70.538,70.881,3015
2026-06-16 14:45:00,70.882,71.164,70.84,71.131,3064
2026-06-16 15:00:00,71.133,71.184,70.439,70.536,4406
2026-06-16 15:15:00,70.554,70.585,70.339,70.407,4020
2026-06-16 15:30:00,70.406,70.569,70.396,70.474,5044
2026-06-16 15:45:00,70.473,70.511,70.127,70.166,4745
2026-06-16 16:00:00,70.168,70.394,70.168,70.244,4121
2026-06-16 16:15:00,70.243,70.253,69.5,69.58,5265
2026-06-16 16:30:00,69.581,69.975,69.392,69.838,5164
2026-06-16 16:45:00,69.837,69.878,69.678,69.765,5165
2026-06-16 17:00:00,69.764,69.834,69.634,69.771,4591
2026-06-16 17:15:00,69.77,69.884,69.723,69.851,3565
2026-06-16 17:30:00,69.85,70.009,69.809,69.876,4159
2026-06-16 17:45:00,69.871,70.286,69.599,70.044,4418
2026-06-16 18:00:00,70.043,70.3,70.033,70.274,3615
2026-06-16 18:15:00,70.277,70.325,70.186,70.309,3568
2026-06-16 18:30:00,70.308,70.319,70.12,70.25,3588
2026-06-16 18:45:00,70.249,70.302,70.064,70.085,2753
2026-06-16 19:00:00,70.083,70.141,69.974,69.989,2695
2026-06-16 19:15:00,69.988,70.006,69.737,69.987,3551
2026-06-16 19:30:00,69.99,70.17,69.964,70.127,2720
2026-06-16 19:45:00,70.13,70.226,69.997,70.214,2112
2026-06-16 20:00:00,70.215,70.388,70.184,70.369,2354
2026-06-16 20:15:00,70.368,70.422,70.258,70.353,2676
2026-06-16 20:30:00,70.351,70.405,70.217,70.231,2229
2026-06-16 20:45:00,70.233,70.304,70.174,70.285,1946
2026-06-16 21:00:00,70.286,70.384,70.236,70.244,2471
2026-06-16 21:15:00,70.245,70.336,70.146,70.281,2596
2026-06-16 21:30:00,70.284,70.307,70.166,70.22,2761
2026-06-16 21:45:00,70.219,70.247,70.006,70.092,2504
2026-06-16 22:00:00,70.085,70.085,69.966,69.983,1372
2026-06-16 22:15:00,69.982,70.074,69.964,70.037,830
2026-06-16 22:30:00,70.036,70.098,69.99,70.04,673
2026-06-16 22:45:00,70.039,70.047,69.962,70.009,833
2026-06-17 00:00:00,70.051,70.105,69.924,70.039,537
2026-06-17 00:15:00,70.039,70.069,69.932,69.974,551
2026-06-17 00:30:00,69.977,70.111,69.956,70.058,645
2026-06-17 00:45:00,70.057,70.123,70.052,70.118,604
2026-06-17 01:00:00,70.111,70.174,70.096,70.141,582
2026-06-17 01:15:00,70.14,70.158,70.066,70.066,308
2026-06-17 01:30:00,70.068,70.088,69.978,70.013,450
2026-06-17 01:45:00,70.011,70.031,69.793,69.885,864
2026-06-17 02:00:00,69.883,70.284,69.865,70.158,2316
2026-06-17 02:15:00,70.166,70.304,70.116,70.15,1919
2026-06-17 02:30:00,70.149,70.198,70.066,70.082,1505
2026-06-17 02:45:00,70.084,70.188,69.924,70.182,1770
2026-06-17 03:00:00,70.163,70.501,70.016,70.348,4047
2026-06-17 03:15:00,70.351,70.405,70.119,70.259,2868
2026-06-17 03:30:00,70.255,70.297,70.068,70.242,2546
2026-06-17 03:45:00,70.243,70.507,70.163,70.445,2164
2026-06-17 04:00:00,70.446,70.504,70.297,70.426,2049
2026-06-17 04:15:00,70.427,70.451,70.296,70.339,1319
2026-06-17 04:30:00,70.338,70.504,70.203,70.246,2400
2026-06-17 04:45:00,70.236,70.247,70.066,70.15,2433
2026-06-17 05:00:00,70.144,70.251,70.022,70.037,1969
2026-06-17 05:15:00,70.035,70.19,69.992,70.131,2298
2026-06-17 05:30:00,70.133,70.215,70.075,70.185,1306
2026-06-17 05:45:00,70.184,70.239,70.083,70.135,1058
2026-06-17 06:00:00,70.141,70.146,70.007,70.035,1243
2026-06-17 06:15:00,70.034,70.074,69.889,69.912,1452
2026-06-17 06:30:00,69.909,70.041,69.836,69.939,1764
2026-06-17 06:45:00,69.94,70.086,69.925,70.086,980
2026-06-17 07:00:00,70.088,70.098,69.891,69.917,1474
2026-06-17 07:15:00,69.921,70.082,69.863,70.077,1591
2026-06-17 07:30:00,70.073,70.36,70.073,70.229,2613
2026-06-17 07:45:00,70.227,70.441,70.187,70.32,2461
2026-06-17 08:00:00,70.352,70.411,70.247,70.294,2745
2026-06-17 08:15:00,70.284,70.325,70.132,70.16,2627
2026-06-17 08:30:00,70.155,70.268,70.129,70.212,2676
2026-06-17 08:45:00,70.206,70.319,70.196,70.3,1885
2026-06-17 09:00:00,70.297,70.38,70.203,70.224,2098
2026-06-17 09:15:00,70.22,70.333,70.092,70.169,2089
2026-06-17 09:30:00,70.168,70.243,70.084,70.097,2058
2026-06-17 09:45:00,70.099,70.125,69.933,69.945,1870
2026-06-17 10:00:00,69.943,70.056,69.793,69.802,2261
2026-06-17 10:15:00,69.8,69.828,69.678,69.741,2529
2026-06-17 10:30:00,69.739,69.789,69.587,69.607,2130
2026-06-17 10:45:00,69.603,69.743,69.476,69.713,1905
2026-06-17 11:00:00,69.712,69.801,69.614,69.735,1896
2026-06-17 11:15:00,69.736,70.025,69.735,70.005,2075
2026-06-17 11:30:00,70.009,70.083,69.924,69.969,1880
2026-06-17 11:45:00,69.966,70.024,69.857,69.926,1754
2026-06-17 12:00:00,69.924,69.986,69.859,69.982,1612
2026-06-17 12:15:00,69.983,69.983,69.83,69.879,1557
2026-06-17 12:30:00,69.88,69.959,69.82,69.953,1502
2026-06-17 12:45:00,69.952,70.064,69.936,69.952,1862
2026-06-17 13:00:00,69.951,69.97,69.729,69.833,2215
2026-06-17 13:15:00,69.832,69.963,69.811,69.859,1545
2026-06-17 13:30:00,69.862,69.867,69.724,69.755,1950
2026-06-17 13:45:00,69.754,69.826,69.614,69.74,1960
2026-06-17 14:00:00,69.742,69.893,69.717,69.851,2599
2026-06-17 14:15:00,69.852,69.866,69.642,69.644,2321
2026-06-17 14:30:00,69.643,69.971,69.632,69.826,2458
2026-06-17 14:45:00,69.827,69.959,69.817,69.933,2119
2026-06-17 15:00:00,69.932,69.991,69.527,69.829,4134
2026-06-17 15:15:00,69.83,70.312,69.803,70.253,3235
2026-06-17 15:30:00,70.254,70.376,70.112,70.354,5437
2026-06-17 15:45:00,70.355,70.436,70.116,70.12,4937
2026-06-17 16:00:00,70.111,70.456,70.082,70.317,4845
2026-06-17 16:15:00,70.316,70.815,70.262,70.745,4765
2026-06-17 16:30:00,70.744,70.871,70.512,70.606,4751
2026-06-17 16:45:00,70.605,70.668,69.952,70.285,5348
2026-06-17 17:00:00,70.28,70.44,70.189,70.409,4066
2026-06-17 17:15:00,70.401,70.689,70.357,70.653,4098
2026-06-17 17:30:00,70.651,70.719,70.53,70.612,3062
2026-06-17 17:45:00,70.615,70.768,70.609,70.728,2639
2026-06-17 18:00:00,70.727,70.8,70.639,70.713,2135
2026-06-17 18:15:00,70.716,70.78,70.623,70.732,1870
2026-06-17 18:30:00,70.731,70.741,70.441,70.582,2081
2026-06-17 18:45:00,70.581,70.592,70.499,70.584,1828
2026-06-17 19:00:00,70.586,70.699,70.534,70.649,2624
2026-06-17 19:15:00,70.65,70.823,70.489,70.777,2906
2026-06-17 19:30:00,70.776,71.523,70.761,71.384,4116
2026-06-17 19:45:00,71.396,71.537,71.231,71.284,3325
2026-06-17 20:00:00,71.277,71.277,68.651,68.732,8370
2026-06-17 20:15:00,68.731,69.479,68.7,69.133,7530
2026-06-17 20:30:00,69.127,70.063,68.696,69.963,8526
2026-06-17 20:45:00,69.964,70.263,68.844,69.129,7289
2026-06-17 21:00:00,69.13,69.312,68.251,68.556,8209
2026-06-17 21:15:00,68.551,68.566,67.541,67.555,7135
2026-06-17 21:30:00,67.554,67.556,66.779,66.908,7387
2026-06-17 21:45:00,66.912,67.37,66.904,67.024,6714
2026-06-17 22:00:00,67.026,67.771,67.006,67.726,3773
2026-06-17 22:15:00,67.725,68.021,67.619,67.756,3149
2026-06-17 22:30:00,67.757,68.136,67.754,68.019,1823
2026-06-17 22:45:00,68.02,68.068,67.805,67.92,1095
2026-06-18 00:00:00,67.899,68.102,67.831,67.909,2029
2026-06-18 00:15:00,67.931,68.026,67.896,67.956,1349
2026-06-18 00:30:00,67.956,68.021,67.868,67.9,1309
2026-06-18 00:45:00,67.901,68.065,67.857,67.964,1374
2026-06-18 01:00:00,67.963,68.381,67.912,68.328,1334
2026-06-18 01:15:00,68.332,68.345,68.136,68.277,1896
2026-06-18 01:30:00,68.277,68.348,68.101,68.29,1859
2026-06-18 01:45:00,68.29,68.39,68.233,68.384,1822
2026-06-18 02:00:00,68.395,68.893,68.362,68.705,3458
2026-06-18 02:15:00,68.706,68.939,68.637,68.932,3151
2026-06-18 02:30:00,68.928,69.351,68.911,69.331,2714
2026-06-18 02:45:00,69.329,69.358,69.086,69.092,3036
2026-06-18 03:00:00,69.091,69.838,69.022,69.672,5027
2026-06-18 03:15:00,69.67,69.687,69.389,69.496,3580
2026-06-18 03:30:00,69.494,69.527,69.306,69.407,3773
2026-06-18 03:45:00,69.405,69.534,69.285,69.341,3523
2026-06-18 04:00:00,69.343,69.668,69.306,69.596,3322
2026-06-18 04:15:00,69.595,69.663,69.442,69.657,1688
2026-06-18 04:30:00,69.655,69.711,69.137,69.196,3490
2026-06-18 04:45:00,69.199,69.281,68.84,68.849,3410
2026-06-18 05:00:00,68.848,68.959,68.732,68.827,3636
2026-06-18 05:15:00,68.828,69.01,68.785,68.925,2527
2026-06-18 05:30:00,68.926,69.201,68.923,69.151,1902
2026-06-18 05:45:00,69.146,69.261,69.115,69.24,1282
2026-06-18 06:00:00,69.242,69.316,69.086,69.198,1531
2026-06-18 06:15:00,69.2,69.248,69.022,69.117,1482
2026-06-18 06:30:00,69.116,69.222,68.812,68.85,1744
2026-06-18 06:45:00,68.849,69.062,68.784,68.997,1509
2026-06-18 07:00:00,68.998,69.096,68.895,69.011,1554
2026-06-18 07:15:00,69.007,69.222,69.006,69.22,1668
2026-06-18 07:30:00,69.219,69.276,68.802,68.863,3305
2026-06-18 07:45:00,68.867,68.884,68.471,68.821,4065
2026-06-18 08:00:00,68.829,68.978,68.55,68.735,4077
2026-06-18 08:15:00,68.734,68.824,68.647,68.795,3464
2026-06-18 08:30:00,68.794,68.857,68.616,68.697,3402
2026-06-18 08:45:00,68.696,68.884,68.681,68.872,3005
2026-06-18 09:00:00,68.864,68.973,68.71,68.91,2850
2026-06-18 09:15:00,68.905,69.005,68.881,68.91,2021
2026-06-18 09:30:00,68.907,68.907,68.63,68.692,2621
2026-06-18 09:45:00,68.693,68.711,68.461,68.482,2249
2026-06-18 10:00:00,68.492,68.561,68.29,68.348,2944
2026-06-18 10:15:00,68.343,68.404,68.22,68.242,2337
2026-06-18 10:30:00,68.241,68.505,68.213,68.377,2490
2026-06-18 10:45:00,68.382,68.388,68.059,68.068,3144
2026-06-18 11:00:00,68.071,68.257,67.957,68.222,3062
2026-06-18 11:15:00,68.223,68.37,68.181,68.204,2465
2026-06-18 11:30:00,68.205,68.41,68.174,68.406,2290
2026-06-18 11:45:00,68.404,68.49,68.369,68.438,2311
2026-06-18 12:00:00,68.427,68.527,68.302,68.389,2737
2026-06-18 12:15:00,68.383,68.421,68.096,68.229,2168
2026-06-18 12:30:00,68.227,68.322,68.056,68.101,2052
2026-06-18 12:45:00,68.098,68.193,67.718,67.771,2293
2026-06-18 13:00:00,67.773,67.793,67.096,67.362,3825
2026-06-18 13:15:00,67.36,67.468,67.179,67.313,3430
2026-06-18 13:30:00,67.314,67.334,66.589,66.754,3575
2026-06-18 13:45:00,66.753,66.89,66.552,66.797,3247
2026-06-18 14:00:00,66.792,67.091,66.604,66.958,3950
2026-06-18 14:15:00,66.955,67.33,66.924,66.938,3825
2026-06-18 14:30:00,66.919,67.035,66.411,66.439,4307
2026-06-18 14:45:00,66.438,66.592,66.317,66.435,3804
2026-06-18 15:00:00,66.434,66.909,66.419,66.899,3934
2026-06-18 15:15:00,66.898,67.167,66.762,67.139,3467
2026-06-18 15:30:00,67.131,67.549,67.131,67.282,6460
2026-06-18 15:45:00,67.288,67.351,66.725,66.914,5699
2026-06-18 16:00:00,66.899,66.981,66.594,66.674,5912
2026-06-18 16:15:00,66.67,66.855,66.443,66.486,5640
2026-06-18 16:30:00,66.485,66.727,66.123,66.217,5754
2026-06-18 16:45:00,66.213,66.511,66.027,66.443,4831
2026-06-18 17:00:00,66.445,66.524,66.094,66.11,5170
2026-06-18 17:15:00,66.126,66.27,65.931,65.952,5026
2026-06-18 17:30:00,65.951,66.238,65.892,66.139,5667
2026-06-18 17:45:00,66.136,66.158,65.964,66.055,3985
2026-06-18 18:00:00,66.061,66.257,66.016,66.016,4277
2026-06-18 18:15:00,66.017,66.128,65.909,66.081,3354
2026-06-18 18:30:00,66.082,66.233,65.847,66.072,3763
2026-06-18 18:45:00,66.071,66.105,65.907,66.105,3650
2026-06-18 19:00:00,66.103,66.236,66.037,66.189,3323
2026-06-18 19:15:00,66.187,66.35,65.987,65.993,3552
2026-06-18 19:30:00,65.995,66.015,65.741,65.954,2949
2026-06-18 19:45:00,65.955,66.16,65.943,66.106,2219
2026-06-18 20:00:00,66.108,66.169,66.01,66.035,2467
2026-06-18 20:15:00,66.034,66.134,65.957,66.044,3105
2026-06-18 20:30:00,66.041,66.041,65.803,65.966,2740
2026-06-18 20:45:00,65.967,65.984,65.799,65.823,2495
2026-06-18 21:00:00,65.824,65.846,65.205,65.366,3536
2026-06-18 21:15:00,65.367,65.405,65.161,65.173,3962
2026-06-18 21:30:00,65.172,65.648,65.051,65.639,3454
2026-06-18 21:45:00,65.638,65.859,65.586,65.769,3034
2026-06-18 22:00:00,65.766,65.878,65.727,65.855,1539
2026-06-18 22:15:00,65.856,65.947,65.763,65.911,1155
2026-06-18 22:30:00,65.91,65.917,65.735,65.737,1096
2026-06-18 22:45:00,65.735,65.741,65.659,65.669,852
2026-06-19 00:00:00,65.753,65.793,65.609,65.681,744
2026-06-19 00:15:00,65.681,65.709,65.527,65.569,948
2026-06-19 00:30:00,65.561,65.615,65.493,65.544,1077
2026-06-19 00:45:00,65.541,65.726,65.531,65.652,1187
2026-06-19 01:00:00,65.649,65.67,65.271,65.325,1489
2026-06-19 01:15:00,65.33,65.525,65.33,65.493,1320
2026-06-19 01:30:00,65.494,65.578,65.402,65.43,973
2026-06-19 01:45:00,65.432,65.432,65.217,65.254,1458
2026-06-19 02:00:00,65.256,65.485,65.069,65.146,3661
2026-06-19 02:15:00,65.147,65.198,65.028,65.148,2775
2026-06-19 02:30:00,65.15,65.344,65.125,65.303,2053
2026-06-19 02:45:00,65.304,65.384,65.246,65.301,1817
2026-06-19 03:00:00,65.315,65.382,65.013,65.11,2472
2026-06-19 03:15:00,65.109,65.304,65.033,65.274,1769
2026-06-19 03:30:00,65.275,65.279,65.031,65.069,1625
2026-06-19 03:45:00,65.073,65.127,64.93,64.983,1528
2026-06-19 04:00:00,64.982,65.024,64.614,64.699,2478
2026-06-19 04:15:00,64.71,64.713,64.454,64.667,2220
2026-06-19 04:30:00,64.668,64.766,64.523,64.712,1623
2026-06-19 04:45:00,64.708,64.729,64.422,64.535,1610
2026-06-19 05:00:00,64.538,64.574,64.336,64.404,1986
2026-06-19 05:15:00,64.406,64.487,64.241,64.395,2366
2026-06-19 05:30:00,64.403,64.412,64.161,64.235,2825
2026-06-19 05:45:00,64.238,64.269,63.988,64.071,2187
2026-06-19 06:00:00,64.081,64.136,63.794,63.934,3563
2026-06-19 06:15:00,63.932,64.157,63.831,64.06,2662
2026-06-19 06:30:00,64.062,64.075,63.681,63.781,2609
2026-06-19 06:45:00,63.778,63.827,63.446,63.473,2875
2026-06-19 07:00:00,63.491,63.565,63.284,63.416,3502
2026-06-19 07:15:00,63.417,63.487,63.266,63.43,2744
2026-06-19 07:30:00,63.432,63.623,63.424,63.617,2774
2026-06-19 07:45:00,63.614,63.911,63.612,63.898,2375
2026-06-19 08:00:00,63.9,64.099,63.738,64.055,2557
2026-06-19 08:15:00,64.054,64.12,63.904,64.05,2678
2026-06-19 08:30:00,64.055,64.16,63.937,64.081,2799
2026-06-19 08:45:00,64.08,64.432,64.065,64.374,2340
2026-06-19 09:00:00,64.369,64.958,64.369,64.851,2907
2026-06-19 09:15:00,64.853,64.893,64.636,64.723,2908
2026-06-19 09:30:00,64.725,64.771,64.653,64.677,2677
2026-06-19 09:45:00,64.679,64.934,64.59,64.801,2185
2026-06-19 10:00:00,64.8,65.003,64.706,64.93,3074
2026-06-19 10:15:00,64.927,65.323,64.924,65.29,3022
2026-06-19 10:30:00,65.304,65.358,65.177,65.225,2902
2026-06-19 10:45:00,65.224,65.247,65.083,65.198,2229
2026-06-19 11:00:00,65.199,65.255,64.926,64.946,2151
2026-06-19 11:15:00,64.943,65.132,64.939,65.009,1988
2026-06-19 11:30:00,65.01,65.181,65.01,65.091,1983
2026-06-19 11:45:00,65.092,65.214,65.046,65.08,2041
2026-06-19 12:00:00,65.082,65.118,64.926,64.992,2445
2026-06-19 12:15:00,64.991,65.073,64.88,64.947,2452
2026-06-19 12:30:00,64.948,64.991,64.794,64.823,2361
2026-06-19 12:45:00,64.822,64.952,64.768,64.824,2218
2026-06-19 13:00:00,64.821,64.826,64.508,64.571,2919
2026-06-19 13:15:00,64.573,64.603,64.364,64.383,2295
2026-06-19 13:30:00,64.384,64.679,64.331,64.667,2140
2026-06-19 13:45:00,64.669,64.808,64.567,64.747,2172
2026-06-19 14:00:00,64.748,64.895,64.694,64.815,2255
2026-06-19 14:15:00,64.82,64.842,64.648,64.654,2350
2026-06-19 14:30:00,64.657,64.774,64.535,64.734,2792
2026-06-19 14:45:00,64.73,65.355,64.581,65.328,4493
2026-06-19 15:00:00,65.33,65.366,65.002,65.002,4713
2026-06-19 15:15:00,65.01,65.078,64.92,64.952,3326
2026-06-19 15:30:00,64.948,65.058,64.825,64.838,3486
2026-06-19 15:45:00,64.836,64.878,64.669,64.689,2776
2026-06-19 16:00:00,64.687,64.72,64.462,64.52,2776
2026-06-19 16:15:00,64.521,64.594,64.392,64.471,2153
2026-06-19 16:30:00,64.468,64.531,64.173,64.248,2232
2026-06-19 16:45:00,64.249,64.57,64.176,64.534,2472
2026-06-19 17:00:00,64.533,64.646,64.469,64.568,2772
2026-06-19 17:15:00,64.57,64.686,64.521,64.597,2203
2026-06-19 17:30:00,64.601,64.677,64.445,64.467,2405
2026-06-19 17:45:00,64.468,64.588,64.467,64.514,2028
2026-06-19 18:00:00,64.516,64.524,64.329,64.348,1788
2026-06-19 18:15:00,64.349,64.473,64.322,64.421,1241
2026-06-19 18:30:00,64.422,64.669,64.414,64.575,1525
2026-06-19 18:45:00,64.577,64.896,64.575,64.813,2429
2026-06-19 19:00:00,64.818,64.84,64.817,64.825,18
2026-06-22 00:00:00,64.263,64.592,64.249,64.357,1862
2026-06-22 00:15:00,64.364,64.651,64.266,64.53,1060
2026-06-22 00:30:00,64.53,64.629,64.464,64.589,948
2026-06-22 00:45:00,64.592,64.836,64.56,64.771,805
2026-06-22 01:00:00,64.768,65.035,64.735,64.881,1603
2026-06-22 01:15:00,64.876,64.882,64.714,64.792,1685
2026-06-22 01:30:00,64.798,64.798,64.363,64.513,2171
2026-06-22 01:45:00,64.511,64.533,64.216,64.369,2615
2026-06-22 02:00:00,64.377,64.983,64.372,64.924,4234
2026-06-22 02:15:00,64.928,65.176,64.896,65.13,2960
2026-06-22 02:30:00,65.142,65.489,65.106,65.485,2563
2026-06-22 02:45:00,65.491,66.305,65.484,66.294,2933
2026-06-22 03:00:00,66.305,67.136,66.287,66.795,6370
2026-06-22 03:15:00,66.794,66.889,66.273,66.497,5007
2026-06-22 03:30:00,66.5,66.504,65.849,66.074,4039
2026-06-22 03:45:00,66.081,66.126,65.781,65.855,3379
2026-06-22 04:00:00,65.858,66.138,65.77,65.862,3607
2026-06-22 04:15:00,65.863,65.965,65.787,65.847,2056
2026-06-22 04:30:00,65.844,66.178,65.771,65.848,4026
2026-06-22 04:45:00,65.846,65.846,65.518,65.67,2937
2026-06-22 05:00:00,65.669,65.738,65.452,65.522,2941
2026-06-22 05:15:00,65.524,65.757,65.471,65.702,2589
2026-06-22 05:30:00,65.705,65.708,65.482,65.536,1301
2026-06-22 05:45:00,65.537,65.597,65.416,65.474,1510
2026-06-22 06:00:00,65.493,65.694,65.45,65.525,1718
2026-06-22 06:15:00,65.526,65.594,65.437,65.473,1598
2026-06-22 06:30:00,65.474,65.587,65.457,65.533,1419
2026-06-22 06:45:00,65.535,65.654,65.446,65.503,1088
2026-06-22 07:00:00,65.501,65.65,65.444,65.613,1698
2026-06-22 07:15:00,65.612,65.861,65.547,65.849,1881
2026-06-22 07:30:00,65.848,66.556,65.847,66.345,3850
2026-06-22 07:45:00,66.343,66.546,66.253,66.376,2874
2026-06-22 08:00:00,66.377,66.588,66.323,66.485,3307
2026-06-22 08:15:00,66.483,66.693,66.451,66.504,3291
2026-06-22 08:30:00,66.502,66.629,66.422,66.627,2496
2026-06-22 08:45:00,66.628,66.798,66.579,66.595,2844
2026-06-22 09:00:00,66.601,66.612,66.47,66.557,2381
2026-06-22 09:15:00,66.556,66.694,66.518,66.553,1651
2026-06-22 09:30:00,66.555,66.57,66.318,66.352,1809
2026-06-22 09:45:00,66.353,66.367,66.155,66.186,1593
2026-06-22 10:00:00,66.183,66.242,65.927,65.949,2288
2026-06-22 10:15:00,65.95,66.02,65.723,65.856,2554
2026-06-22 10:30:00,65.86,65.986,65.769,65.983,1977
2026-06-22 10:45:00,65.982,66.177,65.951,66.165,1732
2026-06-22 11:00:00,66.163,66.399,66.093,66.312,2329
2026-06-22 11:15:00,66.314,66.396,66.278,66.359,1964
2026-06-22 11:30:00,66.361,66.537,66.294,66.371,2334
2026-06-22 11:45:00,66.373,66.453,66.33,66.358,1692
2026-06-22 12:00:00,66.359,66.58,66.348,66.505,2040
2026-06-22 12:15:00,66.499,66.522,66.42,66.44,1832
2026-06-22 12:30:00,66.439,66.439,66.352,66.369,1496
2026-06-22 12:45:00,66.371,66.483,66.317,66.351,1608
2026-06-22 13:00:00,66.356,66.72,66.3,66.511,3320
2026-06-22 13:15:00,66.509,66.51,66.35,66.355,1928
2026-06-22 13:30:00,66.35,66.407,66.229,66.294,1864
2026-06-22 13:45:00,66.293,66.451,66.185,66.448,1923
2026-06-22 14:00:00,66.446,66.563,66.292,66.295,2651
2026-06-22 14:15:00,66.294,66.538,66.254,66.412,2444
2026-06-22 14:30:00,66.41,66.427,66.216,66.307,2615
2026-06-22 14:45:00,66.313,66.352,66.148,66.203,2323
2026-06-22 15:00:00,66.202,66.823,66.164,66.823,4389
2026-06-22 15:15:00,66.821,66.866,66.386,66.435,3763
2026-06-22 15:30:00,66.434,66.681,66.308,66.452,5946
2026-06-22 15:45:00,66.45,66.669,66.359,66.509,5903
2026-06-22 16:00:00,66.508,66.706,66.164,66.41,5476
2026-06-22 16:15:00,66.408,66.422,65.951,65.959,5400
2026-06-22 16:30:00,65.953,66.013,65.817,65.89,5848
2026-06-22 16:45:00,65.885,66.178,65.86,66.031,5700
2026-06-22 17:00:00,66.04,66.113,65.973,66.027,4527
2026-06-22 17:15:00,66.028,66.053,65.725,65.764,4974
2026-06-22 17:30:00,65.766,65.84,65.479,65.567,4538
2026-06-22 17:45:00,65.572,65.573,65.108,65.443,4450
2026-06-22 18:00:00,65.442,65.492,65.217,65.294,3887
2026-06-22 18:15:00,65.29,65.495,65.263,65.443,3765
2026-06-22 18:30:00,65.44,65.526,65.338,65.397,2603
2026-06-22 18:45:00,65.396,65.702,65.337,65.596,2681
2026-06-22 19:00:00,65.602,65.616,65.436,65.467,3374
2026-06-22 19:15:00,65.464,65.565,65.297,65.325,2975
2026-06-22 19:30:00,65.328,65.358,64.961,65.148,3075
2026-06-22 19:45:00,65.149,65.293,65.069,65.251,2224
2026-06-22 20:00:00,65.253,65.433,65.243,65.312,2202
2026-06-22 20:15:00,65.313,65.429,65.289,65.37,2727
2026-06-22 20:30:00,65.368,65.412,65.275,65.396,2051
2026-06-22 20:45:00,65.397,65.471,65.367,65.419,2176
2026-06-22 21:00:00,65.426,65.467,65.347,65.376,2418
2026-06-22 21:15:00,65.377,65.412,65.182,65.189,2216
2026-06-22 21:30:00,65.19,65.191,64.975,64.996,2210
2026-06-22 21:45:00,64.997,65.171,64.977,65.138,2318
2026-06-22 22:00:00,65.137,65.206,65.108,65.182,962
2026-06-22 22:15:00,65.184,65.201,65.129,65.152,474
2026-06-22 22:30:00,65.153,65.185,65.118,65.131,529
2026-06-22 22:45:00,65.132,65.144,65.063,65.092,457
2026-06-23 00:00:00,65.07,65.173,64.985,65.072,604
2026-06-23 00:15:00,65.075,65.108,65.033,65.061,386
2026-06-23 00:30:00,65.059,65.096,64.869,64.876,932
2026-06-23 00:45:00,64.867,65.018,64.86,65.0,522
2026-06-23 01:00:00,65.003,65.108,64.978,65.005,539
2026-06-23 01:15:00,65.006,65.031,64.973,64.996,361
2026-06-23 01:30:00,64.995,65.108,64.986,65.09,424
2026-06-23 01:45:00,65.091,65.091,64.847,64.888,873
2026-06-23 02:00:00,64.887,64.984,64.569,64.58,1647
2026-06-23 02:15:00,64.591,64.702,64.341,64.599,2117
2026-06-23 02:30:00,64.601,64.96,64.547,64.942,2334
2026-06-23 02:45:00,64.945,65.001,64.866,64.916,2409
2026-06-23 03:00:00,64.912,65.165,64.542,64.712,4968
2026-06-23 03:15:00,64.73,64.757,64.313,64.624,4420
2026-06-23 03:30:00,64.627,64.638,63.9,63.948,5274
2026-06-23 03:45:00,63.944,64.079,63.786,64.043,4844
2026-06-23 04:00:00,64.045,64.122,63.62,63.752,3946
2026-06-23 04:15:00,63.759,64.043,63.757,63.984,2299
2026-06-23 04:30:00,63.977,64.029,63.588,63.658,3531
2026-06-23 04:45:00,63.649,63.71,63.214,63.286,3755
2026-06-23 05:00:00,63.295,63.368,63.083,63.139,4293
2026-06-23 05:15:00,63.14,63.23,62.713,62.992,3835
2026-06-23 05:30:00,62.986,63.142,62.895,63.131,2876
2026-06-23 05:45:00,63.129,63.227,63.027,63.17,2146
2026-06-23 06:00:00,63.156,63.227,62.996,63.058,1704
2026-06-23 06:15:00,63.059,63.07,62.963,63.047,1981
2026-06-23 06:30:00,63.046,63.046,62.891,62.975,2355
2026-06-23 06:45:00,62.977,63.018,62.503,62.57,2384
2026-06-23 07:00:00,62.569,62.91,62.498,62.804,3098
2026-06-23 07:15:00,62.801,62.827,62.669,62.712,2134
2026-06-23 07:30:00,62.71,63.037,62.358,62.926,5170
2026-06-23 07:45:00,62.928,62.932,62.436,62.547,4491
2026-06-23 08:00:00,62.557,62.711,62.317,62.665,4858
2026-06-23 08:15:00,62.668,62.764,62.2,62.234,3814
2026-06-23 08:30:00,62.23,62.372,62.173,62.285,4121
2026-06-23 08:45:00,62.286,62.562,62.2,62.229,4091
2026-06-23 09:00:00,62.227,62.547,62.12,62.434,3964
2026-06-23 09:15:00,62.433,62.661,62.427,62.522,2973
2026-06-23 09:30:00,62.521,62.532,61.987,62.053,3636
2026-06-23 09:45:00,62.058,62.16,61.801,61.876,3615
2026-06-23 10:00:00,61.889,62.001,61.789,61.899,4655
2026-06-23 10:15:00,61.898,62.085,61.863,61.992,3409
2026-06-23 10:30:00,61.993,62.153,61.896,62.13,3646
2026-06-23 10:45:00,62.132,62.133,61.965,62.074,2909
2026-06-23 11:00:00,62.078,62.233,62.043,62.176,2972
2026-06-23 11:15:00,62.186,62.397,62.13,62.367,2490
2026-06-23 11:30:00,62.366,62.447,62.307,62.391,2259
2026-06-23 11:45:00,62.392,62.523,62.365,62.523,1831
2026-06-23 12:00:00,62.532,62.657,62.525,62.618,2344
2026-06-23 12:15:00,62.616,62.683,62.541,62.577,1882
2026-06-23 12:30:00,62.574,62.587,62.245,62.352,2418
2026-06-23 12:45:00,62.349,62.361,62.209,62.235,2376
2026-06-23 13:00:00,62.236,62.303,62.015,62.211,2951
2026-06-23 13:15:00,62.209,62.288,62.056,62.136,2790
2026-06-23 13:30:00,62.134,62.18,61.976,62.103,2902
2026-06-23 13:45:00,62.104,62.113,61.885,62.045,2838
2026-06-23 14:00:00,62.046,62.245,61.806,61.853,2922
2026-06-23 14:15:00,61.862,61.878,61.677,61.836,3602
2026-06-23 14:30:00,61.842,62.047,61.79,61.984,3186
2026-06-23 14:45:00,61.983,62.077,61.792,61.884,3464
2026-06-23 15:00:00,61.89,62.198,61.63,62.013,5357
2026-06-23 15:15:00,62.014,62.133,61.821,62.088,4147
2026-06-23 15:30:00,62.09,62.416,61.859,62.263,6583
2026-06-23 15:45:00,62.263,62.473,62.171,62.369,5748
2026-06-23 16:00:00,62.368,62.472,62.194,62.385,5407
2026-06-23 16:15:00,62.387,62.429,61.929,62.047,5056
2026-06-23 16:30:00,62.046,62.058,61.489,61.873,5455
2026-06-23 16:45:00,61.869,62.101,61.847,62.037,5372
2026-06-23 17:00:00,62.045,62.178,61.808,61.967,4718
2026-06-23 17:15:00,61.966,61.993,61.806,61.899,3953
2026-06-23 17:30:00,61.898,62.237,61.865,62.108,4410
2026-06-23 17:45:00,62.109,62.301,62.022,62.255,3608
2026-06-23 18:00:00,62.274,62.324,62.141,62.226,2876
2026-06-23 18:15:00,62.229,62.272,62.056,62.086,2802
2026-06-23 18:30:00,62.085,62.196,62.011,62.155,2805
2026-06-23 18:45:00,62.156,62.18,61.97,62.031,2650
2026-06-23 19:00:00,62.03,62.153,61.921,62.128,3033
2026-06-23 19:15:00,62.126,62.192,61.929,61.953,3131
2026-06-23 19:30:00,61.963,62.023,61.899,61.974,2466
2026-06-23 19:45:00,61.976,62.06,61.778,61.792,2640
2026-06-23 20:00:00,61.796,61.872,61.637,61.677,2625
2026-06-23 20:15:00,61.67,61.776,61.67,61.676,2161
2026-06-23 20:30:00,61.665,61.709,61.499,61.508,2145
2026-06-23 20:45:00,61.509,61.528,61.317,61.459,2796
2026-06-23 21:00:00,61.46,61.71,61.435,61.656,3444
2026-06-23 21:15:00,61.653,61.697,61.532,61.667,2641
2026-06-23 21:30:00,61.668,61.782,61.627,61.696,2636
2026-06-23 21:45:00,61.695,61.716,61.548,61.597,2961
2026-06-23 22:00:00,61.6,61.663,61.559,61.609,1201
2026-06-23 22:15:00,61.612,61.612,61.49,61.594,957
2026-06-23 22:30:00,61.593,61.606,61.497,61.527,778
2026-06-23 22:45:00,61.526,61.549,61.432,61.524,674
2026-06-24 00:00:00,61.583,61.733,61.563,61.71,805
2026-06-24 00:15:00,61.71,61.75,61.47,61.523,1677
2026-06-24 00:30:00,61.525,61.608,61.376,61.47,1977
2026-06-24 00:45:00,61.469,61.588,61.453,61.475,1162
2026-06-24 01:00:00,61.473,61.474,61.094,61.402,1687
2026-06-24 01:15:00,61.404,61.449,61.218,61.229,1096
2026-06-24 01:30:00,61.23,61.23,60.791,60.964,2351
2026-06-24 01:45:00,60.962,61.655,60.951,61.637,2708
2026-06-24 02:00:00,61.641,61.885,61.517,61.686,4291
2026-06-24 02:15:00,61.684,61.734,61.273,61.53,3604
2026-06-24 02:30:00,61.532,61.602,61.444,61.554,2979
2026-06-24 02:45:00,61.552,61.709,61.432,61.506,3417
2026-06-24 03:00:00,61.515,61.526,60.71,61.419,6815
2026-06-24 03:15:00,61.424,62.005,61.219,61.778,4925
2026-06-24 03:30:00,61.768,61.954,61.581,61.723,4466
2026-06-24 03:45:00,61.722,61.734,61.497,61.67,4107
2026-06-24 04:00:00,61.669,61.815,61.472,61.55,3973
2026-06-24 04:15:00,61.549,61.56,61.35,61.43,2636
2026-06-24 04:30:00,61.434,61.543,61.008,61.137,3952
2026-06-24 04:45:00,61.14,61.352,61.02,61.135,2853
2026-06-24 05:00:00,61.146,61.332,61.025,61.152,3406
2026-06-24 05:15:00,61.153,61.242,60.989,61.232,3537
2026-06-24 05:30:00,61.236,61.572,61.231,61.544,2688
2026-06-24 05:45:00,61.545,61.565,61.317,61.335,1910
2026-06-24 06:00:00,61.349,61.351,60.89,60.994,2414
2026-06-24 06:15:00,60.988,61.073,60.858,60.985,2010
2026-06-24 06:30:00,60.987,61.117,60.967,61.051,1787
2026-06-24 06:45:00,61.05,61.15,61.005,61.119,1792
2026-06-24 07:00:00,61.127,61.198,60.975,61.12,2246
2026-06-24 07:15:00,61.119,61.454,61.094,61.403,2164
2026-06-24 07:30:00,61.404,61.756,61.393,61.578,3351
2026-06-24 07:45:00,61.571,61.629,61.4,61.622,2561
2026-06-24 08:00:00,61.63,62.359,61.61,62.153,3961
2026-06-24 08:15:00,62.158,62.196,61.914,62.017,3414
2026-06-24 08:30:00,62.016,62.158,61.91,61.938,2919
2026-06-24 08:45:00,61.94,62.004,61.772,61.842,2874
2026-06-24 09:00:00,61.831,61.905,61.718,61.825,2551
2026-06-24 09:15:00,61.831,61.892,61.738,61.79,1824
2026-06-24 09:30:00,61.787,61.865,61.633,61.838,2042
2026-06-24 09:45:00,61.839,61.914,61.483,61.512,1768
2026-06-24 10:00:00,61.515,61.638,61.378,61.544,2694
2026-06-24 10:15:00,61.545,61.584,61.418,61.444,2790
2026-06-24 10:30:00,61.441,61.62,61.354,61.383,2363
2026-06-24 10:45:00,61.384,61.39,61.219,61.261,2011
2026-06-24 11:00:00,61.266,61.306,61.05,61.286,2191
2026-06-24 11:15:00,61.285,61.342,61.082,61.124,1987
2026-06-24 11:30:00,61.131,61.213,61.064,61.155,1731
2026-06-24 11:45:00,61.15,61.241,61.016,61.051,1956
2026-06-24 12:00:00,61.055,61.091,60.813,60.917,2233
2026-06-24 12:15:00,60.918,60.918,60.662,60.886,2457
2026-06-24 12:30:00,60.888,61.084,60.819,60.984,2284
2026-06-24 12:45:00,60.983,60.987,60.541,60.596,2243
2026-06-24 13:00:00,60.603,60.687,60.152,60.191,2742
2026-06-24 13:15:00,60.192,60.245,59.686,59.817,3588
2026-06-24 13:30:00,59.816,60.09,59.804,59.945,3353
2026-06-24 13:45:00,59.944,60.04,59.363,59.406,4434
2026-06-24 14:00:00,59.405,59.508,59.231,59.271,4560
2026-06-24 14:15:00,59.27,59.37,58.761,58.887,4638
2026-06-24 14:30:00,58.888,59.128,58.7,58.985,4636
2026-06-24 14:45:00,58.984,59.133,58.106,58.148,5087
2026-06-24 15:00:00,58.152,58.831,57.999,58.368,7034
2026-06-24 15:15:00,58.367,58.638,58.216,58.532,5405
2026-06-24 15:30:00,58.525,59.01,58.502,58.968,6544
2026-06-24 15:45:00,58.969,59.591,58.859,59.5,6720
2026-06-24 16:00:00,59.49,59.547,58.98,59.024,6283
2026-06-24 16:15:00,59.025,59.351,58.865,59.188,5210
2026-06-24 16:30:00,59.183,59.358,58.789,58.927,4888
2026-06-24 16:45:00,58.928,59.103,58.742,58.889,4584
2026-06-24 17:00:00,58.904,58.936,58.632,58.677,5142
2026-06-24 17:15:00,58.676,59.106,58.636,59.074,4474
2026-06-24 17:30:00,59.084,59.09,58.778,58.91,3803
2026-06-24 17:45:00,58.907,59.126,58.653,58.693,3631
2026-06-24 18:00:00,58.691,58.748,58.479,58.634,4097
2026-06-24 18:15:00,58.635,58.763,58.567,58.757,3437
2026-06-24 18:30:00,58.756,58.9,58.607,58.646,3775
2026-06-24 18:45:00,58.648,58.653,58.529,58.572,2885
2026-06-24 19:00:00,58.573,58.635,58.385,58.449,3491
2026-06-24 19:15:00,58.448,58.479,57.676,57.706,5473
2026-06-24 19:30:00,57.707,57.815,57.373,57.487,5421
2026-06-24 19:45:00,57.485,57.518,56.528,56.54,5672
2026-06-24 20:00:00,56.544,56.823,55.593,56.717,6782
2026-06-24 20:15:00,56.716,57.145,56.645,57.055,4921
2026-06-24 20:30:00,57.057,57.186,56.762,56.831,3336
2026-06-24 20:45:00,56.828,56.828,56.528,56.689,3449
2026-06-24 21:00:00,56.702,56.851,56.479,56.584,3619
2026-06-24 21:15:00,56.586,56.806,56.53,56.804,3167
2026-06-24 21:30:00,56.803,56.91,56.582,56.68,3517
2026-06-24 21:45:00,56.684,57.237,56.662,57.202,4033
2026-06-24 22:00:00,57.204,57.674,57.089,57.396,3696
2026-06-24 22:15:00,57.395,57.587,57.274,57.567,2417
2026-06-24 22:30:00,57.566,57.603,57.291,57.45,2084
2026-06-24 22:45:00,57.451,57.485,57.359,57.46,1220
2026-06-25 00:00:00,57.633,57.686,57.489,57.528,1489
2026-06-25 00:15:00,57.529,57.598,57.453,57.583,1048
2026-06-25 00:30:00,57.59,57.785,57.56,57.662,1372
2026-06-25 00:45:00,57.663,57.666,57.455,57.482,1065
2026-06-25 01:00:00,57.485,57.509,57.301,57.437,1613
2026-06-25 01:15:00,57.438,57.58,57.431,57.476,1121
2026-06-25 01:30:00,57.477,57.84,57.475,57.811,1377
2026-06-25 01:45:00,57.806,57.877,57.628,57.691,1544
2026-06-25 02:00:00,57.704,57.828,57.5,57.546,3324
2026-06-25 02:15:00,57.548,57.65,57.386,57.438,3388
2026-06-25 02:30:00,57.44,57.479,57.201,57.322,2921
2026-06-25 02:45:00,57.329,57.581,57.048,57.229,3452
2026-06-25 03:00:00,57.221,57.789,57.077,57.188,5623
2026-06-25 03:15:00,57.194,57.538,57.101,57.212,4590
2026-06-25 03:30:00,57.21,57.328,56.73,56.923,4649
2026-06-25 03:45:00,56.921,57.154,56.692,56.84,4066
2026-06-25 04:00:00,56.839,56.991,56.329,56.451,4473
2026-06-25 04:15:00,56.452,57.064,56.452,56.966,3411
2026-06-25 04:30:00,56.968,56.994,56.569,56.638,3973
2026-06-25 04:45:00,56.639,56.939,56.6,56.879,4110
2026-06-25 05:00:00,56.873,57.047,56.498,56.632,3801
2026-06-25 05:15:00,56.633,56.936,56.561,56.9,3503
2026-06-25 05:30:00,56.899,56.899,56.648,56.758,2249
2026-06-25 05:45:00,56.755,57.456,56.751,57.443,2899
2026-06-25 06:00:00,57.451,57.532,57.292,57.306,2075
2026-06-25 06:15:00,57.303,57.412,57.183,57.357,1891
2026-06-25 06:30:00,57.358,57.458,57.266,57.458,1936
2026-06-25 06:45:00,57.459,57.567,57.427,57.543,1635
2026-06-25 07:00:00,57.544,57.632,57.447,57.555,2286
2026-06-25 07:15:00,57.557,57.569,57.238,57.473,2648
2026-06-25 07:30:00,57.471,57.482,57.04,57.051,3968
2026-06-25 07:45:00,57.048,57.343,56.964,57.099,3171
2026-06-25 08:00:00,57.097,57.25,57.017,57.125,3048
2026-06-25 08:15:00,57.126,57.192,57.023,57.11,2909
2026-06-25 08:30:00,57.109,57.144,56.685,56.822,3213
2026-06-25 08:45:00,56.818,56.948,56.761,56.781,3051
2026-06-25 09:00:00,56.783,57.231,56.612,56.964,3231
2026-06-25 09:15:00,56.967,57.147,56.897,56.984,2605
2026-06-25 09:30:00,56.987,57.141,56.536,56.609,2927
2026-06-25 09:45:00,56.608,57.273,56.526,57.26,2728
2026-06-25 10:00:00,57.257,57.5,57.254,57.314,3808
2026-06-25 10:15:00,57.313,57.643,57.281,57.466,3371
2026-06-25 10:30:00,57.467,57.677,57.458,57.596,2830
2026-06-25 10:45:00,57.595,57.597,57.373,57.412,2287
2026-06-25 11:00:00,57.414,57.561,57.413,57.5,2477
2026-06-25 11:15:00,57.502,57.629,57.389,57.584,2093
2026-06-25 11:30:00,57.585,57.649,57.333,57.346,2572
2026-06-25 11:45:00,57.347,57.552,57.346,57.446,1824
2026-06-25 12:00:00,57.445,57.498,57.276,57.325,2101
2026-06-25 12:15:00,57.32,57.455,57.303,57.453,1951
2026-06-25 12:30:00,57.45,57.501,57.356,57.395,1635
2026-06-25 12:45:00,57.388,57.395,57.208,57.293,1857
2026-06-25 13:00:00,57.298,57.408,57.156,57.166,2353
2026-06-25 13:15:00,57.165,57.17,56.94,57.055,2508
2026-06-25 13:30:00,57.056,57.229,56.941,57.176,2331
2026-06-25 13:45:00,57.175,57.355,57.103,57.124,2221
2026-06-25 14:00:00,57.125,57.324,57.071,57.146,2884
2026-06-25 14:15:00,57.145,57.306,56.962,57.036,3245
2026-06-25 14:30:00,57.002,58.016,56.719,57.899,6815
2026-06-25 14:45:00,57.902,58.366,57.818,58.165,5419
2026-06-25 15:00:00,58.173,59.0,58.098,58.688,6302
2026-06-25 15:15:00,58.687,58.7,58.124,58.264,4966
2026-06-25 15:30:00,58.26,58.407,57.521,57.536,7107
2026-06-25 15:45:00,57.538,57.616,56.958,56.99,6923
2026-06-25 16:00:00,56.989,57.736,56.989,57.659,6988
2026-06-25 16:15:00,57.662,58.102,57.54,58.04,6513
2026-06-25 16:30:00,58.027,58.11,57.736,57.932,5963
2026-06-25 16:45:00,57.933,58.019,57.707,57.904,5411
2026-06-25 17:00:00,57.906,58.07,57.584,57.621,5465
2026-06-25 17:15:00,57.623,58.501,57.571,58.279,6184
2026-06-25 17:30:00,58.272,58.448,58.185,58.412,4803
2026-06-25 17:45:00,58.41,58.803,58.33,58.751,5360
2026-06-25 18:00:00,58.753,58.802,58.549,58.591,4727
2026-06-25 18:15:00,58.592,58.776,58.592,58.612,3996
2026-06-25 18:30:00,58.613,58.613,58.275,58.284,4435
2026-06-25 18:45:00,58.287,58.382,58.155,58.267,3734
2026-06-25 19:00:00,58.268,58.388,58.246,58.271,3589
2026-06-25 19:15:00,58.269,58.492,58.227,58.374,4523
2026-06-25 19:30:00,58.375,58.441,58.207,58.225,3690
2026-06-25 19:45:00,58.226,58.317,58.045,58.295,3456
2026-06-25 20:00:00,58.3,58.331,57.954,58.083,4629
2026-06-25 20:15:00,58.082,58.463,58.068,58.454,4498
2026-06-25 20:30:00,58.453,58.453,58.049,58.087,3809
2026-06-25 20:45:00,58.085,58.226,57.972,58.171,3240
2026-06-25 21:00:00,58.172,58.219,58.049,58.136,2738
2026-06-25 21:15:00,58.137,58.226,58.04,58.065,3198
2026-06-25 21:30:00,58.064,58.096,57.938,57.988,3279
2026-06-25 21:45:00,57.987,57.989,57.663,57.865,4064
2026-06-25 22:00:00,57.873,58.053,57.847,57.885,2064
2026-06-25 22:15:00,57.884,57.966,57.87,57.933,1232
2026-06-25 22:30:00,57.932,57.932,57.815,57.852,1140
2026-06-25 22:45:00,57.851,57.852,57.763,57.836,1055
2026-06-26 00:00:00,57.776,57.872,57.561,57.598,1101
2026-06-26 00:15:00,57.599,57.679,57.571,57.643,933
2026-06-26 00:30:00,57.644,57.924,57.626,57.748,1621
2026-06-26 00:45:00,57.751,57.811,57.655,57.791,1234
2026-06-26 01:00:00,57.791,57.81,57.695,57.763,835
2026-06-26 01:15:00,57.761,58.021,57.737,57.998,1503
2026-06-26 01:30:00,57.997,58.021,57.806,57.874,1976
2026-06-26 01:45:00,57.873,57.874,57.558,57.611,1642
2026-06-26 02:00:00,57.61,57.682,57.341,57.579,3064
2026-06-26 02:15:00,57.568,57.745,57.387,57.473,2458
2026-06-26 02:30:00,57.477,57.587,57.407,57.564,2228
2026-06-26 02:45:00,57.561,57.864,57.561,57.625,2458
2026-06-26 03:00:00,57.635,58.006,57.273,57.413,4732
2026-06-26 03:15:00,57.412,57.583,57.217,57.356,3867
2026-06-26 03:30:00,57.365,57.505,57.204,57.282,3790
2026-06-26 03:45:00,57.275,57.34,56.852,57.135,4009
2026-06-26 04:00:00,57.136,57.257,56.688,56.795,4219
2026-06-26 04:15:00,56.794,56.97,56.606,56.789,2883
2026-06-26 04:30:00,56.79,56.791,56.028,56.046,4409
2026-06-26 04:45:00,56.049,56.181,55.677,55.969,4481
2026-06-26 05:00:00,55.968,56.521,55.881,56.454,3844
2026-06-26 05:15:00,56.453,56.65,56.242,56.409,3234
2026-06-26 05:30:00,56.406,56.463,56.31,56.449,2276
2026-06-26 05:45:00,56.446,56.669,56.336,56.576,2333
2026-06-26 06:00:00,56.59,56.638,56.458,56.637,2133
2026-06-26 06:15:00,56.636,56.692,56.47,56.5,2207
2026-06-26 06:30:00,56.496,56.541,56.294,56.505,2362
2026-06-26 06:45:00,56.504,56.529,56.345,56.401,1896
2026-06-26 07:00:00,56.402,56.517,56.237,56.513,2339
2026-06-26 07:15:00,56.521,56.666,56.346,56.618,2408
2026-06-26 07:30:00,56.619,56.89,56.553,56.672,3924
2026-06-26 07:45:00,56.674,56.859,56.558,56.599,3692
2026-06-26 08:00:00,56.6,56.651,56.375,56.519,3523
2026-06-26 08:15:00,56.518,57.418,56.505,57.313,4899
2026-06-26 08:30:00,57.306,57.802,57.155,57.77,4632
2026-06-26 08:45:00,57.769,58.325,57.642,58.252,4806
2026-06-26 09:00:00,58.245,58.245,57.857,57.857,2991
2026-06-26 09:15:00,57.859,58.063,57.856,57.986,2562
2026-06-26 09:30:00,57.985,58.1,57.864,57.916,2463
2026-06-26 09:45:00,57.918,57.949,57.778,57.845,2103
2026-06-26 10:00:00,57.848,57.901,57.621,57.762,2898
2026-06-26 10:15:00,57.774,57.952,57.73,57.936,2599
2026-06-26 10:30:00,57.933,57.947,57.746,57.83,2048
2026-06-26 10:45:00,57.829,57.937,57.643,57.673,2353
2026-06-26 11:00:00,57.674,57.901,57.614,57.874,2789
2026-06-26 11:15:00,57.867,58.285,57.708,58.22,2975
2026-06-26 11:30:00,58.222,58.414,58.126,58.222,2694
2026-06-26 11:45:00,58.223,58.369,58.183,58.194,2546
2026-06-26 12:00:00,58.192,58.382,58.027,58.311,2423
2026-06-26 12:15:00,58.312,58.346,58.082,58.187,2117
2026-06-26 12:30:00,58.188,58.343,58.146,58.224,2490
2026-06-26 12:45:00,58.23,58.476,58.206,58.469,2274
2026-06-26 13:00:00,58.471,58.495,58.246,58.252,2380
2026-06-26 13:15:00,58.251,58.381,58.156,58.319,2246
2026-06-26 13:30:00,58.32,58.393,58.13,58.14,2306
2026-06-26 13:45:00,58.136,58.234,58.042,58.149,2526
2026-06-26 14:00:00,58.155,58.229,58.062,58.205,2608
2026-06-26 14:15:00,58.208,58.285,58.007,58.192,3070
2026-06-26 14:30:00,58.183,58.368,58.002,58.096,3262
2026-06-26 14:45:00,58.095,58.931,58.077,58.864,3651
2026-06-26 15:00:00,58.883,59.114,58.158,58.232,5715
2026-06-26 15:15:00,58.233,58.493,57.969,58.464,5352
2026-06-26 15:30:00,58.46,58.508,57.99,58.508,6787
2026-06-26 15:45:00,58.511,58.941,58.366,58.917,5850
2026-06-26 16:00:00,58.92,59.387,58.732,59.208,5929
2026-06-26 16:15:00,59.21,59.433,59.144,59.146,5359
2026-06-26 16:30:00,59.149,59.388,59.003,59.245,4909
2026-06-26 16:45:00,59.246,59.513,59.147,59.15,5714
2026-06-26 17:00:00,59.151,59.243,58.937,58.985,4427
2026-06-26 17:15:00,58.986,59.271,58.949,59.26,4322
2026-06-26 17:30:00,59.259,59.548,59.115,59.536,4109
2026-06-26 17:45:00,59.542,59.556,59.168,59.37,4608
2026-06-26 18:00:00,59.375,59.437,59.251,59.321,3643
2026-06-26 18:15:00,59.323,59.399,59.164,59.221,3830
2026-06-26 18:30:00,59.222,59.407,59.124,59.249,3338
2026-06-26 18:45:00,59.25,59.328,59.184,59.29,2605
2026-06-26 19:00:00,59.292,59.324,59.133,59.149,3111
2026-06-26 19:15:00,59.151,59.329,59.023,59.224,3181
2026-06-26 19:30:00,59.225,59.258,59.007,59.089,2908
2026-06-26 19:45:00,59.085,59.124,58.966,58.978,2857
2026-06-26 20:00:00,58.977,59.131,58.941,59.119,2479
2026-06-26 20:15:00,59.12,59.125,58.964,59.096,2401
2026-06-26 20:30:00,59.097,59.141,58.942,59.011,1816
2026-06-26 20:45:00,59.009,59.009,58.83,58.87,1915
2026-06-26 21:00:00,58.873,58.996,58.826,58.991,2036
2026-06-26 21:15:00,58.99,59.0,58.819,58.861,2175
2026-06-26 21:30:00,58.866,59.009,58.836,59.002,2281
2026-06-26 21:45:00,59.001,59.043,58.888,58.899,2414
2026-06-26 22:00:00,58.906,58.936,58.58,58.685,2569
2026-06-26 22:15:00,58.686,58.762,58.546,58.689,1577
2026-06-26 22:30:00,58.687,58.688,58.503,58.616,1817
2026-06-26 22:45:00,58.615,59.093,58.595,59.091,1426
2026-06-29 00:00:00,58.928,59.463,58.785,59.042,2655
2026-06-29 00:15:00,59.041,59.046,58.461,58.543,2517
2026-06-29 00:30:00,58.543,58.68,58.458,58.636,1610
2026-06-29 00:45:00,58.636,58.82,58.621,58.74,1299
2026-06-29 01:00:00,58.74,58.951,58.726,58.795,1958
2026-06-29 01:15:00,58.792,58.792,58.59,58.653,1568
2026-06-29 01:30:00,58.657,58.8,58.556,58.793,1710
2026-06-29 01:45:00,58.792,58.858,58.646,58.653,1749
2026-06-29 02:00:00,58.646,58.68,58.466,58.531,4905
2026-06-29 02:15:00,58.527,58.607,58.039,58.044,3980
2026-06-29 02:30:00,58.047,58.587,58.047,58.583,3376
2026-06-29 02:45:00,58.572,58.759,58.357,58.636,3124
2026-06-29 03:00:00,58.638,58.826,58.265,58.344,5905
2026-06-29 03:15:00,58.349,58.688,58.296,58.371,5106
2026-06-29 03:30:00,58.373,58.711,58.14,58.639,5130
2026-06-29 03:45:00,58.638,58.643,58.226,58.305,5037
2026-06-29 04:00:00,58.302,58.555,58.215,58.355,4677
2026-06-29 04:15:00,58.357,58.779,58.29,58.742,3477
2026-06-29 04:30:00,58.741,58.859,58.376,58.518,4229
2026-06-29 04:45:00,58.527,58.752,58.477,58.642,3686
2026-06-29 05:00:00,58.651,58.912,58.619,58.822,3323
2026-06-29 05:15:00,58.821,59.134,58.773,58.901,3590
2026-06-29 05:30:00,58.912,58.921,58.546,58.56,2493
2026-06-29 05:45:00,58.559,58.709,58.536,58.634,1966
2026-06-29 06:00:00,58.636,58.64,58.47,58.479,1969
2026-06-29 06:15:00,58.481,58.523,58.406,58.453,1668
2026-06-29 06:30:00,58.448,58.463,58.207,58.308,2206
2026-06-29 06:45:00,58.311,58.338,58.156,58.216,1938
2026-06-29 07:00:00,58.211,58.364,58.133,58.311,2696
2026-06-29 07:15:00,58.31,58.322,58.105,58.131,2152
2026-06-29 07:30:00,58.13,58.236,57.75,58.214,4698
2026-06-29 07:45:00,58.206,58.634,58.087,58.556,4081
2026-06-29 08:00:00,58.568,58.861,58.53,58.646,4434
2026-06-29 08:15:00,58.649,58.924,58.634,58.798,3939
2026-06-29 08:30:00,58.799,58.834,58.657,58.788,3464
2026-06-29 08:45:00,58.786,58.845,58.6,58.625,3272
2026-06-29 09:00:00,58.624,58.652,58.402,58.478,2892
2026-06-29 09:15:00,58.479,58.592,58.459,58.539,2172
2026-06-29 09:30:00,58.538,58.549,58.308,58.36,2234
2026-06-29 09:45:00,58.359,58.518,58.291,58.299,2237
2026-06-29 10:00:00,58.295,58.486,58.293,58.411,2759
2026-06-29 10:15:00,58.41,58.505,58.278,58.308,2624
2026-06-29 10:30:00,58.309,58.447,58.215,58.24,2569
2026-06-29 10:45:00,58.236,58.297,57.879,57.984,2758
2026-06-29 11:00:00,57.981,58.136,57.893,58.052,2418
2026-06-29 11:15:00,58.051,58.152,58.025,58.087,2479
2026-06-29 11:30:00,58.097,58.174,57.948,57.968,2695
2026-06-29 11:45:00,57.967,57.993,57.398,57.662,3417
2026-06-29 12:00:00,57.663,57.821,57.515,57.758,3486
2026-06-29 12:15:00,57.757,57.76,57.576,57.709,2269
2026-06-29 12:30:00,57.708,57.733,57.482,57.605,2290
2026-06-29 12:45:00,57.604,57.807,57.55,57.77,2215
2026-06-29 13:00:00,57.798,57.844,57.581,57.617,2016
2026-06-29 13:15:00,57.616,57.727,57.609,57.715,2020
2026-06-29 13:30:00,57.709,57.889,57.671,57.866,2544
2026-06-29 13:45:00,57.867,58.216,57.842,58.17,2570
2026-06-29 14:00:00,58.167,58.381,58.109,58.205,3230
2026-06-29 14:15:00,58.206,58.269,57.977,58.018,2836
2026-06-29 14:30:00,58.017,58.4,57.987,58.371,2999
2026-06-29 14:45:00,58.365,58.519,58.321,58.353,2796
2026-06-29 15:00:00,58.355,58.674,58.355,58.659,4352
2026-06-29 15:15:00,58.655,58.738,58.341,58.341,3519
2026-06-29 15:30:00,58.338,58.517,58.225,58.294,5834
2026-06-29 15:45:00,58.292,58.34,58.026,58.134,5366
2026-06-29 16:00:00,58.132,58.181,57.595,57.601,6309
2026-06-29 16:15:00,57.6,58.194,57.412,58.087,6099
2026-06-29 16:30:00,58.074,58.22,57.918,57.939,4654
2026-06-29 16:45:00,57.951,58.142,57.775,57.993,4823
2026-06-29 17:00:00,58.0,58.007,57.698,57.815,4250
2026-06-29 17:15:00,57.816,58.008,57.665,57.914,4039
2026-06-29 17:30:00,57.919,58.008,57.81,57.987,3314
2026-06-29 17:45:00,57.986,58.164,57.965,58.066,3148
2026-06-29 18:00:00,58.075,58.138,58.015,58.027,2490
2026-06-29 18:15:00,58.032,58.094,57.958,58.015,2173
2026-06-29 18:30:00,58.02,58.037,57.897,57.997,2555
2026-06-29 18:45:00,57.998,58.238,57.972,58.091,2322
2026-06-29 19:00:00,58.092,58.384,58.089,58.263,2580
2026-06-29 19:15:00,58.262,58.294,58.101,58.147,2719
2026-06-29 19:30:00,58.148,58.186,58.016,58.028,2124
2026-06-29 19:45:00,58.035,58.2,58.005,58.19,1833
2026-06-29 20:00:00,58.191,58.273,58.179,58.258,1630
2026-06-29 20:15:00,58.257,58.349,58.217,58.25,1603
2026-06-29 20:30:00,58.249,58.337,58.229,58.332,1173
2026-06-29 20:45:00,58.334,58.346,58.078,58.143,1642
2026-06-29 21:00:00,58.144,58.168,57.915,57.919,1859
2026-06-29 21:15:00,57.916,58.268,57.911,58.267,1773
2026-06-29 21:30:00,58.268,58.307,58.169,58.233,1506
2026-06-29 21:45:00,58.234,58.256,58.125,58.21,2179
2026-06-29 22:00:00,58.214,58.214,58.154,58.205,946
2026-06-29 22:15:00,58.204,58.326,58.197,58.319,559
2026-06-29 22:30:00,58.32,58.321,58.199,58.229,687
2026-06-29 22:45:00,58.228,58.286,58.196,58.274,704
2026-06-30 00:00:00,58.278,58.385,58.217,58.274,859
2026-06-30 00:15:00,58.272,58.343,58.247,58.269,939
2026-06-30 00:30:00,58.27,58.27,58.191,58.194,999
2026-06-30 00:45:00,58.193,58.266,58.184,58.222,898
2026-06-30 01:00:00,58.222,58.531,58.222,58.496,999
2026-06-30 01:15:00,58.498,58.536,58.413,58.442,962
2026-06-30 01:30:00,58.437,58.546,58.413,58.473,1110
2026-06-30 01:45:00,58.474,58.516,58.405,58.405,1047
2026-06-30 02:00:00,58.407,58.407,58.096,58.258,3078
2026-06-30 02:15:00,58.257,58.312,58.045,58.074,2489
2026-06-30 02:30:00,58.08,58.087,57.539,57.561,2809
2026-06-30 02:45:00,57.559,57.709,57.233,57.495,3607
2026-06-30 03:00:00,57.5,57.506,56.589,56.826,6270
2026-06-30 03:15:00,56.827,57.746,56.615,57.705,5037
2026-06-30 03:30:00,57.707,57.731,57.258,57.389,4029
2026-06-30 03:45:00,57.391,57.527,57.272,57.397,3909
2026-06-30 04:00:00,57.406,57.669,57.126,57.32,4208
2026-06-30 04:15:00,57.322,57.412,57.145,57.257,2848
2026-06-30 04:30:00,57.251,57.306,57.042,57.106,3915
2026-06-30 04:45:00,57.104,57.521,57.082,57.337,3289
2026-06-30 05:00:00,57.343,57.582,57.331,57.47,3024
2026-06-30 05:15:00,57.464,57.715,57.385,57.438,3241
2026-06-30 05:30:00,57.437,57.446,57.161,57.172,2422
2026-06-30 05:45:00,57.171,57.303,57.127,57.25,2179
2026-06-30 06:00:00,57.256,57.473,57.238,57.358,2255
2026-06-30 06:15:00,57.349,57.52,57.325,57.502,1514
2026-06-30 06:30:00,57.5,58.009,57.488,57.806,2761
2026-06-30 06:45:00,57.804,57.833,57.643,57.659,2166
2026-06-30 07:00:00,57.66,57.707,57.39,57.459,2124
2026-06-30 07:15:00,57.457,57.471,57.236,57.302,2023
2026-06-30 07:30:00,57.3,57.546,57.073,57.372,4034
2026-06-30 07:45:00,57.37,57.472,57.221,57.255,3061
2026-06-30 08:00:00,57.266,57.619,57.265,57.61,3846
2026-06-30 08:15:00,57.611,58.914,57.477,58.826,4793
2026-06-30 08:30:00,58.825,59.595,58.758,58.967,6378
2026-06-30 08:45:00,58.955,59.188,58.92,59.011,4892
2026-06-30 09:00:00,59.017,59.031,58.711,58.809,3492
2026-06-30 09:15:00,58.808,59.117,58.796,58.93,3075
2026-06-30 09:30:00,58.934,59.025,58.823,58.897,2766
2026-06-30 09:45:00,58.898,59.03,58.79,58.985,2361
2026-06-30 10:00:00,58.984,59.141,58.626,58.718,3416
2026-06-30 10:15:00,58.719,58.731,58.584,58.711,2243
2026-06-30 10:30:00,58.716,58.766,58.384,58.48,2689
2026-06-30 10:45:00,58.482,58.539,58.366,58.457,2626
2026-06-30 11:00:00,58.45,58.621,58.425,58.552,1986
2026-06-30 11:15:00,58.551,58.684,58.51,58.54,2157
2026-06-30 11:30:00,58.541,58.66,58.419,58.659,2282
2026-06-30 11:45:00,58.674,58.811,58.648,58.81,1761
2026-06-30 12:00:00,58.811,58.919,58.722,58.837,1936
2026-06-30 12:15:00,58.838,58.909,58.731,58.907,1562
2026-06-30 12:30:00,58.909,58.991,58.82,58.948,1291
2026-06-30 12:45:00,58.95,59.068,58.876,59.011,1592
2026-06-30 13:00:00,59.01,59.044,58.749,58.962,2415
2026-06-30 13:15:00,58.966,59.072,58.896,59.03,1936
2026-06-30 13:30:00,59.027,59.162,58.923,59.109,1993
2026-06-30 13:45:00,59.111,59.129,58.884,59.026,1951
2026-06-30 14:00:00,59.027,59.048,58.841,58.923,2430
2026-06-30 14:15:00,58.924,58.931,58.313,58.338,2841
2026-06-30 14:30:00,58.339,58.57,58.288,58.481,3381
2026-06-30 14:45:00,58.48,58.528,58.222,58.332,2949
2026-06-30 15:00:00,58.316,59.135,58.314,58.969,5203
2026-06-30 15:15:00,58.97,59.359,58.864,58.968,4154
2026-06-30 15:30:00,58.969,59.183,58.783,59.058,5124
2026-06-30 15:45:00,59.054,59.311,58.943,59.221,4779
2026-06-30 16:00:00,59.201,59.986,59.024,59.798,5828
2026-06-30 16:15:00,59.793,60.309,59.705,60.063,6173
2026-06-30 16:30:00,60.062,60.425,60.037,60.228,5625
2026-06-30 16:45:00,60.237,60.242,59.776,59.834,4703
2026-06-30 17:00:00,59.835,59.983,59.661,59.842,3813
2026-06-30 17:15:00,59.836,59.853,59.513,59.73,4027
2026-06-30 17:30:00,59.735,59.796,59.519,59.626,3070
2026-06-30 17:45:00,59.629,59.768,59.523,59.556,2869
2026-06-30 18:00:00,59.555,59.675,59.517,59.655,2791
2026-06-30 18:15:00,59.656,59.803,59.653,59.713,2445
2026-06-30 18:30:00,59.712,59.753,59.626,59.723,2364
2026-06-30 18:45:00,59.722,59.801,59.408,59.432,2446
2026-06-30 19:00:00,59.431,59.51,59.329,59.476,2882
2026-06-30 19:15:00,59.475,59.566,59.367,59.485,2845
2026-06-30 19:30:00,59.486,59.531,59.399,59.505,1927
2026-06-30 19:45:00,59.503,59.676,59.483,59.609,1970
2026-06-30 20:00:00,59.608,59.714,59.586,59.65,1777
2026-06-30 20:15:00,59.652,59.68,59.576,59.623,1537
2026-06-30 20:30:00,59.625,59.716,59.544,59.716,1417
2026-06-30 20:45:00,59.715,59.851,59.702,59.732,1565
2026-06-30 21:00:00,59.731,59.754,59.598,59.62,1645
2026-06-30 21:15:00,59.619,59.662,59.43,59.46,1590
2026-06-30 21:30:00,59.461,59.497,59.335,59.361,1767
2026-06-30 21:45:00,59.362,59.383,59.097,59.135,2330
2026-06-30 22:00:00,59.132,59.256,59.042,59.221,1282
2026-06-30 22:15:00,59.222,59.239,58.858,58.864,1273
2026-06-30 22:30:00,58.865,58.871,58.714,58.736,915
2026-06-30 22:45:00,58.735,58.757,58.546,58.549,954
2026-07-01 00:00:00,58.703,58.851,58.695,58.736,1105
2026-07-01 00:15:00,58.736,58.803,58.678,58.803,1231
2026-07-01 00:30:00,58.802,58.852,58.754,58.772,913
2026-07-01 00:45:00,58.773,58.808,58.657,58.697,893
2026-07-01 01:00:00,58.699,58.838,58.649,58.739,1351
2026-07-01 01:15:00,58.74,58.768,58.567,58.601,1114
2026-07-01 01:30:00,58.6,58.606,58.505,58.512,1156
2026-07-01 01:45:00,58.511,58.531,58.375,58.385,1461
2026-07-01 02:00:00,58.387,58.563,58.306,58.505,1506
2026-07-01 02:15:00,58.515,58.522,58.219,58.3,2570
2026-07-01 02:30:00,58.302,58.475,58.298,58.358,1896
2026-07-01 02:45:00,58.36,58.55,58.275,58.459,2402
2026-07-01 03:00:00,58.46,58.664,58.004,58.075,5895
2026-07-01 03:15:00,58.081,58.172,57.811,57.946,4986
2026-07-01 03:30:00,57.947,58.032,57.622,57.81,4123
2026-07-01 03:45:00,57.813,57.85,57.477,57.667,3989
2026-07-01 04:00:00,57.668,57.744,57.446,57.69,3851
2026-07-01 04:15:00,57.686,57.777,57.638,57.724,2291
2026-07-01 04:30:00,57.722,57.877,57.657,57.821,3306
2026-07-01 04:45:00,57.826,57.889,57.636,57.677,2900
2026-07-01 05:00:00,57.676,57.953,57.672,57.909,2511
2026-07-01 05:15:00,57.907,57.991,57.78,57.81,1823
2026-07-01 05:30:00,57.814,57.864,57.695,57.699,1712
2026-07-01 05:45:00,57.7,57.797,57.661,57.796,1245
2026-07-01 06:00:00,57.817,57.837,57.614,57.642,1568
2026-07-01 06:15:00,57.637,57.703,57.576,57.702,1483
2026-07-01 06:30:00,57.703,57.789,57.55,57.648,1801
2026-07-01 06:45:00,57.647,57.844,57.632,57.639,1510
2026-07-01 07:00:00,57.638,57.672,57.453,57.528,1813
2026-07-01 07:15:00,57.526,57.648,57.427,57.529,1584
2026-07-01 07:30:00,57.53,57.712,57.384,57.56,4175
2026-07-01 07:45:00,57.561,57.682,57.478,57.501,2900
2026-07-01 08:00:00,57.502,57.614,57.28,57.353,3821
2026-07-01 08:15:00,57.351,57.474,57.152,57.44,3523
2026-07-01 08:30:00,57.444,57.573,57.235,57.539,2927
2026-07-01 08:45:00,57.538,57.564,57.383,57.426,2329
2026-07-01 09:00:00,57.422,57.568,57.239,57.351,2435
2026-07-01 09:15:00,57.353,57.54,57.333,57.362,2338
2026-07-01 09:30:00,57.363,57.561,57.211,57.492,2143
2026-07-01 09:45:00,57.491,57.698,57.49,57.679,2193
2026-07-01 10:00:00,57.678,57.711,57.497,57.711,2365
2026-07-01 10:15:00,57.713,57.888,57.705,57.806,2214
2026-07-01 10:30:00,57.805,57.819,57.604,57.758,2012
2026-07-01 10:45:00,57.759,57.831,57.619,57.701,1711
2026-07-01 11:00:00,57.7,57.869,57.601,57.834,2084
2026-07-01 11:15:00,57.832,57.941,57.809,57.92,1656
2026-07-01 11:30:00,57.919,58.055,57.887,58.016,1886
2026-07-01 11:45:00,58.017,58.07,57.961,58.015,1838
2026-07-01 12:00:00,58.016,58.113,57.94,57.966,2281
2026-07-01 12:15:00,57.967,57.999,57.89,57.995,2019
2026-07-01 12:30:00,57.994,58.116,57.97,57.983,2017
2026-07-01 12:45:00,57.984,58.264,57.977,58.245,1780
2026-07-01 13:00:00,58.231,58.495,58.209,58.442,2849
2026-07-01 13:15:00,58.443,58.945,58.44,58.889,3075
2026-07-01 13:30:00,58.89,58.974,58.784,58.947,2707
2026-07-01 13:45:00,58.944,59.115,58.889,58.899,2685
2026-07-01 14:00:00,58.898,58.941,58.624,58.67,2842
2026-07-01 14:15:00,58.669,58.882,58.669,58.717,2932
2026-07-01 14:30:00,58.714,58.919,58.629,58.774,3656
2026-07-01 14:45:00,58.777,59.007,58.763,58.793,3117
2026-07-01 15:00:00,58.791,58.8,58.307,58.405,5593
2026-07-01 15:15:00,58.401,59.001,58.305,58.999,5538
2026-07-01 15:30:00,58.995,60.374,58.863,60.374,7094
2026-07-01 15:45:00,60.374,60.691,60.1,60.286,6444
2026-07-01 16:00:00,60.285,60.544,60.112,60.375,6118
2026-07-01 16:15:00,60.374,60.989,60.263,60.639,5896
2026-07-01 16:30:00,60.638,60.932,60.378,60.399,6007
2026-07-01 16:45:00,60.393,60.441,60.225,60.328,5096
2026-07-01 17:00:00,60.326,60.362,60.086,60.206,4970
2026-07-01 17:15:00,60.205,60.304,60.013,60.207,3690
2026-07-01 17:30:00,60.208,60.248,60.098,60.168,3598
2026-07-01 17:45:00,60.166,60.347,60.123,60.178,3123
2026-07-01 18:00:00,60.179,60.369,60.173,60.299,3150
2026-07-01 18:15:00,60.298,60.404,60.273,60.327,2559
2026-07-01 18:30:00,60.326,60.373,60.101,60.122,2528
2026-07-01 18:45:00,60.121,60.165,60.027,60.054,2255
2026-07-01 19:00:00,60.053,60.137,59.93,59.994,2559
2026-07-01 19:15:00,59.995,60.008,59.885,59.96,2322
2026-07-01 19:30:00,59.961,60.098,59.959,59.991,1989
2026-07-01 19:45:00,59.992,60.024,59.825,59.843,2389
2026-07-01 20:00:00,59.841,59.974,59.792,59.825,2070
2026-07-01 20:15:00,59.821,59.863,59.626,59.63,2047
2026-07-01 20:30:00,59.635,59.806,59.635,59.704,1705
2026-07-01 20:45:00,59.705,59.715,59.579,59.7,1626
2026-07-01 21:00:00,59.699,59.888,59.694,59.762,1648
2026-07-01 21:15:00,59.761,59.778,59.645,59.678,1594
2026-07-01 21:30:00,59.679,59.719,59.468,59.49,1589
2026-07-01 21:45:00,59.489,59.536,59.181,59.236,3201
2026-07-01 22:00:00,59.235,59.237,59.031,59.175,2315
2026-07-01 22:15:00,59.178,59.206,59.126,59.17,1314
2026-07-01 22:30:00,59.171,59.188,59.032,59.078,1071
2026-07-01 22:45:00,59.079,59.137,59.035,59.075,1121
2026-07-02 00:00:00,59.209,59.401,59.2,59.276,1278
2026-07-02 00:15:00,59.281,59.322,59.228,59.296,1177
2026-07-02 00:30:00,59.294,59.367,59.258,59.326,1100
2026-07-02 00:45:00,59.325,59.402,59.322,59.379,986
2026-07-02 01:00:00,59.376,59.383,59.194,59.199,1023
2026-07-02 01:15:00,59.201,59.238,59.145,59.23,959
2026-07-02 01:30:00,59.23,59.292,59.226,59.24,760
2026-07-02 01:45:00,59.239,59.246,59.068,59.082,1239
2026-07-02 02:00:00,59.085,59.381,58.893,59.38,3276
2026-07-02 02:15:00,59.379,59.405,59.259,59.322,2147
2026-07-02 02:30:00,59.325,59.331,59.072,59.1,2094
2026-07-02 02:45:00,59.101,59.492,59.101,59.442,2634
2026-07-02 03:00:00,59.441,60.127,59.4,59.996,4734
2026-07-02 03:15:00,59.991,60.006,59.635,59.674,3526
2026-07-02 03:30:00,59.673,59.832,59.521,59.598,3884
2026-07-02 03:45:00,59.586,59.958,59.517,59.758,3406
2026-07-02 04:00:00,59.755,59.791,59.601,59.788,3256
2026-07-02 04:15:00,59.787,59.952,59.778,59.837,2055
2026-07-02 04:30:00,59.831,60.09,59.699,60.02,3375
2026-07-02 04:45:00,60.018,60.125,59.943,60.012,2540
2026-07-02 05:00:00,60.014,60.093,59.926,59.992,2509
2026-07-02 05:15:00,59.991,60.139,59.931,60.077,2934
2026-07-02 05:30:00,60.08,60.257,60.021,60.186,2152
2026-07-02 05:45:00,60.183,60.388,60.106,60.26,1616
2026-07-02 06:00:00,60.262,60.397,60.228,60.286,1438
2026-07-02 06:15:00,60.29,60.294,60.116,60.127,1479
2026-07-02 06:30:00,60.128,60.143,59.962,60.021,1628
2026-07-02 06:45:00,60.02,60.098,59.966,60.039,1598
2026-07-02 07:00:00,60.041,60.065,59.796,59.808,2159
2026-07-02 07:15:00,59.807,59.928,59.725,59.734,1776
2026-07-02 07:30:00,59.735,59.848,59.382,59.659,4503
2026-07-02 07:45:00,59.655,59.868,59.607,59.782,3715
2026-07-02 08:00:00,59.781,60.232,59.78,59.965,4273
2026-07-02 08:15:00,59.964,60.221,59.909,60.036,3285
2026-07-02 08:30:00,60.037,60.106,59.806,59.85,2958
2026-07-02 08:45:00,59.851,60.022,59.768,59.914,3238
2026-07-02 09:00:00,59.917,59.958,59.699,59.723,2745
2026-07-02 09:15:00,59.729,59.743,59.543,59.604,2189
2026-07-02 09:30:00,59.603,59.756,59.545,59.694,2092
2026-07-02 09:45:00,59.695,59.725,59.359,59.386,2412
2026-07-02 10:00:00,59.376,59.671,59.284,59.622,3018
2026-07-02 10:15:00,59.62,59.96,59.605,59.954,2850
2026-07-02 10:30:00,59.955,60.208,59.907,60.159,2766
2026-07-02 10:45:00,60.16,60.284,60.102,60.134,2720
2026-07-02 11:00:00,60.136,60.204,59.98,60.03,2597
2026-07-02 11:15:00,60.029,60.032,59.832,59.913,2142
2026-07-02 11:30:00,59.914,60.037,59.856,59.983,2201
2026-07-02 11:45:00,59.975,60.02,59.796,59.815,1969
2026-07-02 12:00:00,59.816,59.913,59.783,59.847,2005
2026-07-02 12:15:00,59.849,59.925,59.751,59.888,1803
2026-07-02 12:30:00,59.889,59.926,59.785,59.835,1624
2026-07-02 12:45:00,59.834,59.86,59.738,59.799,1689
2026-07-02 13:00:00,59.803,59.816,59.447,59.79,2750
2026-07-02 13:15:00,59.792,59.917,59.786,59.846,2099
2026-07-02 13:30:00,59.853,60.069,59.835,60.062,1865
2026-07-02 13:45:00,60.061,60.064,59.764,59.764,2104
2026-07-02 14:00:00,59.766,59.927,59.67,59.732,2788
2026-07-02 14:15:00,59.733,59.886,59.671,59.767,3061
2026-07-02 14:30:00,59.762,61.653,59.761,61.419,7481
2026-07-02 14:45:00,61.416,61.439,60.841,61.15,5954
2026-07-02 15:00:00,61.169,61.687,61.057,61.26,6426
2026-07-02 15:15:00,61.265,61.287,60.9,60.923,5252
2026-07-02 15:30:00,60.915,61.989,60.83,61.772,7238
2026-07-02 15:45:00,61.773,62.061,61.711,61.855,5149
2026-07-02 16:00:00,61.857,61.878,61.467,61.644,5199
2026-07-02 16:15:00,61.643,61.735,61.09,61.164,5313
2026-07-02 16:30:00,61.166,61.401,61.091,61.228,5907
2026-07-02 16:45:00,61.229,61.355,61.053,61.337,5384
2026-07-02 17:00:00,61.336,61.383,60.761,61.113,5190
2026-07-02 17:15:00,61.114,61.193,60.901,61.005,4583
2026-07-02 17:30:00,61.002,61.294,61.002,61.117,4195
2026-07-02 17:45:00,61.113,61.169,60.994,61.08,3389
2026-07-02 18:00:00,61.086,61.119,60.839,60.981,4374
2026-07-02 18:15:00,60.982,61.028,60.731,60.75,4559
2026-07-02 18:30:00,60.747,60.844,60.44,60.782,5038
2026-07-02 18:45:00,60.784,60.906,60.75,60.818,3097
2026-07-02 19:00:00,60.816,60.874,60.639,60.734,3697
2026-07-02 19:15:00,60.742,60.765,60.449,60.574,3672
2026-07-02 19:30:00,60.567,60.632,60.39,60.436,3283
2026-07-02 19:45:00,60.438,60.548,60.4,60.422,3272
2026-07-02 20:00:00,60.425,60.798,60.399,60.699,3131
2026-07-02 20:15:00,60.7,60.759,60.549,60.758,3119
2026-07-02 20:30:00,60.757,60.911,60.752,60.754,2615
2026-07-02 20:45:00,60.755,60.814,60.665,60.76,2736
2026-07-02 21:00:00,60.759,60.817,60.504,60.525,3359
2026-07-02 21:15:00,60.524,60.555,60.341,60.516,3024
2026-07-02 21:30:00,60.519,60.625,60.499,60.582,4624
2026-07-02 21:45:00,60.584,60.9,60.569,60.84,4155
2026-07-02 22:00:00,60.843,60.851,60.753,60.812,1439
2026-07-02 22:15:00,60.813,60.93,60.798,60.879,994
2026-07-02 22:30:00,60.878,60.921,60.819,60.837,553
2026-07-02 22:45:00,60.838,60.949,60.805,60.941,785
2026-07-03 00:00:00,61.012,61.016,60.906,60.928,493
2026-07-03 00:15:00,60.929,60.967,60.894,60.938,418
2026-07-03 00:30:00,60.938,61.021,60.933,60.976,467
2026-07-03 00:45:00,60.976,61.036,60.974,60.994,471
2026-07-03 01:00:00,60.992,61.045,60.986,60.988,504
2026-07-03 01:15:00,60.992,61.095,60.96,61.086,704
2026-07-03 01:30:00,61.083,61.121,60.932,60.992,1248
2026-07-03 01:45:00,60.991,61.134,60.984,61.044,1398
2026-07-03 02:00:00,61.042,61.271,60.991,61.208,3923
2026-07-03 02:15:00,61.207,61.287,61.097,61.163,3233
2026-07-03 02:30:00,61.164,61.247,61.049,61.145,2832
2026-07-03 02:45:00,61.142,61.494,61.11,61.411,3260
2026-07-03 03:00:00,61.408,62.053,61.282,61.981,6161
2026-07-03 03:15:00,61.979,62.264,61.91,62.099,5587
2026-07-03 03:30:00,62.098,62.435,62.031,62.154,4501
2026-07-03 03:45:00,62.152,62.257,62.019,62.195,3074
2026-07-03 04:00:00,62.196,62.335,62.115,62.271,3232
2026-07-03 04:15:00,62.267,62.31,62.202,62.292,1687
2026-07-03 04:30:00,62.291,62.575,62.262,62.489,3529
2026-07-03 04:45:00,62.49,62.507,62.338,62.368,2759
2026-07-03 05:00:00,62.369,62.441,62.25,62.305,3637
2026-07-03 05:15:00,62.304,62.337,62.205,62.305,2353
2026-07-03 05:30:00,62.308,62.32,62.164,62.174,3034
2026-07-03 05:45:00,62.172,62.244,62.165,62.244,1293
2026-07-03 06:00:00,62.247,62.42,62.199,62.404,1510
2026-07-03 06:15:00,62.403,62.648,62.371,62.436,1926
2026-07-03 06:30:00,62.439,62.442,62.334,62.397,2092
2026-07-03 06:45:00,62.398,62.424,62.316,62.363,1561
2026-07-03 07:00:00,62.362,62.456,62.321,62.413,2387
2026-07-03 07:15:00,62.414,62.43,62.207,62.305,1775
2026-07-03 07:30:00,62.303,62.533,62.226,62.403,3241
2026-07-03 07:45:00,62.405,62.46,62.216,62.327,2711
2026-07-03 08:00:00,62.326,62.374,62.218,62.226,3293
2026-07-03 08:15:00,62.225,62.281,62.093,62.207,2776
2026-07-03 08:30:00,62.21,62.402,62.18,62.336,3254
2026-07-03 08:45:00,62.339,62.449,62.312,62.394,2952
2026-07-03 09:00:00,62.39,62.558,62.353,62.451,2639
2026-07-03 09:15:00,62.448,62.591,62.34,62.589,2093
2026-07-03 09:30:00,62.59,62.809,62.569,62.769,1948
2026-07-03 09:45:00,62.779,62.837,62.65,62.674,1773
2026-07-03 10:00:00,62.679,62.875,62.66,62.734,2147
2026-07-03 10:15:00,62.735,62.772,62.65,62.669,1976
2026-07-03 10:30:00,62.659,62.737,62.59,62.664,1928
2026-07-03 10:45:00,62.665,62.722,62.552,62.686,1735
2026-07-03 11:00:00,62.687,62.701,62.515,62.701,1634
2026-07-03 11:15:00,62.702,62.724,62.554,62.568,1804
2026-07-03 11:30:00,62.566,62.638,62.522,62.624,1707
2026-07-03 11:45:00,62.622,62.635,62.521,62.528,1200
2026-07-03 12:00:00,62.527,62.674,62.515,62.628,1356
2026-07-03 12:15:00,62.629,62.639,62.533,62.535,1470
2026-07-03 12:30:00,62.534,62.545,62.407,62.496,1287
2026-07-03 12:45:00,62.498,62.51,62.379,62.403,1190
2026-07-03 13:00:00,62.395,62.458,62.219,62.452,1696
2026-07-03 13:15:00,62.457,62.484,62.276,62.279,1254
2026-07-03 13:30:00,62.274,62.431,62.267,62.425,1173
2026-07-03 13:45:00,62.422,62.447,62.274,62.338,1587
2026-07-03 14:00:00,62.342,62.369,62.202,62.205,1687
2026-07-03 14:15:00,62.206,62.244,61.99,62.097,1877
2026-07-03 14:30:00,62.099,62.297,61.991,62.293,1968
2026-07-03 14:45:00,62.286,62.422,62.214,62.38,1543
2026-07-03 15:00:00,62.381,62.43,61.894,61.988,4220
2026-07-03 15:15:00,61.987,62.264,61.978,62.219,2866
2026-07-03 15:30:00,62.227,62.236,62.065,62.142,3309
2026-07-03 15:45:00,62.144,62.269,62.079,62.206,2713
2026-07-03 16:00:00,62.195,62.357,62.079,62.243,3030
2026-07-03 16:15:00,62.242,62.356,62.232,62.319,2257
2026-07-03 16:30:00,62.321,62.321,62.179,62.203,2047
2026-07-03 16:45:00,62.199,62.429,62.192,62.37,2202
2026-07-03 17:00:00,62.371,62.501,62.321,62.438,2555
2026-07-03 17:15:00,62.436,62.487,62.258,62.286,1738
2026-07-03 17:30:00,62.285,62.321,62.24,62.285,1501
2026-07-03 17:45:00,62.286,62.321,62.156,62.201,1336
2026-07-03 18:00:00,62.202,62.333,62.198,62.273,1398
2026-07-03 18:15:00,62.272,62.344,62.232,62.282,1035
2026-07-03 18:30:00,62.283,62.334,62.238,62.306,1297
2026-07-03 18:45:00,62.307,62.419,62.302,62.362,1726
2026-07-06 00:00:00,62.569,62.944,62.525,62.913,1755
2026-07-06 00:15:00,62.913,63.023,62.735,62.98,888
2026-07-06 00:30:00,62.983,63.103,62.914,63.083,1540
2026-07-06 00:45:00,63.083,63.174,63.043,63.104,1251
2026-07-06 01:00:00,63.104,63.202,63.007,63.028,1309
2026-07-06 01:15:00,63.027,63.253,63.017,63.216,1157
2026-07-06 01:30:00,63.215,63.235,62.949,62.949,1531
2026-07-06 01:45:00,62.948,62.984,62.642,62.777,2767
2026-07-06 02:00:00,62.777,62.829,62.473,62.594,4195
2026-07-06 02:15:00,62.593,62.698,62.417,62.482,3295
2026-07-06 02:30:00,62.487,62.875,62.479,62.829,2855
2026-07-06 02:45:00,62.83,62.898,62.447,62.678,3095
2026-07-06 03:00:00,62.676,63.09,62.445,62.709,5211
2026-07-06 03:15:00,62.712,62.769,62.349,62.412,5028
2026-07-06 03:30:00,62.408,62.735,62.396,62.656,4583
2026-07-06 03:45:00,62.655,62.792,62.353,62.398,3953
2026-07-06 04:00:00,62.399,62.434,62.153,62.249,4065
2026-07-06 04:15:00,62.247,62.339,62.146,62.187,2701
2026-07-06 04:30:00,62.19,62.227,61.905,61.924,4212
2026-07-06 04:45:00,61.923,62.081,61.907,61.994,3366
2026-07-06 05:00:00,61.993,62.052,61.762,61.835,3129
2026-07-06 05:15:00,61.837,61.934,61.792,61.915,2366
2026-07-06 05:30:00,61.903,61.996,61.725,61.777,2114
2026-07-06 05:45:00,61.779,61.855,61.722,61.815,1674
2026-07-06 06:00:00,61.823,61.83,61.684,61.801,1530
2026-07-06 06:15:00,61.799,61.857,61.734,61.839,1323
2026-07-06 06:30:00,61.837,61.872,61.738,61.802,1694
2026-07-06 06:45:00,61.801,61.857,61.748,61.835,1461
2026-07-06 07:00:00,61.834,61.865,61.696,61.746,2157
2026-07-06 07:15:00,61.751,61.824,61.705,61.788,1896
2026-07-06 07:30:00,61.782,61.938,61.582,61.766,3807
2026-07-06 07:45:00,61.768,61.781,61.539,61.613,2895
2026-07-06 08:00:00,61.614,61.873,61.565,61.85,3068
2026-07-06 08:15:00,61.849,61.909,61.7,61.879,2131
2026-07-06 08:30:00,61.878,61.931,61.721,61.782,2245
2026-07-06 08:45:00,61.779,61.79,61.619,61.681,1928
2026-07-06 09:00:00,61.684,61.785,61.604,61.785,1823
2026-07-06 09:15:00,61.783,61.892,61.754,61.857,1382
2026-07-06 09:30:00,61.858,62.203,61.839,62.191,1519
2026-07-06 09:45:00,62.189,62.345,62.154,62.328,1470
2026-07-06 10:00:00,62.336,62.358,62.06,62.081,1618
2026-07-06 10:15:00,62.082,62.11,61.999,62.07,1209
2026-07-06 10:30:00,62.066,62.094,61.921,61.926,1541
2026-07-06 10:45:00,61.924,62.033,61.849,61.961,1593
2026-07-06 11:00:00,61.962,62.091,61.932,62.087,1448
2026-07-06 11:15:00,62.086,62.145,61.945,61.991,1491
2026-07-06 11:30:00,61.99,62.004,61.8,61.837,1835
2026-07-06 11:45:00,61.831,61.965,61.831,61.943,1292
2026-07-06 12:00:00,61.942,61.991,61.817,61.984,1224
2026-07-06 12:15:00,61.983,62.041,61.949,62.023,1102
2026-07-06 12:30:00,62.024,62.213,62.024,62.18,931
2026-07-06 12:45:00,62.181,62.188,62.051,62.058,1037
2026-07-06 13:00:00,62.072,62.094,61.964,62.047,1653
2026-07-06 13:15:00,62.048,62.191,62.004,62.107,1094
2026-07-06 13:30:00,62.108,62.182,62.073,62.091,938
2026-07-06 13:45:00,62.094,62.219,62.043,62.16,1179
2026-07-06 14:00:00,62.159,62.224,62.09,62.133,1612
2026-07-06 14:15:00,62.132,62.233,61.898,62.006,2289
2026-07-06 14:30:00,62.007,62.039,61.468,61.499,2793
2026-07-06 14:45:00,61.497,61.836,61.431,61.591,2470
2026-07-06 15:00:00,61.593,61.733,61.405,61.465,3789
2026-07-06 15:15:00,61.464,61.752,61.348,61.624,3194
2026-07-06 15:30:00,61.619,61.935,61.619,61.928,5121
2026-07-06 15:45:00,61.925,62.022,61.736,61.836,4252
2026-07-06 16:00:00,61.836,61.946,61.616,61.813,4428
2026-07-06 16:15:00,61.814,61.817,61.514,61.693,3388
2026-07-06 16:30:00,61.696,61.858,61.505,61.528,3223
2026-07-06 16:45:00,61.527,61.735,61.492,61.717,3162
2026-07-06 17:00:00,61.718,61.887,61.628,61.66,2729
2026-07-06 17:15:00,61.657,61.789,61.617,61.782,3167
2026-07-06 17:30:00,61.783,61.9,61.744,61.883,2393
2026-07-06 17:45:00,61.886,61.905,61.708,61.766,1833
2026-07-06 18:00:00,61.76,61.769,61.546,61.55,1650
2026-07-06 18:15:00,61.552,61.635,61.493,61.54,1874
2026-07-06 18:30:00,61.539,61.704,61.527,61.693,1683
2026-07-06 18:45:00,61.694,61.874,61.656,61.798,1998
2026-07-06 19:00:00,61.797,62.004,61.766,61.838,2522
2026-07-06 19:15:00,61.839,61.941,61.67,61.864,2248
2026-07-06 19:30:00,61.865,61.988,61.84,61.887,1728
2026-07-06 19:45:00,61.889,62.051,61.862,61.983,1740
2026-07-06 20:00:00,61.982,62.01,61.869,61.987,1390
2026-07-06 20:15:00,61.986,62.139,61.986,62.092,1544
2026-07-06 20:30:00,62.089,62.332,62.072,62.192,1419
2026-07-06 20:45:00,62.193,62.208,62.113,62.162,1592
2026-07-06 21:00:00,62.163,62.21,62.031,62.044,1160
2026-07-06 21:15:00,62.043,62.161,62.002,62.147,1254
2026-07-06 21:30:00,62.148,62.167,62.005,62.024,1166
2026-07-06 21:45:00,62.027,62.091,62.013,62.064,1487
2026-07-06 22:00:00,62.061,62.095,61.966,61.982,577
2026-07-06 22:15:00,61.981,62.012,61.971,61.997,309
2026-07-06 22:30:00,61.996,62.057,61.981,62.02,309
2026-07-06 22:45:00,62.021,62.048,61.998,62.013,400
2026-07-07 00:00:00,62.082,62.111,61.999,62.101,507
2026-07-07 00:15:00,62.101,62.12,62.059,62.09,374
2026-07-07 00:30:00,62.093,62.134,62.077,62.111,695
2026-07-07 00:45:00,62.11,62.114,61.978,62.008,717
2026-07-07 01:00:00,62.007,62.065,62.003,62.053,583
2026-07-07 01:15:00,62.052,62.053,61.984,61.994,518
2026-07-07 01:30:00,61.993,62.017,61.939,61.958,652
2026-07-07 01:45:00,61.957,61.957,61.738,61.753,1471
2026-07-07 02:00:00,61.747,61.956,61.678,61.883,2683
2026-07-07 02:15:00,61.886,61.994,61.781,61.947,2881
2026-07-07 02:30:00,61.946,62.021,61.565,61.597,2427
2026-07-07 02:45:00,61.599,61.726,61.443,61.468,2633
2026-07-07 03:00:00,61.465,61.554,61.093,61.282,4843
2026-07-07 03:15:00,61.285,61.328,60.903,61.037,3786
2026-07-07 03:30:00,61.036,61.416,61.009,61.392,3635
2026-07-07 03:45:00,61.393,61.576,61.384,61.512,3650
2026-07-07 04:00:00,61.513,61.668,61.407,61.615,3392
2026-07-07 04:15:00,61.614,61.669,61.451,61.482,2266
2026-07-07 04:30:00,61.481,61.645,61.393,61.492,2570
2026-07-07 04:45:00,61.495,61.499,61.178,61.274,2962
2026-07-07 05:00:00,61.285,61.381,61.228,61.243,2579
2026-07-07 05:15:00,61.24,61.263,60.884,60.993,2799
2026-07-07 05:30:00,60.997,61.127,60.914,61.035,1818
2026-07-07 05:45:00,61.032,61.122,60.897,61.093,1799
2026-07-07 06:00:00,61.106,61.289,61.056,61.178,1818
2026-07-07 06:15:00,61.181,61.189,60.982,61.01,1555
2026-07-07 06:30:00,61.009,61.046,60.953,60.984,1481
2026-07-07 06:45:00,60.985,61.038,60.816,60.85,1387
2026-07-07 07:00:00,60.849,60.95,60.589,60.603,2085
2026-07-07 07:15:00,60.604,60.742,60.535,60.7,2551
2026-07-07 07:30:00,60.699,60.714,60.291,60.468,4713
2026-07-07 07:45:00,60.469,60.625,60.458,60.542,3206
2026-07-07 08:00:00,60.543,60.917,60.543,60.732,3337
2026-07-07 08:15:00,60.733,61.032,60.732,60.968,2833
2026-07-07 08:30:00,60.963,61.271,60.927,61.205,2674
2026-07-07 08:45:00,61.206,61.267,61.083,61.117,2949
2026-07-07 09:00:00,61.116,61.14,60.942,61.002,2524
2026-07-07 09:15:00,61.0,61.071,60.912,60.971,2171
2026-07-07 09:30:00,60.97,61.081,60.929,60.942,1885
2026-07-07 09:45:00,60.948,60.996,60.794,60.802,2464
2026-07-07 10:00:00,60.8,61.246,60.782,61.215,2882
2026-07-07 10:15:00,61.214,61.249,61.109,61.2,2443
2026-07-07 10:30:00,61.199,61.207,60.95,61.007,2267
2026-07-07 10:45:00,61.008,61.008,60.779,60.915,2265
2026-07-07 11:00:00,60.916,60.968,60.827,60.888,2206
2026-07-07 11:15:00,60.886,60.959,60.736,60.773,2191
2026-07-07 11:30:00,60.774,60.998,60.774,60.976,2144
2026-07-07 11:45:00,60.975,60.976,60.733,60.872,2104
2026-07-07 12:00:00,60.868,61.022,60.861,60.96,1929
2026-07-07 12:15:00,60.959,61.091,60.959,61.057,2048
2026-07-07 12:30:00,61.053,61.053,60.924,60.931,1908
2026-07-07 12:45:00,60.929,60.931,60.736,60.774,2041
2026-07-07 13:00:00,60.77,60.77,60.625,60.699,2176
2026-07-07 13:15:00,60.698,61.008,60.687,60.967,2318
2026-07-07 13:30:00,60.969,61.109,60.85,61.099,2273
2026-07-07 13:45:00,61.1,61.369,61.063,61.359,2737
2026-07-07 14:00:00,61.364,61.651,61.327,61.635,3465
2026-07-07 14:15:00,61.637,61.712,61.492,61.643,3223
2026-07-07 14:30:00,61.644,61.719,61.341,61.356,3236
2026-07-07 14:45:00,61.354,61.65,61.3,61.616,2630
2026-07-07 15:00:00,61.626,61.717,61.204,61.38,4511
2026-07-07 15:15:00,61.379,61.384,61.184,61.245,3642
2026-07-07 15:30:00,61.246,61.839,61.084,61.776,6355
2026-07-07 15:45:00,61.78,61.843,61.197,61.303,5663
2026-07-07 16:00:00,61.304,61.402,61.088,61.138,5901
2026-07-07 16:15:00,61.136,61.269,60.888,61.051,5499
2026-07-07 16:30:00,61.052,61.1,60.632,60.909,5452
2026-07-07 16:45:00,60.906,61.038,60.857,60.902,4271
2026-07-07 17:00:00,60.901,60.978,60.751,60.769,4685
2026-07-07 17:15:00,60.77,60.78,60.614,60.711,4688
2026-07-07 17:30:00,60.713,60.835,60.683,60.806,3424
2026-07-07 17:45:00,60.805,60.837,60.444,60.612,4147
2026-07-07 18:00:00,60.613,60.846,60.591,60.823,3044
2026-07-07 18:15:00,60.822,60.988,60.813,60.948,3033
2026-07-07 18:30:00,60.946,60.968,60.789,60.837,2135
2026-07-07 18:45:00,60.836,60.907,60.773,60.906,2321
2026-07-07 19:00:00,60.908,60.97,60.771,60.794,2297
2026-07-07 19:15:00,60.799,60.99,60.722,60.968,2634
2026-07-07 19:30:00,60.97,61.056,60.962,60.996,2321
2026-07-07 19:45:00,60.998,61.008,60.927,60.997,2179
2026-07-07 20:00:00,61.002,61.008,60.879,60.933,2579
2026-07-07 20:15:00,60.934,61.014,60.897,60.899,2010
2026-07-07 20:30:00,60.898,60.929,60.718,60.871,2175
2026-07-07 20:45:00,60.873,60.886,60.389,60.426,3947
2026-07-07 21:00:00,60.424,60.455,59.771,59.788,4666
2026-07-07 21:15:00,59.79,59.838,59.421,59.744,4864
2026-07-07 21:30:00,59.742,60.094,59.742,59.983,3684
2026-07-07 21:45:00,59.984,60.289,59.971,60.217,3031
2026-07-07 22:00:00,60.22,60.309,60.157,60.166,1445
2026-07-07 22:15:00,60.168,60.179,60.015,60.111,1270
2026-07-07 22:30:00,60.112,60.117,59.858,59.9,997
2026-07-07 22:45:00,59.899,59.983,59.891,59.974,950
2026-07-08 00:00:00,59.744,59.988,59.728,59.811,1606
2026-07-08 00:15:00,59.812,59.827,59.637,59.643,1095
2026-07-08 00:30:00,59.644,59.725,59.567,59.651,1317
2026-07-08 00:45:00,59.65,59.767,59.617,59.74,1241
2026-07-08 01:00:00,59.739,59.892,59.704,59.842,1621
2026-07-08 01:15:00,59.841,59.954,59.808,59.913,917
2026-07-08 01:30:00,59.912,59.942,59.623,59.66,1086
2026-07-08 01:45:00,59.661,59.754,59.568,59.65,1643
2026-07-08 02:00:00,59.648,59.907,59.598,59.688,4220
2026-07-08 02:15:00,59.689,59.952,59.597,59.849,3631
2026-07-08 02:30:00,59.848,60.271,59.805,60.225,3447
2026-07-08 02:45:00,60.227,60.264,60.038,60.094,3182
2026-07-08 03:00:00,60.093,60.296,59.696,60.014,5393
2026-07-08 03:15:00,60.013,60.124,59.808,59.98,3694
2026-07-08 03:30:00,59.982,60.074,59.584,59.708,4226
2026-07-08 03:45:00,59.702,60.024,59.688,59.995,3870
2026-07-08 04:00:00,59.996,60.102,59.879,59.889,3508
2026-07-08 04:15:00,59.888,60.115,59.885,60.016,2252
2026-07-08 04:30:00,60.014,60.126,59.917,60.122,2781
2026-07-08 04:45:00,60.123,60.137,59.904,60.003,2209
2026-07-08 05:00:00,60.004,60.66,60.004,60.546,3624
2026-07-08 05:15:00,60.541,60.704,60.493,60.663,2610
2026-07-08 05:30:00,60.661,60.734,60.553,60.576,1817
2026-07-08 05:45:00,60.575,60.588,60.314,60.335,1558
2026-07-08 06:00:00,60.343,60.434,60.237,60.329,1386
2026-07-08 06:15:00,60.328,60.369,60.231,60.36,1679
2026-07-08 06:30:00,60.362,60.441,60.297,60.363,1722
2026-07-08 06:45:00,60.362,60.407,60.282,60.325,1539
2026-07-08 07:00:00,60.324,60.664,60.312,60.479,2279
2026-07-08 07:15:00,60.478,60.613,60.332,60.34,2355
2026-07-08 07:30:00,60.339,60.964,60.292,60.784,4615
2026-07-08 07:45:00,60.781,60.878,60.618,60.835,3551
2026-07-08 08:00:00,60.836,60.901,60.531,60.76,3540
2026-07-08 08:15:00,60.758,61.006,60.716,60.936,3156
2026-07-08 08:30:00,60.933,60.949,60.796,60.817,2778
2026-07-08 08:45:00,60.816,60.852,60.66,60.672,2241
2026-07-08 09:00:00,60.668,60.717,60.464,60.501,2885
2026-07-08 09:15:00,60.502,60.615,60.436,60.556,2760
2026-07-08 09:30:00,60.558,60.782,60.49,60.773,2118
2026-07-08 09:45:00,60.774,60.795,60.585,60.608,2087
2026-07-08 10:00:00,60.607,60.666,60.438,60.566,2372
2026-07-08 10:15:00,60.565,60.666,59.501,59.694,6989
2026-07-08 10:30:00,59.693,59.809,58.69,58.838,5800
2026-07-08 10:45:00,58.837,58.961,58.158,58.377,5404
2026-07-08 11:00:00,58.376,58.487,58.218,58.421,4732
2026-07-08 11:15:00,58.414,58.694,58.351,58.545,4098
2026-07-08 11:30:00,58.543,58.754,58.397,58.533,3857
2026-07-08 11:45:00,58.532,58.629,58.226,58.28,3562
2026-07-08 12:00:00,58.295,58.532,58.285,58.51,3364
2026-07-08 12:15:00,58.498,58.768,58.436,58.473,3517
2026-07-08 12:30:00,58.465,58.676,58.429,58.597,3726
2026-07-08 12:45:00,58.598,58.646,58.372,58.377,2622
2026-07-08 13:00:00,58.38,58.6,58.221,58.373,3233
2026-07-08 13:15:00,58.372,58.536,58.297,58.362,2633
2026-07-08 13:30:00,58.354,58.864,58.043,58.844,3812
2026-07-08 13:45:00,58.846,59.026,58.558,58.734,4458
2026-07-08 14:00:00,58.732,58.947,58.632,58.783,4319
2026-07-08 14:15:00,58.784,58.881,58.446,58.501,4037
2026-07-08 14:30:00,58.502,58.629,58.287,58.532,3717
2026-07-08 14:45:00,58.534,58.944,58.458,58.535,4247
2026-07-08 15:00:00,58.536,58.959,58.466,58.574,6026
2026-07-08 15:15:00,58.572,58.682,58.274,58.318,4927
2026-07-08 15:30:00,58.327,58.688,58.292,58.509,6440
2026-07-08 15:45:00,58.511,58.662,58.326,58.418,5523
2026-07-08 16:00:00,58.413,58.45,58.232,58.243,5304
2026-07-08 16:15:00,58.246,58.439,58.034,58.271,5321
2026-07-08 16:30:00,58.266,58.303,57.638,57.647,5551
2026-07-08 16:45:00,57.648,57.882,57.588,57.787,5369
2026-07-08 17:00:00,57.795,57.89,57.527,57.532,5086
2026-07-08 17:15:00,57.538,57.601,57.315,57.402,4904
2026-07-08 17:30:00,57.408,57.455,57.2,57.367,3650
2026-07-08 17:45:00,57.355,57.415,57.244,57.381,1830
2026-07-08 18:00:00,57.391,57.635,57.328,57.513,1751
2026-07-08 18:15:00,57.51,57.594,57.431,57.526,1556
2026-07-08 18:30:00,57.515,57.885,57.436,57.861,2119
2026-07-08 18:45:00,57.857,58.008,57.795,57.894,1802
2026-07-08 19:00:00,57.897,58.008,57.772,57.931,1781
2026-07-08 19:15:00,57.933,58.313,57.933,58.313,1817
2026-07-08 19:30:00,58.311,58.473,58.15,58.186,1575
2026-07-08 19:45:00,58.187,58.234,58.056,58.107,1228
2026-07-08 20:00:00,58.111,58.478,58.069,58.453,1625
2026-07-08 20:15:00,58.458,58.461,58.236,58.257,1525
2026-07-08 20:30:00,58.275,58.482,58.197,58.481,1367
2026-07-08 20:45:00,58.48,58.636,58.448,58.513,1366
2026-07-08 21:00:00,58.524,58.679,58.468,58.504,1332
2026-07-08 21:15:00,58.503,58.608,58.459,58.599,1087
2026-07-08 21:30:00,58.601,58.636,58.474,58.508,1182
2026-07-08 21:45:00,58.509,58.53,58.345,58.405,1562
2026-07-08 22:00:00,58.403,58.431,58.301,58.34,637
2026-07-08 22:15:00,58.341,58.36,58.208,58.267,493
2026-07-08 22:30:00,58.273,58.3,58.109,58.159,561
2026-07-08 22:45:00,58.158,58.318,58.116,58.251,458
2026-07-09 00:00:00,58.354,58.482,58.27,58.424,365
2026-07-09 00:15:00,58.425,58.48,58.316,58.336,636
2026-07-09 00:30:00,58.346,58.401,58.295,58.356,736
2026-07-09 00:45:00,58.357,58.453,58.355,58.385,514
2026-07-09 01:00:00,58.39,58.395,58.317,58.377,516
2026-07-09 01:15:00,58.373,58.408,58.318,58.408,428
2026-07-09 01:30:00,58.406,58.446,58.34,58.422,587
2026-07-09 01:45:00,58.42,58.479,58.294,58.422,783
2026-07-09 02:00:00,58.426,58.581,58.366,58.555,1714
2026-07-09 02:15:00,58.556,58.585,58.27,58.378,1367
2026-07-09 02:30:00,58.375,58.481,58.323,58.336,1345
2026-07-09 02:45:00,58.337,58.395,58.253,58.312,1471
2026-07-09 03:00:00,58.296,58.395,58.056,58.201,2496
2026-07-09 03:15:00,58.203,58.214,57.926,57.944,1945
2026-07-09 03:30:00,57.955,58.183,57.808,58.114,1842
2026-07-09 03:45:00,58.117,58.22,58.057,58.184,1569
2026-07-09 04:00:00,58.186,58.321,58.139,58.303,1625
2026-07-09 04:15:00,58.302,58.438,58.26,58.356,802
2026-07-09 04:30:00,58.362,58.407,58.093,58.12,1389
2026-07-09 04:45:00,58.123,58.159,57.837,57.848,1403
2026-07-09 05:00:00,57.846,57.939,57.566,57.673,1710
2026-07-09 05:15:00,57.672,57.772,57.571,57.712,1389
2026-07-09 05:30:00,57.714,57.834,57.661,57.815,1149
2026-07-09 05:45:00,57.812,57.885,57.793,57.861,958
2026-07-09 06:00:00,57.874,57.898,57.783,57.819,959
2026-07-09 06:15:00,57.824,57.824,57.679,57.741,957
2026-07-09 06:30:00,57.745,57.929,57.741,57.844,1102
2026-07-09 06:45:00,57.845,57.995,57.819,57.978,1001
2026-07-09 07:00:00,57.979,58.249,57.954,58.196,1505
2026-07-09 07:15:00,58.194,58.202,57.966,58.129,1363
2026-07-09 07:30:00,58.154,58.295,57.896,58.277,1663
2026-07-09 07:45:00,58.276,58.498,58.231,58.434,1759
2026-07-09 08:00:00,58.43,58.761,58.419,58.565,1867
2026-07-09 08:15:00,58.559,58.949,58.554,58.899,2188
2026-07-09 08:30:00,58.911,59.021,58.855,58.977,1931
2026-07-09 08:45:00,58.971,59.059,58.917,59.014,1630
2026-07-09 09:00:00,59.031,59.146,58.986,58.993,1476
2026-07-09 09:15:00,58.994,59.195,58.954,59.168,1410
2026-07-09 09:30:00,59.165,59.198,59.05,59.181,1088
2026-07-09 09:45:00,59.185,59.273,59.098,59.206,1037
2026-07-09 10:00:00,59.21,59.285,59.126,59.192,1032
2026-07-09 10:15:00,59.191,59.431,59.186,59.411,1324
2026-07-09 10:30:00,59.405,59.457,59.288,59.32,1008
2026-07-09 10:45:00,59.321,59.322,59.11,59.174,1105
2026-07-09 11:00:00,59.172,59.207,59.107,59.14,940
2026-07-09 11:15:00,59.141,59.229,59.109,59.188,912
2026-07-09 11:30:00,59.184,59.228,59.049,59.058,1211
2026-07-09 11:45:00,59.056,59.172,59.056,59.149,798
2026-07-09 12:00:00,59.148,59.18,59.027,59.029,1149
2026-07-09 12:15:00,59.03,59.06,58.914,58.928,690
2026-07-09 12:30:00,58.925,58.978,58.9,58.908,883
2026-07-09 12:45:00,58.909,58.912,58.707,58.825,1636
2026-07-09 13:00:00,58.826,58.92,58.786,58.916,1301
2026-07-09 13:15:00,58.913,58.931,58.776,58.821,1045
2026-07-09 13:30:00,58.825,58.984,58.782,58.94,1073
2026-07-09 13:45:00,58.939,59.086,58.911,59.001,1054
2026-07-09 14:00:00,59.002,59.258,58.894,59.094,1501
2026-07-09 14:15:00,59.095,59.17,58.96,59.078,1398
2026-07-09 14:30:00,59.074,59.649,59.073,59.446,1654
2026-07-09 14:45:00,59.447,59.561,59.29,59.299,1461
2026-07-09 15:00:00,59.3,59.724,59.195,59.677,2165
2026-07-09 15:15:00,59.678,59.872,59.562,59.84,1930
2026-07-09 15:30:00,59.875,60.266,59.716,60.248,2519
2026-07-09 15:45:00,60.245,60.3,60.024,60.222,2144
2026-07-09 16:00:00,60.228,60.453,60.044,60.077,2348
2026-07-09 16:15:00,60.078,60.14,59.836,60.111,2377
2026-07-09 16:30:00,60.127,60.134,59.952,60.076,1974
2026-07-09 16:45:00,60.083,60.258,59.946,60.244,1859
2026-07-09 17:00:00,60.249,60.351,60.183,60.271,1626
2026-07-09 17:15:00,60.27,60.386,60.217,60.295,1574
2026-07-09 17:30:00,60.296,60.4,60.259,60.353,1527
2026-07-09 17:45:00,60.355,60.47,60.291,60.312,1507
2026-07-09 18:00:00,60.315,60.435,60.276,60.416,1285
2026-07-09 18:15:00,60.415,60.574,60.402,60.467,1399
2026-07-09 18:30:00,60.464,60.596,60.414,60.501,1201
2026-07-09 18:45:00,60.503,60.518,60.371,60.371,1159
2026-07-09 19:00:00,60.37,60.404,60.219,60.258,1239
2026-07-09 19:15:00,60.264,60.363,60.171,60.337,1354
2026-07-09 19:30:00,60.332,60.379,60.276,60.279,1052
2026-07-09 19:45:00,60.28,60.444,60.277,60.399,929
2026-07-09 20:00:00,60.394,60.404,60.135,60.171,1002
2026-07-09 20:15:00,60.17,60.187,60.091,60.093,1114
2026-07-09 20:30:00,60.075,60.077,59.974,60.05,725
2026-07-09 20:45:00,60.051,60.051,59.975,60.021,823
2026-07-09 21:00:00,60.018,60.041,59.885,59.903,813
2026-07-09 21:15:00,59.902,59.983,59.877,59.91,661
2026-07-09 21:30:00,59.912,59.964,59.864,59.881,783
2026-07-09 21:45:00,59.883,59.971,59.849,59.884,832
2026-07-09 22:00:00,59.881,59.934,59.862,59.908,369
2026-07-09 22:15:00,59.912,59.926,59.858,59.867,267
2026-07-09 22:30:00,59.868,59.939,59.847,59.937,271
2026-07-09 22:45:00,59.927,59.983,59.914,59.944,302
2026-07-10 00:00:00,59.967,60.005,59.857,59.935,586
2026-07-10 00:15:00,59.933,59.94,59.883,59.904,529
2026-07-10 00:30:00,59.902,59.952,59.893,59.945,417
2026-07-10 00:45:00,59.944,59.947,59.912,59.915,336
2026-07-10 01:00:00,59.918,60.009,59.894,59.999,421
2026-07-10 01:15:00,60.001,60.025,59.951,59.993,185
2026-07-10 01:30:00,59.992,60.016,59.955,60.015,237
2026-07-10 01:45:00,60.016,60.019,59.966,59.993,349
2026-07-10 02:00:00,59.999,60.028,59.85,59.895,1107
2026-07-10 02:15:00,59.898,59.935,59.765,59.838,970
2026-07-10 02:30:00,59.837,60.041,59.719,60.013,963
2026-07-10 02:45:00,59.999,60.196,59.917,60.159,1090
2026-07-10 03:00:00,60.158,60.349,59.993,60.069,1840
2026-07-10 03:15:00,60.064,60.272,60.001,60.032,1707
2026-07-10 03:30:00,60.033,60.098,59.755,59.819,1611
2026-07-10 03:45:00,59.817,60.229,59.743,60.104,1411
2026-07-10 04:00:00,60.115,60.294,60.043,60.186,1488
2026-07-10 04:15:00,60.193,60.276,60.135,60.206,878
2026-07-10 04:30:00,60.211,60.323,60.169,60.279,1094
2026-07-10 04:45:00,60.288,60.462,60.229,60.405,1068
2026-07-10 05:00:00,60.402,60.745,60.38,60.59,1295
2026-07-10 05:15:00,60.585,60.587,60.342,60.353,1161
2026-07-10 05:30:00,60.35,60.486,60.303,60.33,889
2026-07-10 05:45:00,60.328,60.401,60.292,60.391,717
2026-07-10 06:00:00,60.392,60.495,60.308,60.476,669
2026-07-10 06:15:00,60.471,60.506,60.276,60.375,715
2026-07-10 06:30:00,60.373,60.456,60.361,60.434,776
2026-07-10 06:45:00,60.438,60.441,60.294,60.327,665
2026-07-10 07:00:00,60.338,60.351,60.237,60.299,761
2026-07-10 07:15:00,60.297,60.356,60.218,60.223,664
2026-07-10 07:30:00,60.202,60.213,59.953,60.067,1531
2026-07-10 07:45:00,60.068,60.228,59.907,60.219,1321
2026-07-10 08:00:00,60.221,60.32,60.148,60.155,1599
2026-07-10 08:15:00,60.159,60.387,60.11,60.11,1578
2026-07-10 08:30:00,60.099,60.174,60.002,60.061,1654
2026-07-10 08:45:00,60.06,60.133,60.024,60.049,1371
2026-07-10 09:00:00,60.055,60.142,59.969,60.065,1345
2026-07-10 09:15:00,60.066,60.19,59.992,60.09,937
2026-07-10 09:30:00,60.091,60.148,59.868,59.891,923
2026-07-10 09:45:00,59.889,59.918,59.776,59.913,1059
2026-07-10 10:00:00,59.919,59.957,59.762,59.897,1203
2026-07-10 10:15:00,59.894,59.937,59.606,59.637,1037
2026-07-10 10:30:00,59.638,59.655,59.485,59.587,1065
2026-07-10 10:45:00,59.589,59.6,59.355,59.509,1082
2026-07-10 11:00:00,59.501,59.602,59.402,59.532,1097
2026-07-10 11:15:00,59.533,59.572,59.429,59.543,999
2026-07-10 11:30:00,59.528,59.575,59.414,59.526,969
2026-07-10 11:45:00,59.53,59.546,59.38,59.474,892
2026-07-10 12:00:00,59.475,59.596,59.475,59.522,904
2026-07-10 12:15:00,59.525,59.648,59.443,59.643,840
2026-07-10 12:30:00,59.648,59.7,59.476,59.505,738
2026-07-10 12:45:00,59.509,59.513,59.27,59.274,776
2026-07-10 13:00:00,59.257,59.465,59.253,59.447,998
2026-07-10 13:15:00,59.448,59.55,59.308,59.309,1059
2026-07-10 13:30:00,59.307,59.517,59.268,59.496,1409
2026-07-10 13:45:00,59.49,59.536,59.394,59.404,810
2026-07-10 14:00:00,59.409,59.864,59.333,59.776,1331
2026-07-10 14:15:00,59.754,59.828,59.549,59.721,1524
2026-07-10 14:30:00,59.727,59.765,59.497,59.506,1608
2026-07-10 14:45:00,59.504,59.651,59.489,59.611,1593
2026-07-10 15:00:00,59.616,59.864,59.538,59.783,2123
2026-07-10 15:15:00,59.774,59.874,59.322,59.351,1552
2026-07-10 15:30:00,59.362,59.776,59.343,59.65,2095
2026-07-10 15:45:00,59.654,59.866,59.607,59.7,1892
2026-07-10 16:00:00,59.703,59.821,59.641,59.691,1824
2026-07-10 16:15:00,59.69,60.04,59.638,59.894,1677
2026-07-10 16:30:00,59.897,59.916,58.85,59.589,2872
2026-07-10 16:45:00,59.592,59.816,59.413,59.426,2412
2026-07-10 17:00:00,59.434,59.649,59.389,59.539,2695
2026-07-10 17:15:00,59.54,59.84,59.531,59.788,1985
2026-07-10 17:30:00,59.787,59.822,59.709,59.766,1814
2026-07-10 17:45:00,59.765,59.976,59.755,59.949,1337
2026-07-10 18:00:00,59.947,60.009,59.816,59.847,1287
2026-07-10 18:15:00,59.85,59.926,59.77,59.866,1394
2026-07-10 18:30:00,59.867,59.918,59.841,59.842,1423
2026-07-10 18:45:00,59.841,59.864,59.707,59.707,1592
2026-07-10 19:00:00,59.711,59.764,59.588,59.632,1772
2026-07-10 19:15:00,59.633,59.786,59.626,59.698,1618
2026-07-10 19:30:00,59.696,59.724,59.578,59.584,1198
2026-07-10 19:45:00,59.582,59.666,59.524,59.529,983
2026-07-10 20:00:00,59.536,59.608,59.506,59.591,923
2026-07-10 20:15:00,59.598,59.68,59.516,59.623,1263
2026-07-10 20:30:00,59.628,59.682,59.514,59.529,618
2026-07-10 20:45:00,59.53,59.585,59.514,59.555,519
2026-07-10 21:00:00,59.556,59.645,59.489,59.631,479
2026-07-10 21:15:00,59.634,59.658,59.595,59.627,378
2026-07-10 21:30:00,59.631,59.67,59.592,59.63,558
2026-07-10 21:45:00,59.629,59.684,59.617,59.678,804
2026-07-10 22:00:00,59.675,59.825,59.659,59.728,588
2026-07-10 22:15:00,59.722,59.775,59.7,59.75,447
2026-07-10 22:30:00,59.744,59.787,59.724,59.764,390
2026-07-10 22:45:00,59.76,59.889,59.749,59.861,731
2026-07-13 00:00:00,59.279,59.337,58.632,58.725,1512
2026-07-13 00:15:00,58.727,58.832,58.654,58.721,1352
2026-07-13 00:30:00,58.718,58.844,58.636,58.656,1368
2026-07-13 00:45:00,58.654,58.803,58.48,58.722,1706
2026-07-13 01:00:00,58.726,58.729,58.594,58.633,1746
2026-07-13 01:15:00,58.632,58.756,58.6,58.756,1129
2026-07-13 01:30:00,58.754,58.814,58.685,58.766,538
2026-07-13 01:45:00,58.762,58.939,58.645,58.914,1182
2026-07-13 02:00:00,58.925,59.357,58.833,59.254,1479
2026-07-13 02:15:00,59.253,59.294,58.976,58.982,1654
2026-07-13 02:30:00,58.981,58.989,58.641,58.882,1658
2026-07-13 02:45:00,58.883,59.023,58.727,58.779,1524
2026-07-13 03:00:00,58.784,58.932,58.522,58.869,2398
2026-07-13 03:15:00,58.87,58.959,58.562,58.742,1893
2026-07-13 03:30:00,58.74,59.084,58.687,58.978,1757
2026-07-13 03:45:00,58.975,59.114,58.408,58.471,2039
2026-07-13 04:00:00,58.485,58.515,58.338,58.399,1753
2026-07-13 04:15:00,58.402,58.49,58.304,58.304,1319
2026-07-13 04:30:00,58.3,58.589,58.243,58.366,1597
2026-07-13 04:45:00,58.365,58.424,58.257,58.375,1287
2026-07-13 05:00:00,58.366,58.392,57.991,58.068,1465
2026-07-13 05:15:00,58.065,58.214,58.065,58.192,1296
2026-07-13 05:30:00,58.19,58.198,58.021,58.058,814
2026-07-13 05:45:00,58.057,58.164,58.057,58.154,480
2026-07-13 06:00:00,58.156,58.158,58.008,58.042,670
2026-07-13 06:15:00,58.046,58.155,57.976,58.136,654
2026-07-13 06:30:00,58.132,58.162,58.05,58.085,589
2026-07-13 06:45:00,58.084,58.227,58.081,58.212,610
2026-07-13 07:00:00,58.211,58.518,58.098,58.464,1119
2026-07-13 07:15:00,58.47,58.497,58.071,58.086,979
2026-07-13 07:30:00,58.076,58.374,57.911,58.304,1602
2026-07-13 07:45:00,58.305,58.32,57.975,58.028,1476
2026-07-13 08:00:00,58.025,58.124,57.685,57.759,1914
2026-07-13 08:15:00,57.757,58.002,57.754,58.002,1802
2026-07-13 08:30:00,58.011,58.183,57.939,58.122,1658
2026-07-13 08:45:00,58.121,58.13,57.901,57.944,1946
2026-07-13 09:00:00,57.95,58.343,57.835,58.213,1804
2026-07-13 09:15:00,58.214,58.243,58.124,58.222,1137
2026-07-13 09:30:00,58.22,58.373,58.163,58.257,1099
2026-07-13 09:45:00,58.258,58.503,58.258,58.47,1162
2026-07-13 10:00:00,58.482,58.924,58.482,58.888,1735
2026-07-13 10:15:00,58.892,58.973,58.842,58.842,1376
2026-07-13 10:30:00,58.844,58.936,58.771,58.903,1020
2026-07-13 10:45:00,58.899,58.948,58.832,58.848,900
2026-07-13 11:00:00,58.854,58.865,58.675,58.711,956
2026-07-13 11:15:00,58.712,58.73,58.585,58.605,919
2026-07-13 11:30:00,58.608,58.668,58.515,58.587,960
2026-07-13 11:45:00,58.588,58.619,58.423,58.439,874
2026-07-13 12:00:00,58.438,58.542,58.425,58.462,863
2026-07-13 12:15:00,58.463,58.485,58.346,58.373,752
2026-07-13 12:30:00,58.375,58.48,58.258,58.291,965
2026-07-13 12:45:00,58.288,58.486,58.262,58.394,1273
2026-07-13 13:00:00,58.403,58.564,58.301,58.434,1357
2026-07-13 13:15:00,58.433,58.606,58.382,58.596,989
2026-07-13 13:30:00,58.586,58.737,58.58,58.704,1094
2026-07-13 13:45:00,58.707,58.736,58.479,58.517,1224
2026-07-13 14:00:00,58.522,58.569,58.352,58.427,1286
2026-07-13 14:15:00,58.432,58.563,58.279,58.285,1331
2026-07-13 14:30:00,58.289,58.447,58.212,58.425,1457
2026-07-13 14:45:00,58.427,58.669,58.412,58.648,1333
2026-07-13 15:00:00,58.66,58.66,58.319,58.402,1950
2026-07-13 15:15:00,58.408,58.696,58.253,58.549,1536
2026-07-13 15:30:00,58.553,58.598,58.187,58.314,2527
2026-07-13 15:45:00,58.315,58.366,58.023,58.163,2760
2026-07-13 16:00:00,58.166,58.233,57.863,58.129,2755
2026-07-13 16:15:00,58.128,58.186,57.513,57.98,2946
2026-07-13 16:30:00,57.959,57.976,57.632,57.777,2645
2026-07-13 16:45:00,57.776,58.098,57.718,58.098,2440
2026-07-13 17:00:00,58.097,58.145,57.927,57.992,1146
2026-07-13 17:15:00,57.993,58.097,57.928,58.071,1088
2026-07-13 17:30:00,58.081,58.151,57.954,57.984,959
2026-07-13 17:45:00,57.98,58.003,57.883,57.972,949
2026-07-13 18:00:00,57.973,58.042,57.928,57.975,921
2026-07-13 18:15:00,57.973,57.973,57.582,57.666,1127
2026-07-13 18:30:00,57.661,57.705,57.385,57.619,1803
2026-07-13 18:45:00,57.616,57.673,57.425,57.583,1647
2026-07-13 19:00:00,57.595,57.702,57.552,57.696,1188
2026-07-13 19:15:00,57.698,57.746,57.535,57.598,1176
2026-07-13 19:30:00,57.596,57.606,57.493,57.533,878
2026-07-13 19:45:00,57.54,57.588,57.244,57.299,1438
2026-07-13 20:00:00,57.302,57.416,57.26,57.413,1617
2026-07-13 20:15:00,57.408,57.525,57.259,57.471,1536
2026-07-13 20:30:00,57.468,57.571,57.42,57.547,1114
2026-07-13 20:45:00,57.549,57.684,57.505,57.577,1210
2026-07-13 21:00:00,57.586,57.655,57.443,57.455,1391
2026-07-13 21:15:00,57.457,57.541,57.395,57.427,1211
2026-07-13 21:30:00,57.429,57.549,57.374,57.549,1137
2026-07-13 21:45:00,57.548,57.688,57.508,57.673,986
2026-07-13 22:00:00,57.672,57.754,57.575,57.586,701
2026-07-13 22:15:00,57.582,57.605,57.494,57.589,650
2026-07-13 22:30:00,57.587,57.592,57.514,57.555,488
2026-07-13 22:45:00,57.553,57.675,57.545,57.628,502
2026-07-14 00:00:00,57.64,57.683,57.567,57.645,437
2026-07-14 00:15:00,57.655,57.706,57.651,57.656,293
2026-07-14 00:30:00,57.655,57.683,57.617,57.64,409
2026-07-14 00:45:00,57.638,57.676,57.574,57.599,462
2026-07-14 01:00:00,57.597,57.602,57.468,57.475,570
2026-07-14 01:15:00,57.476,57.562,57.465,57.476,422
2026-07-14 01:30:00,57.478,57.478,57.381,57.41,595
2026-07-14 01:45:00,57.403,57.589,57.378,57.584,1033
2026-07-14 02:00:00,57.604,57.627,57.043,57.318,2009
2026-07-14 02:15:00,57.315,57.341,57.064,57.231,1911
2026-07-14 02:30:00,57.235,57.523,57.19,57.382,1723
2026-07-14 02:45:00,57.385,57.572,57.376,57.465,1640
2026-07-14 03:00:00,57.475,57.475,56.845,56.878,2329
2026-07-14 03:15:00,56.885,57.299,56.872,57.11,2134
2026-07-14 03:30:00,57.119,57.278,56.899,57.136,1958
2026-07-14 03:45:00,57.142,57.431,57.052,57.393,1769
2026-07-14 04:00:00,57.399,57.587,57.294,57.56,1780
2026-07-14 04:15:00,57.552,57.699,57.535,57.693,1221
2026-07-14 04:30:00,57.701,57.751,57.518,57.565,1535
2026-07-14 04:45:00,57.562,57.606,57.454,57.557,1284
2026-07-14 05:00:00,57.559,57.651,57.335,57.405,1259
2026-07-14 05:15:00,57.409,57.599,57.31,57.589,1382
2026-07-14 05:30:00,57.59,57.635,57.491,57.572,1301
2026-07-14 05:45:00,57.57,57.683,57.554,57.654,1138
2026-07-14 06:00:00,57.673,57.735,57.55,57.554,1124
2026-07-14 06:15:00,57.556,57.624,57.505,57.515,1060
2026-07-14 06:30:00,57.519,57.727,57.507,57.678,970
2026-07-14 06:45:00,57.676,57.832,57.629,57.799,1092
2026-07-14 07:00:00,57.809,57.965,57.788,57.93,965
2026-07-14 07:15:00,57.942,58.012,57.841,57.982,945
2026-07-14 07:30:00,57.978,58.329,57.978,58.283,1785
2026-07-14 07:45:00,58.282,58.407,58.196,58.225,1477
2026-07-14 08:00:00,58.23,58.265,58.118,58.146,1490
2026-07-14 08:15:00,58.148,58.15,57.994,58.013,1257
2026-07-14 08:30:00,58.018,58.179,58.012,58.152,1427
2026-07-14 08:45:00,58.155,58.265,58.113,58.149,1486
2026-07-14 09:00:00,58.147,58.225,58.0,58.078,1451
2026-07-14 09:15:00,58.075,58.203,58.071,58.113,1194
2026-07-14 09:30:00,58.114,58.135,57.922,57.926,1315
2026-07-14 09:45:00,57.929,58.083,57.918,57.952,1027
2026-07-14 10:00:00,57.968,58.029,57.819,57.869,1522
2026-07-14 10:15:00,57.874,58.055,57.873,58.01,966
2026-07-14 10:30:00,58.007,58.105,57.968,58.055,1568
2026-07-14 10:45:00,58.054,58.086,57.943,57.947,1250
2026-07-14 11:00:00,57.944,58.16,57.929,58.116,1127
2026-07-14 11:15:00,58.118,58.118,57.967,57.98,1005
2026-07-14 11:30:00,57.984,58.018,57.948,57.981,893
2026-07-14 11:45:00,57.98,58.172,57.969,58.085,849
2026-07-14 12:00:00,58.087,58.096,57.931,57.953,936
2026-07-14 12:15:00,57.956,57.969,57.843,57.922,846
2026-07-14 12:30:00,57.92,57.933,57.823,57.887,919
2026-07-14 12:45:00,57.885,57.958,57.832,57.832,800
2026-07-14 13:00:00,57.833,57.904,57.716,57.856,1438
2026-07-14 13:15:00,57.852,58.096,57.84,57.978,1186
2026-07-14 13:30:00,57.979,58.036,57.925,58.008,1250
2026-07-14 13:45:00,58.009,58.089,57.968,58.051,1121
2026-07-14 14:00:00,58.064,58.078,57.851,57.873,1282
2026-07-14 14:15:00,57.87,57.999,57.78,57.932,1394
2026-07-14 14:30:00,57.814,59.654,57.814,59.126,2867
2026-07-14 14:45:00,59.129,59.173,58.596,58.992,2393
2026-07-14 15:00:00,58.991,59.154,58.856,58.957,2675
2026-07-14 15:15:00,58.955,59.28,58.934,59.174,2351
2026-07-14 15:30:00,59.18,59.532,59.052,59.505,2624
2026-07-14 15:45:00,59.501,59.514,59.032,59.066,2517
2026-07-14 16:00:00,59.068,59.191,58.902,59.09,2583
2026-07-14 16:15:00,59.086,59.261,58.839,59.065,2721
2026-07-14 16:30:00,59.066,59.407,58.965,59.184,2208
2026-07-14 16:45:00,59.189,59.32,59.081,59.279,1370
2026-07-14 17:00:00,59.277,59.644,59.075,59.317,1977
2026-07-14 17:15:00,59.308,59.342,59.114,59.17,1756
2026-07-14 17:30:00,59.168,59.184,58.71,58.893,2446
2026-07-14 17:45:00,58.889,58.947,58.719,58.762,2060
2026-07-14 18:00:00,58.763,58.817,58.604,58.773,2230
2026-07-14 18:15:00,58.77,58.87,58.72,58.798,1295
2026-07-14 18:30:00,58.793,58.844,58.683,58.761,1028
2026-07-14 18:45:00,58.76,58.788,58.633,58.721,987
2026-07-14 19:00:00,58.724,58.752,58.561,58.629,1399
2026-07-14 19:15:00,58.632,58.812,58.58,58.784,1582
2026-07-14 19:30:00,58.785,58.812,58.714,58.722,1024
2026-07-14 19:45:00,58.725,58.802,58.677,58.781,1039
2026-07-14 20:00:00,58.777,58.816,58.714,58.809,702
2026-07-14 20:15:00,58.807,58.827,58.701,58.723,1092
2026-07-14 20:30:00,58.719,58.752,58.451,58.535,1277
2026-07-14 20:45:00,58.53,58.623,58.481,58.605,1052
2026-07-14 21:00:00,58.609,58.777,58.58,58.749,831
2026-07-14 21:15:00,58.755,58.769,58.68,58.701,878
2026-07-14 21:30:00,58.7,58.748,58.622,58.737,1089
2026-07-14 21:45:00,58.738,58.823,58.714,58.788,1052
2026-07-14 22:00:00,58.795,58.803,58.734,58.742,470
2026-07-14 22:15:00,58.741,58.752,58.668,58.68,385
2026-07-14 22:30:00,58.683,58.699,58.642,58.662,294
2026-07-14 22:45:00,58.658,58.688,58.6,58.684,452
2026-07-15 00:00:00,58.72,58.752,58.636,58.66,372
2026-07-15 00:15:00,58.655,58.716,58.646,58.675,370
2026-07-15 00:30:00,58.674,58.705,58.626,58.641,421
2026-07-15 00:45:00,58.642,58.657,58.604,58.644,287
2026-07-15 01:00:00,58.638,58.689,58.626,58.649,342
2026-07-15 01:15:00,58.659,58.78,58.607,58.78,333
2026-07-15 01:30:00,58.773,58.83,58.743,58.787,529
2026-07-15 01:45:00,58.802,58.802,58.719,58.767,377
2026-07-15 02:00:00,58.784,58.823,58.721,58.733,1356
2026-07-15 02:15:00,58.727,58.899,58.721,58.894,1242
2026-07-15 02:30:00,58.898,58.905,58.698,58.758,1035
2026-07-15 02:45:00,58.757,59.012,58.752,58.927,1159
2026-07-15 03:00:00,58.945,58.992,58.814,58.941,1655
2026-07-15 03:15:00,58.932,59.044,58.899,58.928,1775
2026-07-15 03:30:00,58.924,58.926,58.431,58.505,1911
2026-07-15 03:45:00,58.512,58.605,58.371,58.4,1685
2026-07-15 04:00:00,58.397,58.504,58.231,58.37,1590
2026-07-15 04:15:00,58.371,58.374,58.261,58.367,1140
2026-07-15 04:30:00,58.368,58.681,58.35,58.675,1319
2026-07-15 04:45:00,58.677,58.693,58.485,58.512,1235
2026-07-15 05:00:00,58.515,58.575,58.404,58.433,1472
2026-07-15 05:15:00,58.435,58.436,58.18,58.223,1404
2026-07-15 05:30:00,58.222,58.442,58.22,58.305,860
2026-07-15 05:45:00,58.303,58.422,58.299,58.376,795
2026-07-15 06:00:00,58.38,58.474,58.334,58.391,562
2026-07-15 06:15:00,58.39,58.495,58.353,58.465,710
2026-07-15 06:30:00,58.462,58.48,58.325,58.378,706
2026-07-15 06:45:00,58.379,58.481,58.377,58.458,667
2026-07-15 07:00:00,58.472,58.536,58.207,58.25,1286
2026-07-15 07:15:00,58.245,58.331,58.225,58.259,908
2026-07-15 07:30:00,58.261,58.487,58.11,58.405,1779
2026-07-15 07:45:00,58.41,58.531,58.325,58.531,1360
2026-07-15 08:00:00,58.528,58.541,58.261,58.264,1737
2026-07-15 08:15:00,58.262,58.281,58.022,58.172,1592
2026-07-15 08:30:00,58.182,58.261,58.069,58.246,1492
2026-07-15 08:45:00,58.244,58.378,58.207,58.328,1192
2026-07-15 09:00:00,58.333,58.534,58.27,58.328,1085
2026-07-15 09:15:00,58.334,58.35,57.977,58.108,1246
2026-07-15 09:30:00,58.11,58.154,57.978,58.066,1223
2026-07-15 09:45:00,58.064,58.206,58.018,58.136,958
2026-07-15 10:00:00,58.16,58.215,58.04,58.055,1199
2026-07-15 10:15:00,58.058,58.248,58.058,58.244,1205
2026-07-15 10:30:00,58.255,58.339,58.22,58.301,1149
2026-07-15 10:45:00,58.3,58.388,58.288,58.354,1077
2026-07-15 11:00:00,58.356,58.437,58.317,58.318,1088
2026-07-15 11:15:00,58.32,58.403,58.29,58.319,866
2026-07-15 11:30:00,58.32,58.376,58.286,58.313,845
2026-07-15 11:45:00,58.316,58.316,58.2,58.252,850
2026-07-15 12:00:00,58.253,58.286,58.171,58.213,1062
2026-07-15 12:15:00,58.218,58.284,57.895,58.037,1286
2026-07-15 12:30:00,58.035,58.152,57.995,58.061,1052
2026-07-15 12:45:00,58.053,58.057,57.92,57.969,1063
2026-07-15 13:00:00,57.966,58.014,57.832,57.871,1113
2026-07-15 13:15:00,57.872,57.985,57.816,57.951,1113
2026-07-15 13:30:00,57.954,58.191,57.905,58.132,1186
2026-07-15 13:45:00,58.133,58.171,58.043,58.145,1120
2026-07-15 14:00:00,58.154,58.187,58.011,58.056,1277
2026-07-15 14:15:00,58.058,58.209,57.782,57.871,1532
2026-07-15 14:30:00,57.872,58.484,57.872,58.317,2058
2026-07-15 14:45:00,58.311,58.722,58.284,58.613,1354
2026-07-15 15:00:00,58.631,58.832,58.458,58.476,1992
2026-07-15 15:15:00,58.47,58.522,58.229,58.308,1635
2026-07-15 15:30:00,58.311,58.506,58.305,58.342,2039
2026-07-15 15:45:00,58.339,58.452,58.132,58.318,2130
2026-07-15 16:00:00,58.319,58.448,58.273,58.358,1875
2026-07-15 16:15:00,58.36,58.422,58.099,58.182,2272
2026-07-15 16:30:00,58.184,58.267,58.039,58.056,2323
2026-07-15 16:45:00,58.053,58.128,57.945,58.093,2178
2026-07-15 17:00:00,58.102,58.165,57.547,57.584,2023
2026-07-15 17:15:00,57.589,57.737,57.435,57.677,1978
2026-07-15 17:30:00,57.686,57.766,57.585,57.749,1701
2026-07-15 17:45:00,57.751,57.803,57.622,57.626,1927
2026-07-15 18:00:00,57.625,57.674,57.451,57.473,1881
2026-07-15 18:15:00,57.472,57.539,56.945,56.974,2292
2026-07-15 18:30:00,56.972,57.082,56.593,56.681,2308
2026-07-15 18:45:00,56.673,56.962,56.662,56.868,1773
2026-07-15 19:00:00,56.872,56.998,56.838,56.927,1098
2026-07-15 19:15:00,56.926,57.288,56.845,57.266,1116
2026-07-15 19:30:00,57.263,57.627,57.259,57.615,1853
2026-07-15 19:45:00,57.617,57.728,57.575,57.648,1525
2026-07-15 20:00:00,57.651,58.083,57.63,58.078,1593
2026-07-15 20:15:00,58.079,58.234,58.011,58.196,1509
2026-07-15 20:30:00,58.21,58.378,57.985,57.994,1500
2026-07-15 20:45:00,57.993,58.038,57.822,57.875,1355
2026-07-15 21:00:00,57.874,58.027,57.843,57.982,1259
2026-07-15 21:15:00,57.981,57.991,57.778,57.806,1513
2026-07-15 21:30:00,57.814,57.846,57.586,57.644,1706
2026-07-15 21:45:00,57.64,57.733,57.613,57.723,1255
2026-07-15 22:00:00,57.715,57.758,57.681,57.701,583
2026-07-15 22:15:00,57.702,57.784,57.694,57.775,319
2026-07-15 22:30:00,57.77,57.811,57.748,57.775,167
2026-07-15 22:45:00,57.772,57.834,57.597,57.751,273
2026-07-16 00:00:00,57.845,57.891,57.667,57.816,486
2026-07-16 00:15:00,57.818,57.844,57.786,57.841,375
2026-07-16 00:30:00,57.838,57.838,57.754,57.772,302
2026-07-16 00:45:00,57.769,57.801,57.717,57.778,388
2026-07-16 01:00:00,57.769,57.848,57.753,57.829,453
2026-07-16 01:15:00,57.824,57.83,57.759,57.812,322
2026-07-16 01:30:00,57.807,57.833,57.725,57.776,371
2026-07-16 01:45:00,57.771,57.822,57.742,57.764,607
2026-07-16 02:00:00,57.757,57.819,57.673,57.729,1378
2026-07-16 02:15:00,57.723,57.807,57.667,57.699,1172
2026-07-16 02:30:00,57.702,57.778,57.519,57.549,1027
2026-07-16 02:45:00,57.546,57.744,57.411,57.44,1310
2026-07-16 03:00:00,57.444,57.574,57.23,57.322,2118
2026-07-16 03:15:00,57.323,57.366,56.853,56.916,1764
2026-07-16 03:30:00,56.912,57.239,56.908,57.158,1640
2026-07-16 03:45:00,57.155,57.23,56.944,57.08,1903
2026-07-16 04:00:00,57.081,57.135,56.885,56.952,1586
2026-07-16 04:15:00,56.942,57.134,56.868,57.134,1200
2026-07-16 04:30:00,57.144,57.153,56.838,56.993,1669
2026-07-16 04:45:00,56.99,57.138,56.886,57.114,1392
2026-07-16 05:00:00,57.123,57.128,56.912,56.94,1168
2026-07-16 05:15:00,56.941,57.126,56.902,57.107,1371
2026-07-16 05:30:00,57.102,57.171,57.042,57.131,938
2026-07-16 05:45:00,57.134,57.217,57.097,57.191,534
2026-07-16 06:00:00,57.199,57.219,57.096,57.204,620
2026-07-16 06:15:00,57.191,57.192,57.056,57.081,725
2026-07-16 06:30:00,57.079,57.116,57.0,57.013,589
2026-07-16 06:45:00,57.016,57.104,57.01,57.057,523
2026-07-16 07:00:00,57.055,57.095,56.961,57.092,665
2026-07-16 07:15:00,57.09,57.149,56.979,57.001,878
2026-07-16 07:30:00,56.996,57.267,56.914,57.256,1833
2026-07-16 07:45:00,57.252,57.272,57.046,57.135,1595
2026-07-16 08:00:00,57.146,57.439,57.134,57.303,2061
2026-07-16 08:15:00,57.312,57.32,57.101,57.151,1835
2026-07-16 08:30:00,57.147,57.162,56.81,57.001,2127
2026-07-16 08:45:00,56.999,57.179,56.97,57.155,1489
2026-07-16 09:00:00,57.145,57.177,56.973,56.981,1420
2026-07-16 09:15:00,56.978,56.985,56.682,56.78,1371
2026-07-16 09:30:00,56.772,56.901,56.714,56.82,1309
2026-07-16 09:45:00,56.828,56.894,56.701,56.824,1476
2026-07-16 10:00:00,56.823,56.975,56.543,56.57,1592
2026-07-16 10:15:00,56.568,56.949,56.547,56.849,1362
2026-07-16 10:30:00,56.85,56.935,56.796,56.904,1401
2026-07-16 10:45:00,56.905,57.036,56.905,57.025,786
2026-07-16 11:00:00,57.027,57.095,56.984,57.043,1257
2026-07-16 11:15:00,57.047,57.097,56.976,57.014,1040
2026-07-16 11:30:00,57.011,57.031,56.909,56.932,1081
2026-07-16 11:45:00,56.931,57.036,56.856,56.911,900
2026-07-16 12:00:00,56.899,56.921,56.707,56.742,1142
2026-07-16 12:15:00,56.746,56.788,56.607,56.714,999
2026-07-16 12:30:00,56.709,56.766,56.58,56.614,984
2026-07-16 12:45:00,56.617,56.655,56.498,56.535,1090
2026-07-16 13:00:00,56.551,56.61,56.384,56.539,1125
2026-07-16 13:15:00,56.533,56.612,56.43,56.498,1163
2026-07-16 13:30:00,56.494,56.686,56.472,56.617,1514
2026-07-16 13:45:00,56.616,56.791,56.406,56.718,1732
2026-07-16 14:00:00,56.725,56.798,56.511,56.543,1530
2026-07-16 14:15:00,56.531,56.578,56.213,56.441,1937
2026-07-16 14:30:00,56.436,56.747,55.987,56.063,2403
2026-07-16 14:45:00,56.065,56.191,55.717,55.814,2303
2026-07-16 15:00:00,55.768,55.914,55.376,55.852,2825
2026-07-16 15:15:00,55.855,56.338,55.84,56.301,2250
2026-07-16 15:30:00,56.305,56.396,55.663,55.671,2945
2026-07-16 15:45:00,55.683,55.896,55.625,55.704,2684
2026-07-16 16:00:00,55.699,55.92,55.628,55.692,2652
2026-07-16 16:15:00,55.695,56.111,55.633,56.057,1918
2026-07-16 16:30:00,56.055,56.238,55.948,56.238,2579
2026-07-16 16:45:00,56.239,56.291,55.96,56.097,2335
2026-07-16 17:00:00,56.108,56.161,55.942,56.001,2148
2026-07-16 17:15:00,56.002,56.493,55.991,56.363,1945
2026-07-16 17:30:00,56.361,56.48,56.253,56.364,1939
2026-07-16 17:45:00,56.363,56.452,56.252,56.273,1617
2026-07-16 18:00:00,56.282,56.289,55.928,55.93,2042
2026-07-16 18:15:00,55.924,55.968,55.786,55.957,2603
2026-07-16 18:30:00,55.96,56.057,55.894,56.007,2086
2026-07-16 18:45:00,56.006,56.154,55.923,56.036,2006
2026-07-16 19:00:00,56.05,56.095,55.837,55.862,2046
2026-07-16 19:15:00,55.87,55.972,55.741,55.801,1999
2026-07-16 19:30:00,55.8,55.814,55.579,55.63,1790
2026-07-16 19:45:00,55.635,55.773,55.605,55.678,1539
2026-07-16 20:00:00,55.685,55.806,55.642,55.722,1600
2026-07-16 20:15:00,55.718,55.853,55.68,55.701,1394
2026-07-16 20:30:00,55.702,55.702,55.307,55.544,1683
2026-07-16 20:45:00,55.539,55.625,55.474,55.526,1114
2026-07-16 21:00:00,55.534,55.677,55.501,55.549,1159
2026-07-16 21:15:00,55.548,55.683,55.512,55.53,1211
2026-07-16 21:30:00,55.527,55.568,55.347,55.47,1167
2026-07-16 21:45:00,55.464,55.726,55.408,55.716,1811
2026-07-16 22:00:00,55.713,55.713,55.509,55.515,717
2026-07-16 22:15:00,55.512,55.561,55.485,55.507,571
2026-07-16 22:30:00,55.51,55.524,55.446,55.498,670
2026-07-16 22:45:00,55.491,55.547,55.396,55.509,648
2026-07-17 00:00:00,55.578,55.652,55.514,55.519,488
2026-07-17 00:15:00,55.521,55.557,55.486,55.523,353
2026-07-17 00:30:00,55.525,55.544,55.456,55.459,532
2026-07-17 00:45:00,55.465,55.538,55.433,55.53,578
2026-07-17 01:00:00,55.528,55.571,55.469,55.547,831
2026-07-17 01:15:00,55.545,55.551,55.477,55.522,389
2026-07-17 01:30:00,55.519,55.556,55.445,55.514,538
2026-07-17 01:45:00,55.513,55.58,55.387,55.561,1146
2026-07-17 02:00:00,55.571,55.589,55.433,55.437,1378
2026-07-17 02:15:00,55.444,55.644,55.423,55.437,1733
2026-07-17 02:30:00,55.436,55.469,55.331,55.356,1035
2026-07-17 02:45:00,55.36,55.771,55.342,55.738,1462
2026-07-17 03:00:00,55.737,55.761,55.515,55.634,2022
2026-07-17 03:15:00,55.629,55.708,55.414,55.526,1653
2026-07-17 03:30:00,55.531,55.552,55.356,55.399,1826
2026-07-17 03:45:00,55.393,55.426,55.024,55.203,2010
2026-07-17 04:00:00,55.21,55.285,55.062,55.192,1935
2026-07-17 04:15:00,55.191,55.294,55.166,55.193,1023
2026-07-17 04:30:00,55.192,55.195,54.811,54.834,1721
2026-07-17 04:45:00,54.833,54.948,54.751,54.914,1620
2026-07-17 05:00:00,54.915,55.33,54.911,55.229,1632
2026-07-17 05:15:00,55.231,55.761,55.231,55.611,1748
2026-07-17 05:30:00,55.609,55.617,55.517,55.593,950
2026-07-17 05:45:00,55.606,55.642,55.36,55.386,812
2026-07-17 06:00:00,55.385,55.41,55.296,55.33,1016
2026-07-17 06:15:00,55.332,55.4,55.248,55.27,921
2026-07-17 06:30:00,55.272,55.291,55.082,55.19,916
2026-07-17 06:45:00,55.203,55.263,55.177,55.197,735
2026-07-17 07:00:00,55.191,55.213,55.086,55.145,1070
2026-07-17 07:15:00,55.143,55.178,54.97,54.985,1015
2026-07-17 07:30:00,54.975,55.381,54.924,55.294,1981
2026-07-17 07:45:00,55.296,55.552,55.116,55.451,1757
2026-07-17 08:00:00,55.448,55.996,55.439,55.93,2299
2026-07-17 08:15:00,55.934,55.935,55.782,55.832,1891
2026-07-17 08:30:00,55.836,55.898,55.515,55.519,1775
2026-07-17 08:45:00,55.52,55.631,55.481,55.501,1566
2026-07-17 09:00:00,55.497,55.576,55.367,55.483,1645
2026-07-17 09:15:00,55.484,55.566,55.389,55.469,1583
2026-07-17 09:30:00,55.47,55.588,55.448,55.588,1495
2026-07-17 09:45:00,55.597,55.597,55.412,55.424,1356
2026-07-17 10:00:00,55.42,55.654,55.348,55.404,1310
2026-07-17 10:15:00,55.41,55.458,55.24,55.368,1116
2026-07-17 10:30:00,55.365,55.434,55.192,55.434,1048
2026-07-17 10:45:00,55.433,55.559,55.405,55.444,955
2026-07-17 11:00:00,55.442,55.621,55.436,55.605,1528
2026-07-17 11:15:00,55.606,55.716,55.548,55.637,1517
2026-07-17 11:30:00,55.638,55.654,55.454,55.514,1135
2026-07-17 11:45:00,55.522,55.573,55.504,55.559,966
2026-07-17 12:00:00,55.564,55.564,55.431,55.514,730
2026-07-17 12:15:00,55.511,55.514,55.378,55.449,700
2026-07-17 12:30:00,55.447,55.483,55.403,55.443,582
2026-07-17 12:45:00,55.439,55.5,55.257,55.257,614
2026-07-17 13:00:00,55.272,55.364,55.238,55.312,868
2026-07-17 13:15:00,55.31,55.463,55.241,55.432,716
2026-07-17 13:30:00,55.436,55.447,55.336,55.344,651
2026-07-17 13:45:00,55.349,55.551,55.33,55.403,697
2026-07-17 14:00:00,55.414,55.446,55.18,55.318,1257
2026-07-17 14:15:00,55.322,55.36,55.158,55.309,1733
2026-07-17 14:30:00,55.306,55.367,54.989,55.108,1685
2026-07-17 14:45:00,55.111,55.298,54.974,55.061,2030
2026-07-17 15:00:00,55.064,55.285,54.951,55.046,2399
2026-07-17 15:15:00,55.041,55.141,54.9,54.942,2352
2026-07-17 15:30:00,54.943,55.358,54.841,55.123,2945
2026-07-17 15:45:00,55.124,55.787,55.027,55.776,2643
2026-07-17 16:00:00,55.784,55.876,55.635,55.657,2517
2026-07-17 16:15:00,55.674,55.978,55.65,55.824,2474
2026-07-17 16:30:00,55.822,55.83,55.575,55.624,2255
2026-07-17 16:45:00,55.621,55.696,55.509,55.683,2648
2026-07-17 17:00:00,55.685,55.996,55.62,55.815,2496
2026-07-17 17:15:00,55.814,55.927,55.721,55.927,2105
2026-07-17 17:30:00,55.933,56.109,55.826,56.015,1936
2026-07-17 17:45:00,56.012,56.179,55.975,56.064,1903
2026-07-17 18:00:00,56.071,56.075,55.875,56.01,2164
2026-07-17 18:15:00,56.008,56.082,55.958,56.032,2179
2026-07-17 18:30:00,56.033,56.052,55.892,56.003,1940
2026-07-17 18:45:00,56.004,56.081,55.966,55.986,1568
2026-07-17 19:00:00,55.987,56.177,55.987,56.066,1394
2026-07-17 19:15:00,56.065,56.12,56.036,56.053,1337
2026-07-17 19:30:00,56.055,56.066,55.867,55.884,1302
2026-07-17 19:45:00,55.883,56.006,55.878,55.926,1353
2026-07-17 20:00:00,55.929,56.051,55.872,56.045,1284
2026-07-17 20:15:00,56.046,56.177,55.982,56.159,1551
2026-07-17 20:30:00,56.14,56.175,55.929,55.949,1122
2026-07-17 20:45:00,55.948,56.141,55.942,56.115,1224
2026-07-17 21:00:00,56.118,56.12,55.93,55.952,1113
2026-07-17 21:15:00,55.95,55.963,55.856,55.895,1098
2026-07-17 21:30:00,55.906,56.122,55.898,56.118,1415
2026-07-17 21:45:00,56.125,56.187,56.106,56.143,1057
2026-07-17 22:00:00,56.141,56.141,56.057,56.063,581
2026-07-17 22:15:00,56.057,56.077,55.895,55.938,403
2026-07-17 22:30:00,55.94,55.941,55.844,55.867,370
2026-07-17 22:45:00,55.874,55.967,55.771,55.796,383
2026-07-20 00:00:00,55.652,55.68,55.603,55.633,208
2026-07-20 00:15:00,55.622,55.68,55.506,55.516,794
2026-07-20 00:30:00,55.508,55.881,55.502,55.79,694
2026-07-20 00:45:00,55.787,55.83,55.713,55.718,395
2026-07-20 01:00:00,55.721,55.817,55.64,55.707,636
2026-07-20 01:15:00,55.708,55.746,55.659,55.716,402
2026-07-20 01:30:00,55.715,55.794,55.665,55.762,539
2026-07-20 01:45:00,55.76,55.885,55.665,55.883,1164
2026-07-20 02:00:00,55.88,56.123,55.596,56.083,1960
2026-07-20 02:15:00,56.092,56.549,56.059,56.451,1844
2026-07-20 02:30:00,56.449,56.455,56.288,56.29,1752
2026-07-20 02:45:00,56.291,56.656,56.291,56.584,1524
2026-07-20 03:00:00,56.585,56.858,56.385,56.474,2603
2026-07-20 03:15:00,56.478,56.492,56.353,56.454,1735
2026-07-20 03:30:00,56.455,56.528,56.339,56.366,1925
2026-07-20 03:45:00,56.373,56.68,56.363,56.633,1557
2026-07-20 04:00:00,56.642,56.908,56.589,56.764,1699
2026-07-20 04:15:00,56.766,56.785,56.653,56.685,1026
2026-07-20 04:30:00,56.672,57.011,56.598,56.955,1918
2026-07-20 04:45:00,56.957,57.328,56.941,57.179,1589
2026-07-20 05:00:00,57.178,57.245,57.063,57.228,1379
2026-07-20 05:15:00,57.229,57.349,57.113,57.14,1430
2026-07-20 05:30:00,57.144,57.207,57.074,57.207,1188
2026-07-20 05:45:00,57.208,57.216,56.972,57.022,850
2026-07-20 06:00:00,57.009,57.04,56.885,56.888,796
2026-07-20 06:15:00,56.891,56.96,56.85,56.948,655
2026-07-20 06:30:00,56.95,57.031,56.888,57.002,693
2026-07-20 06:45:00,56.999,57.003,56.841,56.879,673
2026-07-20 07:00:00,56.88,56.933,56.687,56.784,980
2026-07-20 07:15:00,56.775,56.799,56.593,56.613,1085
2026-07-20 07:30:00,56.616,56.811,56.508,56.535,1753
2026-07-20 07:45:00,56.53,56.595,56.445,56.489,1459
2026-07-20 08:00:00,56.503,56.675,56.49,56.529,1542
2026-07-20 08:15:00,56.525,56.671,56.52,56.576,1285
2026-07-20 08:30:00,56.577,56.618,56.467,56.467,1446
2026-07-20 08:45:00,56.466,56.57,56.4,56.421,1101
2026-07-20 09:00:00,56.422,56.549,56.355,56.426,1296
2026-07-20 09:15:00,56.425,56.629,56.365,56.627,1268
2026-07-20 09:30:00,56.634,56.974,56.63,56.935,1614
2026-07-20 09:45:00,56.933,57.029,56.851,56.984,1269
2026-07-20 10:00:00,56.988,57.164,56.945,57.075,1294
2026-07-20 10:15:00,57.077,57.182,57.027,57.031,1534
2026-07-20 10:30:00,57.038,57.039,56.944,56.951,1027
2026-07-20 10:45:00,56.953,56.965,56.771,56.796,937
2026-07-20 11:00:00,56.8,56.848,56.724,56.758,912
2026-07-20 11:15:00,56.761,56.847,56.676,56.692,836
2026-07-20 11:30:00,56.69,56.901,56.676,56.86,882
2026-07-20 11:45:00,56.862,57.078,56.819,56.983,880
2026-07-20 12:00:00,56.984,56.984,56.843,56.87,688
2026-07-20 12:15:00,56.871,56.928,56.823,56.878,741
2026-07-20 12:30:00,56.872,56.946,56.841,56.879,760
2026-07-20 12:45:00,56.88,56.893,56.783,56.805,670
2026-07-20 13:00:00,56.8,56.989,56.788,56.896,1318
2026-07-20 13:15:00,56.891,56.946,56.846,56.922,1415
2026-07-20 13:30:00,56.918,57.466,56.91,57.203,2226
2026-07-20 13:45:00,57.197,57.2,57.004,57.066,1700
2026-07-20 14:00:00,57.065,57.072,56.668,56.699,1955
2026-07-20 14:15:00,56.698,56.83,56.618,56.826,1326
2026-07-20 14:30:00,56.829,56.939,56.727,56.78,1497
2026-07-20 14:45:00,56.782,56.861,56.729,56.741,1494
2026-07-20 15:00:00,56.737,56.91,56.676,56.815,1921
2026-07-20 15:15:00,56.817,56.93,56.62,56.642,1441
2026-07-20 15:30:00,56.645,57.05,56.635,56.925,2375
2026-07-20 15:45:00,56.931,57.019,56.743,56.747,1740
2026-07-20 16:00:00,56.746,56.79,56.499,56.514,2240
2026-07-20 16:15:00,56.515,56.763,56.369,56.754,1966
2026-07-20 16:30:00,56.758,56.967,56.717,56.809,1998
2026-07-20 16:45:00,56.805,57.004,56.701,56.745,2201
2026-07-20 17:00:00,56.744,57.163,56.661,56.979,2129
2026-07-20 17:15:00,56.981,57.04,56.871,57.038,1432
2026-07-20 17:30:00,57.039,57.066,56.89,56.988,1502
2026-07-20 17:45:00,56.986,57.065,56.909,56.92,1209
2026-07-20 18:00:00,56.916,57.159,56.908,57.056,1657
2026-07-20 18:15:00,57.05,57.088,56.939,56.972,1410
2026-07-20 18:30:00,56.976,56.981,56.568,56.781,1434
2026-07-20 18:45:00,56.777,56.838,56.693,56.796,1167
2026-07-20 19:00:00,56.795,56.948,56.791,56.858,809
2026-07-20 19:15:00,56.856,56.889,56.749,56.839,1091
2026-07-20 19:30:00,56.84,56.857,56.714,56.744,1225
2026-07-20 19:45:00,56.735,56.77,56.619,56.745,1252
2026-07-20 20:00:00,56.743,56.81,56.732,56.78,830
2026-07-20 20:15:00,56.782,56.848,56.595,56.665,1231
2026-07-20 20:30:00,56.666,56.666,56.5,56.5,1042
2026-07-20 20:45:00,56.501,56.589,56.475,56.571,970
2026-07-20 21:00:00,56.57,56.586,56.403,56.42,1060
2026-07-20 21:15:00,56.41,56.698,56.402,56.694,990
2026-07-20 21:30:00,56.676,56.779,56.43,56.433,1286
2026-07-20 21:45:00,56.432,56.477,56.352,56.389,992
2026-07-20 22:00:00,56.395,56.456,56.349,56.356,573
2026-07-20 22:15:00,56.355,56.404,56.35,56.385,239
2026-07-20 22:30:00,56.384,56.434,56.376,56.41,201
2026-07-20 22:45:00,56.417,56.422,56.374,56.386,353
2026-07-21 00:00:00,56.429,56.446,56.318,56.347,202
2026-07-21 00:15:00,56.342,56.346,56.273,56.314,301
2026-07-21 00:30:00,56.312,56.325,56.182,56.222,413
2026-07-21 00:45:00,56.224,56.273,56.087,56.144,619
2026-07-21 01:00:00,56.147,56.315,56.138,56.235,565
2026-07-21 01:15:00,56.246,56.312,56.236,56.264,376
2026-07-21 01:30:00,56.256,56.325,56.237,56.271,388
2026-07-21 01:45:00,56.273,56.346,56.22,56.327,479
2026-07-21 02:00:00,56.328,56.413,56.161,56.373,2153
2026-07-21 02:15:00,56.37,56.558,56.282,56.515,1584
2026-07-21 02:30:00,56.514,56.744,56.473,56.68,1351
2026-07-21 02:45:00,56.679,56.917,56.658,56.879,1205
2026-07-21 03:00:00,56.893,57.164,56.784,57.105,2327
2026-07-21 03:15:00,57.102,57.184,56.887,56.931,1895
2026-07-21 03:30:00,56.934,57.042,56.829,56.868,1525
2026-07-21 03:45:00,56.869,57.091,56.821,56.902,1591
2026-07-21 04:00:00,56.893,56.94,56.793,56.853,1739
2026-07-21 04:15:00,56.85,57.049,56.786,57.006,1402
2026-07-21 04:30:00,57.002,57.812,56.96,57.633,2244
2026-07-21 04:45:00,57.63,57.64,57.343,57.547,1763
2026-07-21 05:00:00,57.549,57.736,57.523,57.58,1520
2026-07-21 05:15:00,57.588,57.803,57.568,57.718,1427
2026-07-21 05:30:00,57.719,57.765,57.621,57.639,850
2026-07-21 05:45:00,57.642,57.814,57.636,57.8,745
2026-07-21 06:00:00,57.817,57.88,57.78,57.823,844
2026-07-21 06:15:00,57.824,57.826,57.702,57.717,691
2026-07-21 06:30:00,57.719,57.849,57.712,57.808,513
2026-07-21 06:45:00,57.815,57.875,57.786,57.855,659
2026-07-21 07:00:00,57.857,57.912,57.809,57.897,799
2026-07-21 07:15:00,57.895,58.009,57.808,57.976,843
2026-07-21 07:30:00,57.991,58.176,57.939,58.122,1668
2026-07-21 07:45:00,58.134,58.148,58.013,58.059,1408
2026-07-21 08:00:00,58.06,58.516,58.057,58.44,1697
2026-07-21 08:15:00,58.444,58.638,58.419,58.545,1548
2026-07-21 08:30:00,58.555,58.822,58.528,58.734,1690
2026-07-21 08:45:00,58.735,58.929,58.731,58.857,1738
2026-07-21 09:00:00,58.849,58.914,58.775,58.837,1228
2026-07-21 09:15:00,58.831,58.896,58.789,58.88,982
2026-07-21 09:30:00,58.876,59.075,58.839,59.018,1255
2026-07-21 09:45:00,59.022,59.127,58.935,59.117,764
2026-07-21 10:00:00,59.134,59.165,58.978,59.031,1165
2026-07-21 10:15:00,59.033,59.059,58.924,58.946,960
2026-07-21 10:30:00,58.953,59.01,58.867,58.983,793
2026-07-21 10:45:00,58.987,59.039,58.88,58.943,804
2026-07-21 11:00:00,58.957,59.162,58.956,59.086,936
2026-07-21 11:15:00,59.088,59.225,59.088,59.123,1111
2026-07-21 11:30:00,59.127,59.166,59.052,59.06,848
2026-07-21 11:45:00,59.059,59.185,59.042,59.051,832
2026-07-21 12:00:00,59.048,59.141,58.938,59.061,1253
2026-07-21 12:15:00,59.058,59.158,59.006,59.024,1137
2026-07-21 12:30:00,59.025,59.132,59.016,59.038,569
2026-07-21 12:45:00,59.04,59.053,58.849,58.873,774
2026-07-21 13:00:00,58.867,58.906,58.657,58.883,1122
2026-07-21 13:15:00,58.882,58.894,58.777,58.794,989
2026-07-21 13:30:00,58.798,58.877,58.715,58.743,888
2026-07-21 13:45:00,58.742,58.858,58.712,58.807,677
2026-07-21 14:00:00,58.812,58.97,58.812,58.898,905
2026-07-21 14:15:00,58.901,59.131,58.788,59.061,1423
2026-07-21 14:30:00,59.062,59.111,58.839,58.91,1398
2026-07-21 14:45:00,58.913,59.173,58.863,58.863,1117
2026-07-21 15:00:00,58.869,59.017,58.755,58.851,2096
2026-07-21 15:15:00,58.847,58.88,58.424,58.44,1507
2026-07-21 15:30:00,58.447,58.592,58.232,58.296,2545
2026-07-21 15:45:00,58.284,58.51,58.227,58.411,2023
2026-07-21 16:00:00,58.41,58.86,58.41,58.837,2235
2026-07-21 16:15:00,58.828,59.01,58.728,58.973,1845
2026-07-21 16:30:00,58.967,59.083,58.761,58.956,1925
2026-07-21 16:45:00,58.957,59.117,58.879,58.919,1854
2026-07-21 17:00:00,58.918,59.096,58.806,59.048,1692
2026-07-21 17:15:00,59.057,59.18,59.035,59.089,1568
2026-07-21 17:30:00,59.075,59.149,58.884,58.901,1709
2026-07-21 17:45:00,58.9,58.984,58.856,58.924,1013
2026-07-21 18:00:00,58.921,59.081,58.896,59.07,830
2026-07-21 18:15:00,59.069,59.075,58.977,59.014,1038
2026-07-21 18:30:00,59.015,59.026,58.872,58.885,1137
2026-07-21 18:45:00,58.884,58.887,58.765,58.812,868
2026-07-21 19:00:00,58.807,58.845,58.738,58.782,856
2026-07-21 19:15:00,58.786,58.843,58.682,58.843,994
2026-07-21 19:30:00,58.838,58.877,58.682,58.7,766
2026-07-21 19:45:00,58.702,58.727,58.668,58.727,531
2026-07-21 20:00:00,58.722,58.791,58.691,58.756,942
2026-07-21 20:15:00,58.75,58.994,58.74,58.915,1165
2026-07-21 20:30:00,58.914,58.98,58.884,58.909,641
2026-07-21 20:45:00,58.905,58.913,58.817,58.836,733
2026-07-21 21:00:00,58.844,58.908,58.735,58.739,762
2026-07-21 21:15:00,58.745,58.825,58.743,58.771,613
2026-07-21 21:30:00,58.772,58.783,58.692,58.723,633
2026-07-21 21:45:00,58.722,58.754,58.685,58.705,678
2026-07-21 22:00:00,58.707,58.76,58.694,58.698,332
2026-07-21 22:15:00,58.694,58.695,58.641,58.683,229
2026-07-21 22:30:00,58.69,58.847,58.69,58.815,328
2026-07-21 22:45:00,58.801,58.831,58.739,58.765,445
2026-07-22 00:00:00,58.847,58.858,58.761,58.787,336
2026-07-22 00:15:00,58.786,58.866,58.772,58.862,333
2026-07-22 00:30:00,58.859,58.892,58.824,58.829,365
2026-07-22 00:45:00,58.828,58.844,58.724,58.743,591
2026-07-22 01:00:00,58.748,58.762,58.706,58.753,551
2026-07-22 01:15:00,58.756,58.825,58.75,58.808,318
2026-07-22 01:30:00,58.807,58.83,58.763,58.793,287
2026-07-22 01:45:00,58.792,58.849,58.775,58.834,518
2026-07-22 02:00:00,58.84,59.024,58.749,58.984,1314
2026-07-22 02:15:00,58.983,59.08,58.943,59.004,993
2026-07-22 02:30:00,59.006,59.073,58.91,58.954,1160
2026-07-22 02:45:00,58.948,59.187,58.912,59.172,1078
2026-07-22 03:00:00,59.181,59.902,59.157,59.901,2215
2026-07-22 03:15:00,59.902,59.945,59.665,59.745,1668
2026-07-22 03:30:00,59.746,59.948,59.701,59.861,1741
2026-07-22 03:45:00,59.868,59.953,59.744,59.941,1511
2026-07-22 04:00:00,59.943,59.969,59.724,59.755,1271
2026-07-22 04:15:00,59.757,59.893,59.711,59.833,891
2026-07-22 04:30:00,59.856,59.956,59.663,59.742,1744
2026-07-22 04:45:00,59.737,59.779,59.497,59.576,1269
2026-07-22 05:00:00,59.573,59.917,59.555,59.862,1403
2026-07-22 05:15:00,59.858,59.958,59.852,59.916,1173
2026-07-22 05:30:00,59.917,59.92,59.721,59.767,640
2026-07-22 05:45:00,59.766,59.808,59.713,59.775,604
2026-07-22 06:00:00,59.786,59.794,59.69,59.701,620
2026-07-22 06:15:00,59.713,59.749,59.651,59.689,400
2026-07-22 06:30:00,59.688,59.688,59.555,59.636,457
2026-07-22 06:45:00,59.637,59.66,59.542,59.657,516
2026-07-22 07:00:00,59.662,59.735,59.633,59.68,617
2026-07-22 07:15:00,59.686,59.686,59.479,59.48,701
2026-07-22 07:30:00,59.46,59.738,59.425,59.659,1284
2026-07-22 07:45:00,59.656,59.766,59.53,59.65,1218
2026-07-22 08:00:00,59.638,59.781,59.625,59.646,1082
2026-07-22 08:15:00,59.638,59.688,59.226,59.282,1253
2026-07-22 08:30:00,59.286,59.406,59.245,59.318,1127
2026-07-22 08:45:00,59.319,59.342,59.184,59.245,1183
2026-07-22 09:00:00,59.261,59.345,59.139,59.327,980
2026-07-22 09:15:00,59.323,59.426,59.306,59.391,682
2026-07-22 09:30:00,59.393,59.482,59.106,59.192,1017
2026-07-22 09:45:00,59.198,59.203,59.059,59.114,929
2026-07-22 10:00:00,59.118,59.29,59.118,59.29,1029
2026-07-22 10:15:00,59.285,59.414,59.27,59.412,890
2026-07-22 10:30:00,59.408,59.511,59.391,59.446,796
2026-07-22 10:45:00,59.445,59.494,59.359,59.475,676
2026-07-22 11:00:00,59.474,59.611,59.46,59.602,888
2026-07-22 11:15:00,59.601,59.613,59.461,59.476,708
2026-07-22 11:30:00,59.47,59.515,59.328,59.435,795
2026-07-22 11:45:00,59.439,59.494,59.327,59.356,601
2026-07-22 12:00:00,59.347,59.48,59.33,59.33,674
2026-07-22 12:15:00,59.334,59.494,59.293,59.423,908
2026-07-22 12:30:00,59.424,59.45,59.29,59.327,615
2026-07-22 12:45:00,59.328,59.428,59.297,59.313,503
2026-07-22 13:00:00,59.318,59.369,59.262,59.323,783
2026-07-22 13:15:00,59.326,59.407,59.277,59.312,681
2026-07-22 13:30:00,59.314,59.357,59.087,59.204,1047
2026-07-22 13:45:00,59.208,59.364,59.194,59.321,789
2026-07-22 14:00:00,59.325,59.422,59.259,59.422,1130
2026-07-22 14:15:00,59.43,59.536,59.306,59.429,943
2026-07-22 14:30:00,59.418,59.498,59.263,59.309,982
2026-07-22 14:45:00,59.311,59.33,58.887,59.023,1167
2026-07-22 15:00:00,59.035,59.387,58.984,59.382,1605
2026-07-22 15:15:00,59.379,59.564,59.355,59.487,1320
2026-07-22 15:30:00,59.488,60.063,59.488,59.977,1903
2026-07-22 15:45:00,59.992,60.533,59.972,60.475,1960
2026-07-22 16:00:00,60.485,60.908,60.454,60.643,1991
2026-07-22 16:15:00,60.645,60.645,60.109,60.147,1772
2026-07-22 16:30:00,60.15,60.361,60.12,60.248,1663
2026-07-22 16:45:00,60.251,60.332,60.089,60.2,1469
2026-07-22 17:00:00,60.199,60.34,60.199,60.307,1292
2026-07-22 17:15:00,60.3,60.401,60.187,60.296,1118
2026-07-22 17:30:00,60.298,60.298,60.132,60.247,1308
2026-07-22 17:45:00,60.248,60.372,60.168,60.22,1226
2026-07-22 18:00:00,60.224,60.255,60.054,60.069,931
2026-07-22 18:15:00,60.071,60.184,60.019,60.097,973
2026-07-22 18:30:00,60.103,60.161,59.967,60.029,951
2026-07-22 18:45:00,60.038,60.07,59.862,60.018,1004
2026-07-22 19:00:00,60.024,60.037,59.859,59.866,975
2026-07-22 19:15:00,59.864,59.99,59.805,59.9,1071
2026-07-22 19:30:00,59.897,60.026,59.744,59.87,945
2026-07-22 19:45:00,59.867,60.034,59.85,59.956,743
2026-07-22 20:00:00,59.955,59.968,59.824,59.891,960
2026-07-22 20:15:00,59.88,59.921,59.811,59.858,853
2026-07-22 20:30:00,59.861,59.869,59.758,59.824,707
2026-07-22 20:45:00,59.819,59.933,59.808,59.86,624
2026-07-22 21:00:00,59.855,59.89,59.778,59.815,663
2026-07-22 21:15:00,59.814,59.868,59.732,59.864,675
2026-07-22 21:30:00,59.859,59.93,59.705,59.728,674
2026-07-22 21:45:00,59.725,59.734,59.524,59.631,991
2026-07-22 22:00:00,59.637,59.733,59.573,59.689,1069
2026-07-22 22:15:00,59.679,59.904,59.664,59.858,558
2026-07-22 22:30:00,59.857,59.857,59.7,59.703,417
2026-07-22 22:45:00,59.701,59.732,59.612,59.684,429
2026-07-23 00:00:00,59.584,59.714,59.249,59.552,794
2026-07-23 00:15:00,59.551,59.612,59.462,59.601,893
2026-07-23 00:30:00,59.604,59.631,59.301,59.346,708
2026-07-23 00:45:00,59.344,59.402,59.301,59.365,788
2026-07-23 01:00:00,59.368,59.482,59.304,59.468,950
2026-07-23 01:15:00,59.469,59.475,59.381,59.433,560
2026-07-23 01:30:00,59.431,59.577,59.414,59.549,378
2026-07-23 01:45:00,59.548,59.718,59.532,59.701,625
2026-07-23 02:00:00,59.737,59.737,59.608,59.658,1197
2026-07-23 02:15:00,59.648,59.846,59.636,59.713,1028
2026-07-23 02:30:00,59.715,59.791,59.681,59.689,1051
2026-07-23 02:45:00,59.688,59.88,59.667,59.841,956
2026-07-23 03:00:00,59.84,60.049,59.624,59.802,1811
2026-07-23 03:15:00,59.801,60.05,59.77,59.944,1735
2026-07-23 03:30:00,59.943,59.984,59.514,59.538,1904
2026-07-23 03:45:00,59.529,59.643,59.404,59.487,1416
2026-07-23 04:00:00,59.483,59.606,59.462,59.562,1427
2026-07-23 04:15:00,59.569,59.571,59.404,59.462,1105
2026-07-23 04:30:00,59.474,59.661,59.42,59.634,1580
2026-07-23 04:45:00,59.641,59.846,59.641,59.827,1344
2026-07-23 05:00:00,59.822,59.849,59.665,59.742,1268
2026-07-23 05:15:00,59.748,59.893,59.716,59.855,1176
2026-07-23 05:30:00,59.853,59.876,59.773,59.821,806
2026-07-23 05:45:00,59.808,59.808,59.696,59.724,617
2026-07-23 06:00:00,59.736,59.864,59.688,59.864,779
2026-07-23 06:15:00,59.866,59.891,59.789,59.865,617
2026-07-23 06:30:00,59.864,59.87,59.685,59.693,480
2026-07-23 06:45:00,59.69,59.71,59.574,59.602,555
2026-07-23 07:00:00,59.599,59.72,59.556,59.688,901
2026-07-23 07:15:00,59.683,59.725,59.553,59.725,781
2026-07-23 07:30:00,59.722,59.87,59.645,59.728,1490
2026-07-23 07:45:00,59.725,59.813,59.532,59.598,1449
2026-07-23 08:00:00,59.601,59.698,59.514,59.533,1300
2026-07-23 08:15:00,59.534,59.665,59.466,59.482,1131
2026-07-23 08:30:00,59.486,59.575,59.421,59.548,1162
2026-07-23 08:45:00,59.546,59.605,59.386,59.424,926
2026-07-23 09:00:00,59.441,59.441,58.813,59.012,1273
2026-07-23 09:15:00,59.014,59.171,58.989,59.105,1104
2026-07-23 09:30:00,59.109,59.118,58.648,58.81,1113
2026-07-23 09:45:00,58.813,58.953,58.664,58.928,1250
2026-07-23 10:00:00,58.942,59.003,58.759,58.821,1172
2026-07-23 10:15:00,58.818,58.887,58.775,58.872,1043
2026-07-23 10:30:00,58.864,58.913,58.683,58.77,976
2026-07-23 10:45:00,58.768,58.888,58.662,58.849,1045
2026-07-23 11:00:00,58.851,59.007,58.822,58.879,1561
2026-07-23 11:15:00,58.878,58.925,58.761,58.819,1147
2026-07-23 11:30:00,58.82,58.866,58.783,58.841,887
2026-07-23 11:45:00,58.843,58.869,58.694,58.725,812
2026-07-23 12:00:00,58.726,58.763,58.631,58.716,891
2026-07-23 12:15:00,58.717,58.737,58.571,58.706,939
2026-07-23 12:30:00,58.704,58.808,58.634,58.699,920
2026-07-23 12:45:00,58.698,58.827,58.624,58.734,904
2026-07-23 13:00:00,58.737,58.755,58.513,58.569,1039
2026-07-23 13:15:00,58.57,58.603,58.376,58.44,1461
2026-07-23 13:30:00,58.446,58.449,57.972,58.233,1703
2026-07-23 13:45:00,58.244,58.612,58.229,58.504,1578
2026-07-23 14:00:00,58.505,58.513,58.346,58.409,1705
2026-07-23 14:15:00,58.412,58.465,58.137,58.181,2068
2026-07-23 14:30:00,58.175,58.227,57.918,58.007,2047
2026-07-23 14:45:00,58.013,58.079,57.624,57.631,1782
2026-07-23 15:00:00,57.622,57.792,57.04,57.079,2684
2026-07-23 15:15:00,57.078,57.63,57.072,57.629,2459
2026-07-23 15:30:00,57.618,58.022,57.606,57.886,2873
2026-07-23 15:45:00,57.892,57.91,57.587,57.602,2599
2026-07-23 16:00:00,57.605,57.834,57.547,57.748,2747
2026-07-23 16:15:00,57.747,57.95,57.595,57.924,2538
2026-07-23 16:30:00,57.922,57.955,57.703,57.839,2397
2026-07-23 16:45:00,57.837,57.973,57.707,57.757,2263
2026-07-23 17:00:00,57.756,57.798,57.314,57.464,2458
2026-07-23 17:15:00,57.454,57.578,57.268,57.411,2519
2026-07-23 17:30:00,57.41,57.63,57.315,57.511,2408
2026-07-23 17:45:00,57.507,57.671,57.481,57.573,1916
2026-07-23 18:00:00,57.575,57.744,57.573,57.737,1776
2026-07-23 18:15:00,57.733,57.795,57.633,57.764,1405
2026-07-23 18:30:00,57.761,57.791,57.634,57.671,1459
2026-07-23 18:45:00,57.659,57.823,57.591,57.801,1380
2026-07-23 19:00:00,57.81,57.905,57.692,57.707,1710
2026-07-23 19:15:00,57.705,57.798,57.662,57.712,1634
2026-07-23 19:30:00,57.711,57.751,57.51,57.531,1754
2026-07-23 19:45:00,57.532,57.575,57.473,57.483,1596
2026-07-23 20:00:00,57.482,57.505,57.374,57.428,1400
2026-07-23 20:15:00,57.43,57.515,57.391,57.482,1430
2026-07-23 20:30:00,57.485,57.566,57.457,57.491,1091
2026-07-23 20:45:00,57.492,57.571,57.489,57.55,1006
2026-07-23 21:00:00,57.561,57.613,57.429,57.46,679
2026-07-23 21:15:00,57.45,57.646,57.443,57.591,979
2026-07-23 21:30:00,57.596,57.672,57.473,57.475,1093
2026-07-23 21:45:00,57.474,57.618,57.426,57.566,1295
2026-07-23 22:00:00,57.578,57.632,57.523,57.605,473
2026-07-23 22:15:00,57.607,57.632,57.545,57.609,325
2026-07-23 22:30:00,57.621,57.641,57.589,57.623,216
2026-07-23 22:45:00,57.63,57.642,57.589,57.636,291
2026-07-24 00:00:00,57.61,57.641,57.56,57.564,266
2026-07-24 00:15:00,57.563,57.67,57.562,57.668,327
2026-07-24 00:30:00,57.667,57.702,57.61,57.626,375
2026-07-24 00:45:00,57.625,57.669,57.623,57.64,277
2026-07-24 01:00:00,57.641,57.65,57.54,57.573,413
2026-07-24 01:15:00,57.569,57.601,57.547,57.578,321
2026-07-24 01:30:00,57.579,57.636,57.536,57.588,507
2026-07-24 01:45:00,57.581,57.628,57.508,57.516,743
2026-07-24 02:00:00,57.517,57.596,57.354,57.362,1183
2026-07-24 02:15:00,57.37,57.655,57.36,57.604,948
2026-07-24 02:30:00,57.607,57.706,57.56,57.678,982
2026-07-24 02:45:00,57.685,57.855,57.652,57.829,974
2026-07-24 03:00:00,57.826,57.838,57.399,57.455,1906
2026-07-24 03:15:00,57.458,57.577,57.352,57.456,1393
2026-07-24 03:30:00,57.452,57.759,57.427,57.754,1584
2026-07-24 03:45:00,57.76,57.881,57.538,57.63,1592
2026-07-24 04:00:00,57.631,57.745,57.52,57.649,1521
2026-07-24 04:15:00,57.648,57.77,57.579,57.699,777
2026-07-24 04:30:00,57.704,57.759,57.44,57.503,1554
2026-07-24 04:45:00,57.508,57.518,57.062,57.167,1788
2026-07-24 05:00:00,57.174,57.378,57.072,57.342,1472
2026-07-24 05:15:00,57.336,57.379,57.223,57.266,1491
2026-07-24 05:30:00,57.27,57.36,57.268,57.343,991
2026-07-24 05:45:00,57.342,57.378,57.252,57.27,731
2026-07-24 06:00:00,57.268,57.317,57.151,57.219,736
2026-07-24 06:15:00,57.226,57.405,57.22,57.391,630
2026-07-24 06:30:00,57.393,57.404,57.255,57.284,624
2026-07-24 06:45:00,57.283,57.309,57.247,57.293,732
2026-07-24 07:00:00,57.296,57.539,57.239,57.433,900
2026-07-24 07:15:00,57.423,57.543,57.303,57.43,942
2026-07-24 07:30:00,57.431,57.583,57.337,57.373,1568
2026-07-24 07:45:00,57.367,57.541,57.277,57.315,1425
2026-07-24 08:00:00,57.314,57.439,57.261,57.438,1323
2026-07-24 08:15:00,57.439,57.723,57.41,57.649,1501
2026-07-24 08:30:00,57.647,57.676,57.554,57.561,1225
2026-07-24 08:45:00,57.559,57.786,57.554,57.7,1165
2026-07-24 09:00:00,57.701,58.267,57.675,58.189,1609
2026-07-24 09:15:00,58.207,58.29,58.157,58.24,1230
2026-07-24 09:30:00,58.256,58.401,58.137,58.192,1100
2026-07-24 09:45:00,58.178,58.217,58.092,58.161,834
2026-07-24 10:00:00,58.157,58.168,58.031,58.114,1114
2026-07-24 10:15:00,58.116,58.263,58.059,58.256,1313
2026-07-24 10:30:00,58.235,58.294,58.149,58.265,1228
2026-07-24 10:45:00,58.263,58.308,58.194,58.272,1099
2026-07-24 11:00:00,58.273,58.448,58.267,58.375,985
2026-07-24 11:15:00,58.37,58.425,58.288,58.289,1081
2026-07-24 11:30:00,58.29,58.357,58.238,58.341,743
2026-07-24 11:45:00,58.347,58.416,58.287,58.409,514
2026-07-24 12:00:00,58.421,58.478,58.372,58.423,744
2026-07-24 12:15:00,58.415,58.619,58.385,58.543,677
2026-07-24 12:30:00,58.54,58.598,58.418,58.428,517
2026-07-24 12:45:00,58.424,58.479,58.355,58.371,620
2026-07-24 13:00:00,58.385,58.439,58.308,58.395,818
2026-07-24 13:15:00,58.384,58.432,58.342,58.362,627
2026-07-24 13:30:00,58.36,58.389,58.296,58.299,841
2026-07-24 13:45:00,58.303,58.535,58.205,58.435,933
2026-07-24 14:00:00,58.458,58.61,58.281,58.489,1229
2026-07-24 14:15:00,58.49,58.616,58.403,58.575,1060
2026-07-24 14:30:00,58.563,58.603,58.309,58.44,1168
2026-07-24 14:45:00,58.439,58.494,58.241,58.388,1221
2026-07-24 15:00:00,58.389,58.486,57.878,57.913,1921
2026-07-24 15:15:00,57.915,57.999,57.828,57.872,1523
2026-07-24 15:30:00,57.868,58.125,57.831,57.994,2175
2026-07-24 15:45:00,57.938,58.369,57.907,58.347,1913
2026-07-24 16:00:00,58.35,58.439,58.145,58.316,2048
2026-07-24 16:15:00,58.318,58.554,58.172,58.482,1942
2026-07-24 16:30:00,58.484,58.665,58.389,58.442,1805
2026-07-24 16:45:00,58.443,58.615,58.378,58.484,1917
2026-07-24 17:00:00,58.487,58.853,58.352,58.798,2046
2026-07-24 17:15:00,58.797,58.958,58.682,58.816,2187
2026-07-24 17:30:00,58.817,58.937,58.732,58.735,1512
2026-07-24 17:45:00,58.737,58.956,58.699,58.878,1372
2026-07-24 18:00:00,58.881,58.908,58.764,58.789,1335
2026-07-24 18:15:00,58.79,58.869,58.744,58.744,1100
2026-07-24 18:30:00,58.748,58.761,58.607,58.64,1743
2026-07-24 18:45:00,58.635,58.653,58.536,58.61,1350
2026-07-24 19:00:00,58.615,58.668,58.462,58.516,1540
2026-07-24 19:15:00,58.513,58.675,58.488,58.662,936
2026-07-24 19:30:00,58.657,58.747,58.633,58.645,822
2026-07-24 19:45:00,58.646,58.67,58.51,58.52,767
2026-07-24 20:00:00,58.526,58.566,58.471,58.501,671
2026-07-24 20:15:00,58.504,58.544,58.309,58.315,761
2026-07-24 20:30:00,58.324,58.38,58.179,58.184,748
2026-07-24 20:45:00,58.183,58.327,58.173,58.27,731
2026-07-24 21:00:00,58.28,58.305,58.171,58.175,929
2026-07-24 21:15:00,58.174,58.18,58.05,58.115,953
2026-07-24 21:30:00,58.116,58.281,58.107,58.262,1013
2026-07-24 21:45:00,58.263,58.282,58.15,58.172,739
2026-07-24 22:00:00,58.162,58.197,58.072,58.096,417
2026-07-24 22:15:00,58.097,58.211,58.097,58.165,259
2026-07-24 22:30:00,58.166,58.249,58.105,58.246,332
2026-07-24 22:45:00,58.245,58.245,58.047,58.061,257
2026-07-27 00:00:00,59.475,59.577,59.284,59.505,673
2026-07-27 00:15:00,59.479,59.801,59.435,59.639,940
2026-07-27 00:30:00,59.623,59.847,59.559,59.835,791
2026-07-27 00:45:00,59.833,59.863,59.645,59.66,559
2026-07-27 01:00:00,59.667,59.715,59.435,59.456,516
2026-07-27 01:15:00,59.455,59.521,59.287,59.305,575
2026-07-27 01:30:00,59.308,59.5,59.297,59.482,461
2026-07-27 01:45:00,59.481,59.72,59.452,59.631,1122
2026-07-27 02:00:00,59.657,60.069,59.645,60.063,2028
2026-07-27 02:15:00,60.065,60.065,59.582,59.646,1547
2026-07-27 02:30:00,59.642,59.777,59.603,59.613,1212
2026-07-27 02:45:00,59.621,59.849,59.499,59.576,1528
2026-07-27 03:00:00,59.573,59.782,59.555,59.732,2507
2026-07-27 03:15:00,59.751,59.773,59.474,59.541,2008
2026-07-27 03:30:00,59.563,59.757,59.467,59.704,1765
2026-07-27 03:45:00,59.707,59.791,59.619,59.784,1619
2026-07-27 04:00:00,59.787,59.801,59.588,59.607,1790
2026-07-27 04:15:00,59.608,59.678,59.556,59.583,973
2026-07-27 04:30:00,59.584,59.602,59.394,59.43,1464
2026-07-27 04:45:00,59.429,59.461,59.303,59.317,1057
2026-07-27 05:00:00,59.316,59.376,59.263,59.365,1320
2026-07-27 05:15:00,59.362,59.427,59.262,59.267,1086
2026-07-27 05:30:00,59.27,59.406,59.258,59.374,815
2026-07-27 05:45:00,59.373,59.374,59.261,59.281,606
2026-07-27 06:00:00,59.282,59.329,59.162,59.212,669
2026-07-27 06:15:00,59.209,59.226,59.113,59.168,517
2026-07-27 06:30:00,59.173,59.306,59.173,59.251,483
2026-07-27 06:45:00,59.252,59.302,59.237,59.281,576
2026-07-27 07:00:00,59.28,59.4,59.234,59.388,613
2026-07-27 07:15:00,59.372,59.4,59.215,59.224,635
2026-07-27 07:30:00,59.208,59.336,59.122,59.31,1608
2026-07-27 07:45:00,59.32,59.412,59.197,59.392,1023
2026-07-27 08:00:00,59.402,59.508,59.337,59.432,1151
2026-07-27 08:15:00,59.429,59.514,59.354,59.509,908
2026-07-27 08:30:00,59.507,59.554,59.428,59.447,771
2026-07-27 08:45:00,59.45,59.462,59.355,59.414,772
2026-07-27 09:00:00,59.424,59.632,59.424,59.624,940
2026-07-27 09:15:00,59.626,59.785,59.567,59.678,840
2026-07-27 09:30:00,59.679,59.679,59.469,59.485,817
2026-07-27 09:45:00,59.479,59.532,59.158,59.172,972
2026-07-27 10:00:00,59.173,59.334,59.066,59.271,1407
2026-07-27 10:15:00,59.267,59.281,59.176,59.212,1038
2026-07-27 10:30:00,59.209,59.364,59.12,59.322,976
2026-07-27 10:45:00,59.331,59.436,59.303,59.375,697
2026-07-27 11:00:00,59.371,59.435,59.276,59.294,862
2026-07-27 11:15:00,59.299,59.339,59.208,59.218,641
2026-07-27 11:30:00,59.227,59.285,59.147,59.278,874
2026-07-27 11:45:00,59.277,59.388,59.269,59.27,559
2026-07-27 12:00:00,59.268,59.278,59.021,59.123,777
2026-07-27 12:15:00,59.125,59.198,59.1,59.137,627
2026-07-27 12:30:00,59.151,59.311,59.128,59.257,598
2026-07-27 12:45:00,59.258,59.357,59.223,59.224,612
2026-07-27 13:00:00,59.249,59.266,59.01,59.226,887
2026-07-27 13:15:00,59.229,59.245,59.128,59.128,536
2026-07-27 13:30:00,59.133,59.234,59.112,59.153,992
2026-07-27 13:45:00,59.152,59.172,58.985,59.037,947
2026-07-27 14:00:00,59.049,59.131,58.676,58.787,1460
2026-07-27 14:15:00,58.786,58.915,58.729,58.814,1306
2026-07-27 14:30:00,58.81,59.0,58.756,58.984,1123
2026-07-27 14:45:00,58.982,59.02,58.885,58.912,1335
2026-07-27 15:00:00,58.915,59.063,58.752,58.897,1954
2026-07-27 15:15:00,58.903,58.949,58.633,58.643,1818
2026-07-27 15:30:00,58.647,58.948,58.609,58.93,2431
2026-07-27 15:45:00,58.928,58.977,58.42,58.529,2221
2026-07-27 16:00:00,58.545,58.684,58.45,58.669,2266
2026-07-27 16:15:00,58.668,58.705,58.308,58.38,2217
2026-07-27 16:30:00,58.388,58.453,58.277,58.398,2500
2026-07-27 16:45:00,58.397,58.701,58.397,58.661,1976
2026-07-27 17:00:00,58.659,58.688,58.515,58.632,1661
2026-07-27 17:15:00,58.631,58.718,58.558,58.625,1766
2026-07-27 17:30:00,58.626,58.649,58.486,58.558,1508
2026-07-27 17:45:00,58.553,58.648,58.491,58.613,1640
2026-07-27 18:00:00,58.615,58.763,58.572,58.733,1298
2026-07-27 18:15:00,58.737,58.888,58.655,58.831,1628
2026-07-27 18:30:00,58.837,58.979,58.777,58.811,1602
2026-07-27 18:45:00,58.817,58.825,58.583,58.634,1439
2026-07-27 19:00:00,58.641,58.645,58.382,58.458,1480
2026-07-27 19:15:00,58.46,58.502,58.364,58.4,1056
2026-07-27 19:30:00,58.396,58.462,58.382,58.433,1187
2026-07-27 19:45:00,58.429,58.504,58.406,58.479,1000
2026-07-27 20:00:00,58.481,58.509,58.339,58.347,1127
2026-07-27 20:15:00,58.339,58.354,58.221,58.331,1382
2026-07-27 20:30:00,58.329,58.367,58.216,58.282,1195
2026-07-27 20:45:00,58.279,58.38,58.147,58.355,1208
2026-07-27 21:00:00,58.356,58.479,58.294,58.427,893
2026-07-27 21:15:00,58.435,58.648,58.418,58.599,843
2026-07-27 21:30:00,58.604,58.644,58.549,58.582,981
2026-07-27 21:45:00,58.577,58.631,58.523,58.541,999
2026-07-27 22:00:00,58.539,58.548,58.479,58.522,387
2026-07-27 22:15:00,58.52,58.525,58.376,58.391,317
2026-07-27 22:30:00,58.393,58.445,58.368,58.434,320
2026-07-27 22:45:00,58.429,58.437,58.363,58.385,416
2026-07-28 00:00:00,58.511,58.561,58.379,58.428,311
2026-07-28 00:15:00,58.43,58.431,58.35,58.359,416
2026-07-28 00:30:00,58.364,58.403,58.351,58.375,418
2026-07-28 00:45:00,58.378,58.389,58.336,58.35,419
2026-07-28 01:00:00,58.352,58.369,58.278,58.351,476
2026-07-28 01:15:00,58.348,58.441,58.336,58.44,418
2026-07-28 01:30:00,58.437,58.437,58.314,58.332,335
2026-07-28 01:45:00,58.346,58.368,58.293,58.354,716
2026-07-28 02:00:00,58.358,58.405,58.009,58.157,1802
2026-07-28 02:15:00,58.147,58.2,57.995,58.091,1553
2026-07-28 02:30:00,58.102,58.165,58.003,58.112,1389
2026-07-28 02:45:00,58.111,58.113,57.703,57.731,1337
2026-07-28 03:00:00,57.726,57.764,57.302,57.436,2032
2026-07-28 03:15:00,57.435,57.446,57.072,57.176,1924
2026-07-28 03:30:00,57.174,57.399,57.061,57.328,1871
2026-07-28 03:45:00,57.327,57.346,57.107,57.212,1786
2026-07-28 04:00:00,57.23,57.318,57.151,57.291,1381
2026-07-28 04:15:00,57.282,57.409,57.219,57.241,990
2026-07-28 04:30:00,57.239,57.339,57.078,57.149,1371
2026-07-28 04:45:00,57.146,57.351,57.12,57.224,1505
2026-07-28 05:00:00,57.231,57.326,57.056,57.311,1435
2026-07-28 05:15:00,57.314,57.395,57.271,57.297,1318
2026-07-28 05:30:00,57.292,57.472,57.275,57.433,1246
2026-07-28 05:45:00,57.437,57.49,57.315,57.348,793
2026-07-28 06:00:00,57.353,57.378,57.208,57.218,951
2026-07-28 06:15:00,57.219,57.314,57.195,57.223,658
2026-07-28 06:30:00,57.228,57.289,57.197,57.284,513
2026-07-28 06:45:00,57.279,57.297,57.136,57.163,519
2026-07-28 07:00:00,57.157,57.198,57.09,57.122,746
2026-07-28 07:15:00,57.124,57.171,56.88,56.996,858
2026-07-28 07:30:00,56.985,57.148,56.697,56.954,1910
2026-07-28 07:45:00,56.956,57.095,56.894,57.079,1079
2026-07-28 08:00:00,57.081,57.289,57.075,57.239,1442
2026-07-28 08:15:00,57.24,57.412,57.232,57.386,1039
2026-07-28 08:30:00,57.385,57.546,57.302,57.454,1247
2026-07-28 08:45:00,57.451,57.469,57.39,57.41,916
2026-07-28 09:00:00,57.409,57.474,57.3,57.325,1111
2026-07-28 09:15:00,57.323,57.539,57.321,57.45,960
2026-07-28 09:30:00,57.451,57.455,57.343,57.398,806
2026-07-28 09:45:00,57.399,57.533,57.354,57.447,929
2026-07-28 10:00:00,57.448,57.674,57.338,57.361,1379
2026-07-28 10:15:00,57.374,57.651,57.374,57.644,1304
2026-07-28 10:30:00,57.649,57.649,57.527,57.572,1142
2026-07-28 10:45:00,57.575,57.632,57.413,57.539,939
2026-07-28 11:00:00,57.548,57.583,57.477,57.493,640
2026-07-28 11:15:00,57.49,57.593,57.475,57.492,648
2026-07-28 11:30:00,57.476,57.483,57.227,57.292,1071
2026-07-28 11:45:00,57.294,57.326,57.124,57.174,1063
2026-07-28 12:00:00,57.159,57.293,57.127,57.279,921
2026-07-28 12:15:00,57.276,57.301,56.994,57.099,1143
2026-07-28 12:30:00,57.093,57.216,57.076,57.162,1118
2026-07-28 12:45:00,57.164,57.277,57.117,57.156,911
2026-07-28 13:00:00,57.16,57.229,57.094,57.107,1314
2026-07-28 13:15:00,57.102,57.361,57.102,57.243,1221
2026-07-28 13:30:00,57.241,57.408,57.224,57.281,992
2026-07-28 13:45:00,57.279,57.349,57.21,57.341,1027
2026-07-28 14:00:00,57.353,57.409,57.244,57.355,1124
2026-07-28 14:15:00,57.356,57.442,57.266,57.31,995
2026-07-28 14:30:00,57.315,57.456,57.177,57.387,1261
2026-07-28 14:45:00,57.384,57.501,57.232,57.299,1124
2026-07-28 15:00:00,57.297,57.406,57.187,57.203,1766
2026-07-28 15:15:00,57.206,57.265,57.046,57.076,1410
2026-07-28 15:30:00,57.067,57.162,56.743,56.842,2206
2026-07-28 15:45:00,56.838,56.859,56.688,56.821,2171
2026-07-28 16:00:00,56.822,57.264,56.797,57.043,2049
2026-07-28 16:15:00,57.052,57.07,56.646,56.967,2215
2026-07-28 16:30:00,56.966,57.036,56.837,56.973,1857
2026-07-28 16:45:00,56.975,57.155,56.932,56.982,1802
2026-07-28 17:00:00,56.983,57.284,56.899,57.232,2095
2026-07-28 17:15:00,57.234,57.348,57.171,57.182,2212
2026-07-28 17:30:00,57.188,57.351,57.141,57.319,1801
2026-07-28 17:45:00,57.32,57.42,57.294,57.413,1404
2026-07-28 18:00:00,57.415,57.513,57.368,57.492,1223
2026-07-28 18:15:00,57.493,57.528,57.406,57.408,1326
2026-07-28 18:30:00,57.41,57.456,57.31,57.315,1028
2026-07-28 18:45:00,57.312,57.395,57.24,57.303,1078
2026-07-28 19:00:00,57.305,57.353,57.229,57.245,813
2026-07-28 19:15:00,57.246,57.449,57.217,57.323,1206
2026-07-28 19:30:00,57.325,57.338,57.067,57.075,1231
2026-07-28 19:45:00,57.074,57.128,56.997,57.08,1249
2026-07-28 20:00:00,57.081,57.136,57.051,57.1,1221
2026-07-28 20:15:00,57.099,57.171,57.079,57.102,1254
2026-07-28 20:30:00,57.099,57.127,57.032,57.101,867
2026-07-28 20:45:00,57.103,57.139,57.045,57.091,703
2026-07-28 21:00:00,57.09,57.237,57.077,57.151,688
2026-07-28 21:15:00,57.149,57.23,57.148,57.194,579
2026-07-28 21:30:00,57.21,57.275,57.163,57.214,589
2026-07-28 21:45:00,57.215,57.248,57.139,57.161,798
2026-07-28 22:00:00,57.159,57.159,57.049,57.062,649
2026-07-28 22:15:00,57.064,57.145,57.064,57.132,379
2026-07-28 22:30:00,57.134,57.137,57.046,57.115,374
2026-07-28 22:45:00,57.116,57.124,56.994,57.098,310
2026-07-29 00:00:00,57.14,57.161,57.052,57.055,260
2026-07-29 00:15:00,57.061,57.069,56.975,57.053,488
2026-07-29 00:30:00,57.05,57.052,56.854,56.945,656
2026-07-29 00:45:00,56.946,56.954,56.851,56.886,654
2026-07-29 01:00:00,56.89,56.945,56.852,56.899,682
2026-07-29 01:15:00,56.913,56.994,56.835,56.968,589
2026-07-29 01:30:00,56.961,57.082,56.939,57.07,511
2026-07-29 01:45:00,57.08,57.208,57.024,57.207,812
2026-07-29 02:00:00,57.206,57.245,57.058,57.142,1254
2026-07-29 02:15:00,57.137,57.337,57.12,57.172,1184
2026-07-29 02:30:00,57.168,57.279,57.141,57.249,1031
2026-07-29 02:45:00,57.246,57.268,57.097,57.113,1191
2026-07-29 03:00:00,57.11,57.133,56.92,56.965,1959
2026-07-29 03:15:00,56.966,57.276,56.958,57.243,2131
2026-07-29 03:30:00,57.244,57.619,57.128,57.487,2044
2026-07-29 03:45:00,57.488,57.517,57.248,57.482,1731
2026-07-29 04:00:00,57.48,57.587,57.363,57.554,1510
2026-07-29 04:15:00,57.549,57.728,57.483,57.693,1201
2026-07-29 04:30:00,57.711,57.985,57.656,57.886,1559
2026-07-29 04:45:00,57.9,57.901,57.639,57.644,1024
2026-07-29 05:00:00,57.643,57.718,57.561,57.569,1126
2026-07-29 05:15:00,57.571,57.582,57.417,57.454,1097
2026-07-29 05:30:00,57.455,57.455,57.358,57.414,844
2026-07-29 05:45:00,57.416,57.487,57.328,57.362,831
2026-07-29 06:00:00,57.377,57.389,57.309,57.334,896
2026-07-29 06:15:00,57.338,57.429,57.304,57.354,828
2026-07-29 06:30:00,57.353,57.456,57.347,57.426,1094
2026-07-29 06:45:00,57.429,57.499,57.368,57.468,920
2026-07-29 07:00:00,57.474,57.76,57.454,57.709,1087
2026-07-29 07:15:00,57.71,57.757,57.596,57.746,862
2026-07-29 07:30:00,57.766,58.027,57.702,58.008,1639
2026-07-29 07:45:00,58.01,58.036,57.719,57.743,1328
2026-07-29 08:00:00,57.746,57.908,57.741,57.87,1253
2026-07-29 08:15:00,57.867,57.97,57.803,57.892,1097
2026-07-29 08:30:00,57.89,58.09,57.89,58.036,1198
2026-07-29 08:45:00,58.034,58.124,57.965,58.111,918
2026-07-29 09:00:00,58.113,58.155,58.059,58.122,831
2026-07-29 09:15:00,58.124,58.216,58.094,58.196,730
2026-07-29 09:30:00,58.2,58.219,58.154,58.181,692
2026-07-29 09:45:00,58.182,58.196,58.04,58.074,548
2026-07-29 10:00:00,58.088,58.088,57.787,57.809,967
2026-07-29 10:15:00,57.806,57.895,57.722,57.782,772
2026-07-29 10:30:00,57.786,57.862,57.741,57.822,818
2026-07-29 10:45:00,57.821,57.937,57.815,57.87,758
2026-07-29 11:00:00,57.876,57.895,57.822,57.864,841
2026-07-29 11:15:00,57.862,57.897,57.811,57.821,631
2026-07-29 11:30:00,57.828,57.864,57.768,57.829,776
2026-07-29 11:45:00,57.828,57.839,57.692,57.715,703
2026-07-29 12:00:00,57.717,57.737,57.565,57.605,1117
2026-07-29 12:15:00,57.604,57.605,57.505,57.549,838
2026-07-29 12:30:00,57.547,57.59,57.418,57.451,653
2026-07-29 12:45:00,57.45,57.493,57.347,57.388,542
2026-07-29 13:00:00,57.387,57.563,57.342,57.55,727
2026-07-29 13:15:00,57.565,57.676,57.537,57.672,531
2026-07-29 13:30:00,57.676,57.717,57.609,57.678,549
2026-07-29 13:45:00,57.677,57.731,57.59,57.641,572
2026-07-29 14:00:00,57.642,57.686,57.542,57.564,610
2026-07-29 14:15:00,57.567,57.587,56.913,56.94,1647
2026-07-29 14:30:00,56.929,57.276,56.825,57.197,1101
2026-07-29 14:45:00,57.199,57.301,57.172,57.255,819
2026-07-29 15:00:00,57.261,57.472,57.057,57.079,1607
2026-07-29 15:15:00,57.083,57.33,57.067,57.199,1261
2026-07-29 15:30:00,57.206,57.25,57.037,57.056,1855
2026-07-29 15:45:00,57.054,57.072,56.816,56.954,1621
2026-07-29 16:00:00,56.965,56.998,56.823,56.893,1867
2026-07-29 16:15:00,56.894,57.222,56.865,57.047,2099
2026-07-29 16:30:00,57.039,57.122,56.821,56.852,1908
2026-07-29 16:45:00,56.849,56.984,56.726,56.966,1841
2026-07-29 17:00:00,56.974,57.049,56.88,56.96,1816
2026-07-29 17:15:00,56.963,57.034,56.829,57.004,1536
2026-07-29 17:30:00,57.007,57.074,56.962,57.02,1673
2026-07-29 17:45:00,57.015,57.069,56.878,56.967,1606
2026-07-29 18:00:00,56.977,57.022,56.801,56.801,1553
2026-07-29 18:15:00,56.803,57.075,56.785,57.048,1475
2026-07-29 18:30:00,57.043,57.067,56.997,57.034,1191
2026-07-29 18:45:00,57.028,57.976,56.987,57.678,1752
2026-07-29 19:00:00,57.684,58.058,57.673,57.913,2272
2026-07-29 19:15:00,57.921,58.084,57.672,57.704,1985
2026-07-29 19:30:00,57.703,57.858,57.616,57.805,1524
2026-07-29 19:45:00,57.806,57.944,57.803,57.847,1366
2026-07-29 20:00:00,57.848,58.882,57.848,58.5,2930
2026-07-29 20:15:00,58.504,58.549,58.075,58.135,2297
2026-07-29 20:30:00,58.14,58.741,57.857,58.65,2762
2026-07-29 20:45:00,58.644,59.088,58.617,59.024,2613
2026-07-29 21:00:00,59.019,59.235,58.467,58.745,2535
2026-07-29 21:15:00,58.751,58.903,58.293,58.394,2606
2026-07-29 21:30:00,58.401,58.468,57.832,57.851,2668
2026-07-29 21:45:00,57.855,57.942,57.217,57.245,2277
2026-07-29 22:00:00,57.227,57.398,57.098,57.245,2068
2026-07-29 22:15:00,57.248,57.324,57.045,57.291,1492
2026-07-29 22:30:00,57.287,57.571,57.205,57.536,1119
2026-07-29 22:45:00,57.549,57.669,57.508,57.666,803
2026-07-30 00:00:00,57.817,58.227,57.674,58.137,736
2026-07-30 00:15:00,58.136,58.159,58.015,58.076,639
2026-07-30 00:30:00,58.08,58.215,58.009,58.215,708
2026-07-30 00:45:00,58.216,58.301,58.183,58.276,698
2026-07-30 01:00:00,58.27,58.491,58.249,58.284,813
2026-07-30 01:15:00,58.28,58.355,58.23,58.29,770
2026-07-30 01:30:00,58.303,58.378,58.245,58.265,775
2026-07-30 01:45:00,58.264,58.37,58.168,58.175,1235
2026-07-30 02:00:00,58.18,58.249,58.001,58.083,1719
2026-07-30 02:15:00,58.091,58.16,57.857,57.963,1465
2026-07-30 02:30:00,57.969,58.0,57.696,57.744,1314
2026-07-30 02:45:00,57.743,57.958,57.73,57.905,1235
2026-07-30 03:00:00,57.918,58.618,57.86,58.269,2012
2026-07-30 03:15:00,58.271,58.589,58.249,58.503,1708
2026-07-30 03:30:00,58.498,58.63,58.446,58.505,1430
2026-07-30 03:45:00,58.509,58.599,58.348,58.354,1246
2026-07-30 04:00:00,58.351,58.507,58.21,58.223,1358
2026-07-30 04:15:00,58.229,58.247,58.135,58.2,1003
2026-07-30 04:30:00,58.202,58.215,57.714,57.846,1811
2026-07-30 04:45:00,57.829,57.931,57.682,57.706,1384
2026-07-30 05:00:00,57.704,57.91,57.548,57.619,1571
2026-07-30 05:15:00,57.621,57.647,57.335,57.382,1500
2026-07-30 05:30:00,57.383,57.548,57.325,57.423,1300
2026-07-30 05:45:00,57.433,57.557,57.433,57.529,1044
2026-07-30 06:00:00,57.531,57.554,57.387,57.4,985
2026-07-30 06:15:00,57.389,57.44,57.32,57.44,801
2026-07-30 06:30:00,57.437,57.453,57.256,57.286,836
2026-07-30 06:45:00,57.289,57.406,57.092,57.174,973
2026-07-30 07:00:00,57.182,57.202,56.988,57.202,1221
2026-07-30 07:15:00,57.204,57.306,56.976,57.299,1110
2026-07-30 07:30:00,57.293,57.499,56.934,57.129,2186
2026-07-30 07:45:00,57.131,57.287,57.006,57.056,1789
2026-07-30 08:00:00,57.058,57.191,57.038,57.065,1868
2026-07-30 08:15:00,57.06,57.293,57.056,57.146,1602
2026-07-30 08:30:00,57.145,57.284,57.091,57.229,1255
2026-07-30 08:45:00,57.224,57.326,57.156,57.184,892
2026-07-30 09:00:00,57.162,57.563,57.143,57.499,1371
2026-07-30 09:15:00,57.504,57.537,57.264,57.31,1379
2026-07-30 09:30:00,57.308,57.317,57.05,57.26,1190
2026-07-30 09:45:00,57.263,57.293,56.926,56.962,1108
2026-07-30 10:00:00,56.98,57.408,56.913,57.354,1363
2026-07-30 10:15:00,57.355,57.803,57.327,57.741,1248
2026-07-30 10:30:00,57.738,57.867,57.562,57.596,1475
2026-07-30 10:45:00,57.599,57.68,57.498,57.611,957
2026-07-30 11:00:00,57.612,57.821,57.612,57.739,1148
2026-07-30 11:15:00,57.741,57.877,57.688,57.744,1150
2026-07-30 11:30:00,57.751,57.926,57.681,57.838,1060
2026-07-30 11:45:00,57.846,57.963,57.726,57.728,790
2026-07-30 12:00:00,57.732,57.963,57.712,57.855,1157
2026-07-30 12:15:00,57.862,58.132,57.829,58.078,1127
2026-07-30 12:30:00,58.08,58.234,58.05,58.199,1282
2026-07-30 12:45:00,58.203,58.255,58.041,58.041,916
2026-07-30 13:00:00,58.038,58.106,57.953,57.975,1211
2026-07-30 13:15:00,57.964,58.115,57.958,58.025,915
2026-07-30 13:30:00,58.044,58.069,57.983,58.03,837
2026-07-30 13:45:00,58.031,58.134,57.992,58.095,795
2026-07-30 14:00:00,58.098,58.304,58.021,58.281,1160
2026-07-30 14:15:00,58.264,58.264,57.978,58.083,1055
2026-07-30 14:30:00,58.099,58.27,57.881,57.947,1797
2026-07-30 14:45:00,57.953,58.107,57.856,57.971,1505
2026-07-30 15:00:00,57.967,58.089,57.792,58.061,2224
2026-07-30 15:15:00,58.063,58.087,57.807,57.945,1883
2026-07-30 15:30:00,57.933,58.286,57.771,58.018,2813
2026-07-30 15:45:00,58.019,58.525,57.907,58.497,2599
2026-07-30 16:00:00,58.496,58.606,58.067,58.094,2648
2026-07-30 16:15:00,58.09,58.228,57.907,58.106,2297
2026-07-30 16:30:00,58.109,58.442,58.07,58.401,1516
2026-07-30 16:45:00,58.403,58.426,58.153,58.317,1971
2026-07-30 17:00:00,58.313,58.364,58.039,58.087,2010
2026-07-30 17:15:00,58.083,58.516,58.072,58.374,1868
2026-07-30 17:30:00,58.371,58.576,58.302,58.536,1658
2026-07-30 17:45:00,58.539,58.631,58.504,58.579,1532
2026-07-30 18:00:00,58.573,58.913,58.57,58.812,1547
2026-07-30 18:15:00,58.809,58.944,58.778,58.829,1209
2026-07-30 18:30:00,58.831,58.848,58.624,58.633,1412
2026-07-30 18:45:00,58.634,58.699,58.543,58.697,1117
2026-07-30 19:00:00,58.703,58.716,58.545,58.563,1231
2026-07-30 19:15:00,58.561,58.796,58.515,58.664,1342
2026-07-30 19:30:00,58.651,58.85,58.626,58.813,1526
2026-07-30 19:45:00,58.817,58.853,58.695,58.748,1088
2026-07-30 20:00:00,58.752,58.909,58.748,58.891,1013
2026-07-30 20:15:00,58.895,58.904,58.775,58.86,1090
2026-07-30 20:30:00,58.855,58.971,58.836,58.893,1142
2026-07-30 20:45:00,58.899,58.905,58.8,58.821,1200
2026-07-30 21:00:00,58.825,59.059,58.805,59.028,1140
2026-07-30 21:15:00,59.025,59.233,58.977,59.166,1057
2026-07-30 21:30:00,59.163,59.237,59.085,59.156,800
2026-07-30 21:45:00,59.159,59.214,59.15,59.193,1189
2026-07-30 22:00:00,59.185,59.297,59.152,59.236,1126
2026-07-30 22:15:00,59.237,59.279,59.153,59.163,601
2026-07-30 22:30:00,59.169,59.178,58.994,59.015,935
2026-07-30 22:45:00,59.011,59.028,58.895,58.973,681
2026-07-31 00:00:00,58.923,59.08,58.621,59.053,424
2026-07-31 00:15:00,59.058,59.087,59.008,59.042,499
2026-07-31 00:30:00,59.039,59.081,59.008,59.072,482
2026-07-31 00:45:00,59.064,59.084,59.034,59.034,342
2026-07-31 01:00:00,59.041,59.103,58.974,58.983,449
2026-07-31 01:15:00,58.978,59.044,58.946,59.01,464
2026-07-31 01:30:00,59.007,59.108,58.995,59.094,456
2026-07-31 01:45:00,59.098,59.15,59.048,59.052,534
2026-07-31 02:00:00,59.063,59.143,58.987,59.088,1109
2026-07-31 02:15:00,59.08,59.115,58.955,58.963,1002
2026-07-31 02:30:00,58.96,59.015,58.816,58.905,878
2026-07-31 02:45:00,58.908,58.915,58.771,58.846,1029
2026-07-31 03:00:00,58.864,59.13,58.749,58.757,2247
2026-07-31 03:15:00,58.76,58.796,58.675,58.752,1739
2026-07-31 03:30:00,58.751,58.766,58.608,58.641,1728
2026-07-31 03:45:00,58.636,58.763,58.62,58.669,1537
2026-07-31 04:00:00,58.675,58.834,58.616,58.722,1597
2026-07-31 04:15:00,58.726,58.726,58.573,58.595,885
2026-07-31 04:30:00,58.579,58.698,58.478,58.486,1469
2026-07-31 04:45:00,58.494,58.543,58.41,58.48,1271
2026-07-31 05:00:00,58.478,58.489,58.305,58.35,1264
2026-07-31 05:15:00,58.353,58.392,58.279,58.371,1139
2026-07-31 05:30:00,58.376,58.442,58.364,58.398,950
2026-07-31 05:45:00,58.403,58.452,58.333,58.336,678
2026-07-31 06:00:00,58.343,58.446,58.318,58.428,617
2026-07-31 06:15:00,58.424,58.506,58.413,58.501,600
2026-07-31 06:30:00,58.497,58.588,58.477,58.558,447
2026-07-31 06:45:00,58.555,58.627,58.496,58.627,475
2026-07-31 07:00:00,58.622,58.744,58.611,58.622,848
2026-07-31 07:15:00,58.62,58.652,58.555,58.614,514
2026-07-31 07:30:00,58.606,58.62,58.428,58.459,1608
2026-07-31 07:45:00,58.457,58.457,58.217,58.316,1574
2026-07-31 08:00:00,58.321,58.51,58.24,58.457,1158
2026-07-31 08:15:00,58.458,58.554,58.375,58.525,1322
2026-07-31 08:30:00,58.528,58.532,58.289,58.298,1189
2026-07-31 08:45:00,58.297,58.351,58.211,58.245,1246
2026-07-31 09:00:00,58.233,58.238,58.005,58.114,813
2026-07-31 09:15:00,58.111,58.205,58.065,58.138,785
2026-07-31 09:30:00,58.145,58.317,58.102,58.283,802
2026-07-31 09:45:00,58.284,58.365,58.199,58.213,1081
2026-07-31 10:00:00,58.215,58.217,58.077,58.181,1243
2026-07-31 10:15:00,58.185,58.263,58.029,58.042,1051
2026-07-31 10:30:00,58.036,58.132,57.984,58.081,1093
2026-07-31 10:45:00,58.084,58.169,58.031,58.114,1027
2026-07-31 11:00:00,58.118,58.185,57.977,58.071,1230
2026-07-31 11:15:00,58.072,58.108,57.949,57.998,1293
2026-07-31 11:30:00,57.994,58.028,57.86,57.966,871
2026-07-31 11:45:00,57.973,58.031,57.908,57.954,775
2026-07-31 12:00:00,57.94,58.035,57.909,57.979,888
2026-07-31 12:15:00,57.971,57.986,57.888,57.914,698
2026-07-31 12:30:00,57.911,58.03,57.89,57.998,795
2026-07-31 12:45:00,57.995,58.032,57.738,57.841,727
2026-07-31 13:00:00,57.85,57.97,57.711,57.923,896
2026-07-31 13:15:00,57.926,58.023,57.848,57.93,1073
2026-07-31 13:30:00,57.947,57.947,57.621,57.68,1152
2026-07-31 13:45:00,57.677,57.848,57.65,57.797,892
2026-07-31 14:00:00,57.799,57.88,57.685,57.789,1004
2026-07-31 14:15:00,57.793,57.83,57.586,57.604,1104
2026-07-31 14:30:00,57.605,57.765,57.507,57.682,1518
2026-07-31 14:45:00,57.685,57.756,57.588,57.598,1218
2026-07-31 15:00:00,57.611,57.669,57.247,57.296,2072
2026-07-31 15:15:00,57.293,57.506,57.164,57.485,1871
2026-07-31 15:30:00,57.481,57.511,57.054,57.155,2706
2026-07-31 15:45:00,57.157,57.343,57.085,57.184,2704
2026-07-31 16:00:00,57.173,57.353,57.009,57.21,2611
2026-07-31 16:15:00,57.199,57.391,57.144,57.316,2566
2026-07-31 16:30:00,57.315,57.474,57.285,57.448,2036
2026-07-31 16:45:00,57.451,57.67,57.428,57.475,2191
2026-07-31 17:00:00,57.48,57.574,57.375,57.53,2269
2026-07-31 17:15:00,57.533,57.661,57.298,57.334,2090
2026-07-31 17:30:00,57.332,57.472,57.224,57.404,2135
2026-07-31 17:45:00,57.406,57.498,57.329,57.454,1795
2026-07-31 18:00:00,57.445,57.473,57.312,57.403,1630
2026-07-31 18:15:00,57.41,57.517,57.343,57.493,1453
2026-07-31 18:30:00,57.485,57.617,57.406,57.422,1430
2026-07-31 18:45:00,57.425,57.494,57.401,57.453,1336
2026-07-31 19:00:00,57.455,57.522,57.37,57.513,1391
2026-07-31 19:15:00,57.521,57.8,57.494,57.749,1798
2026-07-31 19:30:00,57.757,57.875,57.709,57.79,1853
2026-07-31 19:45:00,57.792,57.906,57.745,57.854,1725
2026-07-31 20:00:00,57.857,57.907,57.763,57.79,1472
2026-07-31 20:15:00,57.787,57.888,57.746,57.851,1330
2026-07-31 20:30:00,57.847,57.906,57.786,57.873,985
2026-07-31 20:45:00,57.874,57.924,57.826,57.916,825
2026-07-31 21:00:00,57.911,57.976,57.845,57.892,830
2026-07-31 21:15:00,57.895,57.95,57.855,57.931,992
2026-07-31 21:30:00,57.918,57.935,57.797,57.927,1178
2026-07-31 21:45:00,57.915,57.972,57.874,57.913,1402
2026-07-31 22:00:00,57.903,57.946,57.703,57.753,978
2026-07-31 22:15:00,57.759,57.807,57.745,57.759,462
2026-07-31 22:30:00,57.763,57.892,57.712,57.742,455
2026-07-31 22:45:00,57.743,57.842,57.205,57.462,1025
2026-08-03 00:00:00,58.378,58.61,58.253,58.414,738
2026-08-03 00:15:00,58.406,58.423,58.257,58.374,1082
2026-08-03 00:30:00,58.377,58.47,58.368,58.441,901
2026-08-03 00:45:00,58.437,58.455,58.31,58.32,761
2026-08-03 01:00:00,58.321,58.344,58.172,58.228,778
2026-08-03 01:15:00,58.225,58.341,58.197,58.308,693
2026-08-03 01:30:00,58.311,58.317,58.187,58.239,472
2026-08-03 01:45:00,58.235,58.296,58.185,58.293,1667
2026-08-03 02:00:00,58.295,58.397,58.112,58.159,2312
2026-08-03 02:15:00,58.166,58.232,57.912,57.993,2070
2026-08-03 02:30:00,57.989,58.142,57.85,57.902,2272
2026-08-03 02:45:00,57.905,58.036,57.876,57.941,2329
2026-08-03 03:00:00,57.947,58.32,57.799,58.056,3092
2026-08-03 03:15:00,58.059,58.217,57.93,58.139,2651
2026-08-03 03:30:00,58.14,58.23,58.035,58.158,2511
2026-08-03 03:45:00,58.173,58.252,58.042,58.184,2221
2026-08-03 04:00:00,58.191,58.281,58.057,58.117,2457
2026-08-03 04:15:00,58.122,58.21,57.985,58.132,1215
2026-08-03 04:30:00,58.146,58.167,57.923,58.066,2052
2026-08-03 04:45:00,58.059,58.191,58.012,58.112,1507
2026-08-03 05:00:00,58.111,58.232,58.093,58.164,1195
2026-08-03 05:15:00,58.152,58.269,58.067,58.132,1219
2026-08-03 05:30:00,58.13,58.213,58.095,58.133,842
2026-08-03 05:45:00,58.138,58.245,58.11,58.221,640
2026-08-03 06:00:00,58.232,58.33,58.202,58.259,680
2026-08-03 06:15:00,58.258,58.39,58.25,58.364,591
2026-08-03 06:30:00,58.366,58.532,58.366,58.532,657
2026-08-03 06:45:00,58.537,58.563,58.273,58.281,521
2026-08-03 07:00:00,58.287,58.331,58.128,58.159,1063
2026-08-03 07:15:00,58.153,58.231,58.065,58.128,919
2026-08-03 07:30:00,58.107,58.112,57.761,57.966,1736
2026-08-03 07:45:00,57.973,58.159,57.893,58.156,1268
2026-08-03 08:00:00,58.153,58.2,58.089,58.128,1301
2026-08-03 08:15:00,58.129,58.595,58.114,58.356,1522
2026-08-03 08:30:00,58.355,58.368,58.158,58.186,1329
2026-08-03 08:45:00,58.185,58.254,58.1,58.109,1017
2026-08-03 09:00:00,58.106,58.151,57.936,57.993,1052
2026-08-03 09:15:00,57.989,58.05,57.788,58.012,1489
2026-08-03 09:30:00,58.047,58.164,58.02,58.114,1120
2026-08-03 09:45:00,58.116,58.346,58.116,58.275,903
2026-08-03 10:00:00,58.273,58.282,58.164,58.241,1138
2026-08-03 10:15:00,58.24,58.252,58.154,58.18,972
2026-08-03 10:30:00,58.183,58.37,58.159,58.306,1084
2026-08-03 10:45:00,58.305,58.357,58.281,58.32,963
2026-08-03 11:00:00,58.321,58.37,58.274,58.363,918
2026-08-03 11:15:00,58.359,58.378,58.146,58.174,955
2026-08-03 11:30:00,58.178,58.194,58.054,58.145,1144
2026-08-03 11:45:00,58.143,58.236,58.138,58.19,987
2026-08-03 12:00:00,58.192,58.196,58.08,58.143,802
2026-08-03 12:15:00,58.141,58.163,58.017,58.058,955
2026-08-03 12:30:00,58.059,58.061,57.892,57.924,825
2026-08-03 12:45:00,57.927,57.98,57.871,57.958,795
2026-08-03 13:00:00,57.959,57.978,57.832,57.927,914
2026-08-03 13:15:00,57.93,57.931,57.776,57.843,848
2026-08-03 13:30:00,57.845,57.927,57.727,57.923,783
2026-08-03 13:45:00,57.925,58.048,57.82,57.983,1324
2026-08-03 14:00:00,57.984,58.037,57.725,57.828,1448
2026-08-03 14:15:00,57.827,57.845,57.619,57.625,1386
2026-08-03 14:30:00,57.623,57.699,57.458,57.499,1393
2026-08-03 14:45:00,57.5,57.549,57.415,57.438,1187
2026-08-03 15:00:00,57.44,57.676,56.71,56.756,2391
2026-08-03 15:15:00,56.761,56.811,56.583,56.694,1926
2026-08-03 15:30:00,56.69,56.95,56.547,56.88,2662
2026-08-03 15:45:00,56.886,57.153,56.814,57.099,1821
2026-08-03 16:00:00,57.099,57.265,57.012,57.217,1717
2026-08-03 16:15:00,57.214,57.233,57.073,57.076,1303
2026-08-03 16:30:00,57.078,57.261,57.049,57.226,1411
2026-08-03 16:45:00,57.227,57.315,57.107,57.291,998
2026-08-03 17:00:00,57.294,57.471,57.189,57.355,1229
2026-08-03 17:15:00,57.361,57.425,57.173,57.235,1186
2026-08-03 17:30:00,57.239,57.408,57.148,57.364,1435
2026-08-03 17:45:00,57.365,57.499,57.365,57.43,957
2026-08-03 18:00:00,57.435,57.47,57.363,57.411,697
2026-08-03 18:15:00,57.412,57.51,57.375,57.458,784
2026-08-03 18:30:00,57.463,57.731,57.445,57.622,933
2026-08-03 18:45:00,57.627,57.748,57.591,57.651,788
2026-08-03 19:00:00,57.653,57.681,57.537,57.609,710
2026-08-03 19:15:00,57.608,57.759,57.599,57.631,803
2026-08-03 19:30:00,57.636,57.777,57.634,57.748,800
2026-08-03 19:45:00,57.751,57.763,57.616,57.618,634
2026-08-03 20:00:00,57.623,57.905,57.596,57.806,823
2026-08-03 20:15:00,57.809,57.894,57.794,57.872,769
2026-08-03 20:30:00,57.873,57.918,57.825,57.894,543
2026-08-03 20:45:00,57.891,57.915,57.85,57.885,633
2026-08-03 21:00:00,57.884,58.028,57.884,57.998,648
2026-08-03 21:15:00,58.002,58.174,57.991,58.09,582
2026-08-03 21:30:00,58.094,58.199,58.051,58.087,650
2026-08-03 21:45:00,58.089,58.143,58.005,58.031,683
2026-08-03 22:00:00,58.028,58.036,57.967,58.021,275
2026-08-03 22:15:00,58.02,58.101,58.018,58.093,250
2026-08-03 22:30:00,58.096,58.18,58.095,58.162,313
2026-08-03 22:45:00,58.161,58.179,58.117,58.166,329
2026-08-04 00:00:00,58.185,58.185,57.987,58.054,436
2026-08-04 00:15:00,58.055,58.085,58.034,58.084,269
2026-08-04 00:30:00,58.078,58.14,58.077,58.125,290
2026-08-04 00:45:00,58.128,58.153,58.106,58.127,386
2026-08-04 01:00:00,58.129,58.15,58.09,58.104,321
2026-08-04 01:15:00,58.105,58.127,58.068,58.078,239
2026-08-04 01:30:00,58.083,58.1,58.062,58.074,291
2026-08-04 01:45:00,58.071,58.252,58.066,58.242,382
2026-08-04 02:00:00,58.243,58.552,58.206,58.378,1107
2026-08-04 02:15:00,58.371,58.399,58.284,58.314,876
2026-08-04 02:30:00,58.315,58.348,58.238,58.254,600
2026-08-04 02:45:00,58.257,58.258,58.103,58.119,788
2026-08-04 03:00:00,58.118,58.231,57.966,58.104,1745
2026-08-04 03:15:00,58.11,58.32,58.075,58.319,1326
2026-08-04 03:30:00,58.339,58.721,58.309,58.643,1653
2026-08-04 03:45:00,58.642,58.815,58.607,58.642,1661
2026-08-04 04:00:00,58.652,58.68,58.526,58.619,1576
2026-08-04 04:15:00,58.621,58.721,58.619,58.639,1030
2026-08-04 04:30:00,58.645,58.799,58.566,58.775,1384
2026-08-04 04:45:00,58.78,58.791,58.615,58.622,1044
2026-08-04 05:00:00,58.623,58.72,58.578,58.638,1253
2026-08-04 05:15:00,58.635,58.795,58.615,58.726,1027
2026-08-04 05:30:00,58.723,58.741,58.6,58.605,716
2026-08-04 05:45:00,58.595,58.699,58.594,58.647,591
2026-08-04 06:00:00,58.646,58.753,58.63,58.749,514
2026-08-04 06:15:00,58.753,58.897,58.734,58.886,559
2026-08-04 06:30:00,58.89,58.941,58.88,58.91,523
2026-08-04 06:45:00,58.911,59.022,58.904,58.944,535
2026-08-04 07:00:00,58.942,58.962,58.722,58.743,691
2026-08-04 07:15:00,58.745,58.949,58.726,58.912,559
2026-08-04 07:30:00,58.917,59.032,58.8,58.893,1119
2026-08-04 07:45:00,58.896,59.009,58.882,58.969,1134
2026-08-04 08:00:00,58.974,59.135,58.974,59.037,1229
2026-08-04 08:15:00,59.039,59.041,58.881,58.904,939
2026-08-04 08:30:00,58.905,58.906,58.774,58.875,965
2026-08-04 08:45:00,58.881,58.926,58.841,58.904,855
2026-08-04 09:00:00,58.923,59.035,58.898,58.923,948
2026-08-04 09:15:00,58.924,59.053,58.918,58.989,862
2026-08-04 09:30:00,59.007,59.101,58.874,58.884,757
2026-08-04 09:45:00,58.889,58.987,58.877,58.971,779
2026-08-04 10:00:00,58.961,59.156,58.94,59.028,1126
2026-08-04 10:15:00,59.032,59.049,58.868,58.925,845
2026-08-04 10:30:00,58.921,58.976,58.85,58.898,1053
2026-08-04 10:45:00,58.902,58.902,58.726,58.742,1003
2026-08-04 11:00:00,58.739,58.753,58.57,58.607,902
2026-08-04 11:15:00,58.606,58.721,58.588,58.716,873
2026-08-04 11:30:00,58.713,58.796,58.665,58.792,772
2026-08-04 11:45:00,58.795,58.795,58.652,58.745,706
2026-08-04 12:00:00,58.742,58.747,58.628,58.646,822
2026-08-04 12:15:00,58.643,58.707,58.605,58.659,556
2026-08-04 12:30:00,58.662,58.808,58.546,58.772,871
2026-08-04 12:45:00,58.769,59.028,58.751,58.777,1663
2026-08-04 13:00:00,58.782,58.913,58.736,58.869,1002
2026-08-04 13:15:00,58.865,59.066,58.863,59.062,875
2026-08-04 13:30:00,59.075,59.25,58.957,59.225,1397
2026-08-04 13:45:00,59.226,59.468,59.162,59.431,2280
2026-08-04 14:00:00,59.425,59.46,59.125,59.177,1545
2026-08-04 14:15:00,59.18,59.549,59.114,59.544,1163
2026-08-04 14:30:00,59.539,59.915,59.539,59.653,1815
2026-08-04 14:45:00,59.656,59.841,59.587,59.829,1601
2026-08-04 15:00:00,59.839,59.851,59.396,59.481,2040
2026-08-04 15:15:00,59.473,59.838,59.321,59.703,2337
2026-08-04 15:30:00,59.723,59.995,59.591,59.713,2625
2026-08-04 15:45:00,59.711,59.865,59.644,59.672,2292
2026-08-04 16:00:00,59.711,59.825,59.555,59.815,1804
2026-08-04 16:15:00,59.813,59.843,59.458,59.522,1930
2026-08-04 16:30:00,59.516,59.529,59.261,59.383,2108
2026-08-04 16:45:00,59.381,59.532,59.34,59.51,1601
2026-08-04 17:00:00,59.506,59.585,59.454,59.505,1333
2026-08-04 17:15:00,59.507,59.54,59.298,59.385,1320
2026-08-04 17:30:00,59.379,59.678,59.365,59.659,1635
2026-08-04 17:45:00,59.655,59.783,59.604,59.707,1499
2026-08-04 18:00:00,59.711,59.759,59.645,59.667,1223
2026-08-04 18:15:00,59.674,59.889,59.593,59.797,1248
2026-08-04 18:30:00,59.789,59.829,59.715,59.824,958
2026-08-04 18:45:00,59.818,59.879,59.772,59.812,1124
2026-08-04 19:00:00,59.802,59.987,59.742,59.943,1654
2026-08-04 19:15:00,59.939,60.03,59.844,59.853,1593
2026-08-04 19:30:00,59.845,59.928,59.788,59.892,960
2026-08-04 19:45:00,59.895,59.918,59.754,59.778,1388
2026-08-04 20:00:00,59.78,59.798,59.663,59.727,1384
2026-08-04 20:15:00,59.726,59.788,59.681,59.708,1189
2026-08-04 20:30:00,59.716,59.734,59.504,59.545,1205
2026-08-04 20:45:00,59.542,59.671,59.537,59.589,1106
2026-08-04 21:00:00,59.59,59.676,59.554,59.587,845
2026-08-04 21:15:00,59.594,59.691,59.549,59.593,864
2026-08-04 21:30:00,59.592,59.683,59.545,59.649,972
2026-08-04 21:45:00,59.645,59.663,59.497,59.546,956
2026-08-04 22:00:00,59.553,59.599,59.535,59.571,753
2026-08-04 22:15:00,59.557,59.567,59.446,59.478,559
2026-08-04 22:30:00,59.477,59.517,59.455,59.501,400
2026-08-04 22:45:00,59.507,59.535,59.484,59.528,390
2026-08-05 00:00:00,59.573,59.581,59.467,59.51,263
2026-08-05 00:15:00,59.504,59.544,59.499,59.534,358
2026-08-05 00:30:00,59.535,59.578,59.526,59.545,341
2026-08-05 00:45:00,59.546,59.557,59.466,59.469,329
2026-08-05 01:00:00,59.472,59.485,59.381,59.457,525
2026-08-05 01:15:00,59.456,59.491,59.403,59.428,447
2026-08-05 01:30:00,59.426,59.443,59.377,59.392,339
2026-08-05 01:45:00,59.393,59.453,59.376,59.41,447
2026-08-05 02:00:00,59.411,59.481,59.384,59.401,784
2026-08-05 02:15:00,59.404,59.606,59.392,59.583,803
2026-08-05 02:30:00,59.596,59.691,59.569,59.578,755
2026-08-05 02:45:00,59.576,59.7,59.567,59.686,724
2026-08-05 03:00:00,59.67,59.769,59.555,59.665,1828
2026-08-05 03:15:00,59.666,59.708,59.518,59.556,1290
2026-08-05 03:30:00,59.555,59.855,59.512,59.839,1436
2026-08-05 03:45:00,59.834,59.913,59.775,59.886,1352
2026-08-05 04:00:00,59.892,59.896,59.761,59.824,1564
2026-08-05 04:15:00,59.821,59.93,59.794,59.886,996
2026-08-05 04:30:00,59.899,60.607,59.832,60.523,1836
2026-08-05 04:45:00,60.525,60.825,60.485,60.661,1620
2026-08-05 05:00:00,60.664,60.921,60.601,60.865,1550
2026-08-05 05:15:00,60.867,60.882,60.752,60.759,1172
2026-08-05 05:30:00,60.763,60.782,60.672,60.692,739
2026-08-05 05:45:00,60.697,60.747,60.681,60.713,498
2026-08-05 06:00:00,60.719,60.831,60.702,60.761,938
2026-08-05 06:15:00,60.76,60.849,60.746,60.785,658
2026-08-05 06:30:00,60.784,60.843,60.691,60.714,581
2026-08-05 06:45:00,60.711,60.739,60.644,60.723,569
2026-08-05 07:00:00,60.724,60.771,60.691,60.753,630
2026-08-05 07:15:00,60.755,60.916,60.732,60.915,541
2026-08-05 07:30:00,60.926,61.329,60.918,61.309,1612
2026-08-05 07:45:00,61.311,61.602,61.304,61.391,1765
2026-08-05 08:00:00,61.387,61.526,61.338,61.488,1412
2026-08-05 08:15:00,61.478,61.507,61.356,61.477,1184
2026-08-05 08:30:00,61.472,61.843,61.437,61.816,1165
2026-08-05 08:45:00,61.802,61.847,61.714,61.793,1104
2026-08-05 09:00:00,61.791,61.883,61.613,61.632,1309
2026-08-05 09:15:00,61.636,61.812,61.549,61.569,1192
2026-08-05 09:30:00,61.571,61.781,61.533,61.694,895
2026-08-05 09:45:00,61.709,61.843,61.661,61.816,798
2026-08-05 10:00:00,61.777,61.837,61.581,61.594,906
2026-08-05 10:15:00,61.598,61.607,61.417,61.515,968
2026-08-05 10:30:00,61.512,61.644,61.421,61.544,975
2026-08-05 10:45:00,61.539,61.541,61.378,61.424,878
2026-08-05 11:00:00,61.433,61.614,61.426,61.556,828
2026-08-05 11:15:00,61.552,61.558,61.372,61.399,715
2026-08-05 11:30:00,61.401,61.552,61.379,61.498,770
2026-08-05 11:45:00,61.501,61.511,61.365,61.419,751
2026-08-05 12:00:00,61.422,61.437,61.181,61.205,724
2026-08-05 12:15:00,61.206,61.337,61.175,61.19,647
2026-08-05 12:30:00,61.192,61.229,61.088,61.11,668
2026-08-05 12:45:00,61.121,61.26,61.035,61.24,891
2026-08-05 13:00:00,61.247,61.557,61.211,61.535,1016
2026-08-05 13:15:00,61.538,61.794,61.505,61.706,962
2026-08-05 13:30:00,61.713,61.889,61.67,61.841,1214
2026-08-05 13:45:00,61.835,62.009,61.786,61.944,1100
2026-08-05 14:00:00,61.957,62.205,61.953,62.137,1431
2026-08-05 14:15:00,62.136,62.498,62.136,62.234,1569
2026-08-05 14:30:00,62.237,62.311,61.761,61.802,1356
2026-08-05 14:45:00,61.8,61.885,61.438,61.468,1374
2026-08-05 15:00:00,61.454,61.941,61.454,61.751,2026
2026-08-05 15:15:00,61.752,62.115,61.687,62.068,1601
2026-08-05 15:30:00,62.073,62.128,61.81,62.039,2793
2026-08-05 15:45:00,62.043,62.365,61.84,62.355,2198
2026-08-05 16:00:00,62.317,62.762,62.055,62.504,2644
2026-08-05 16:15:00,62.503,62.621,62.359,62.411,2447
2026-08-05 16:30:00,62.405,62.471,62.168,62.459,2210
2026-08-05 16:45:00,62.456,62.491,62.097,62.242,2349
2026-08-05 17:00:00,62.251,62.516,62.217,62.424,2287
2026-08-05 17:15:00,62.421,62.592,62.206,62.416,2015
2026-08-05 17:30:00,62.426,62.521,62.284,62.343,1725
2026-08-05 17:45:00,62.344,62.344,61.764,61.889,1994
2026-08-05 18:00:00,61.892,61.948,61.5,61.865,1997
2026-08-05 18:15:00,61.869,62.124,61.775,62.12,1600
2026-08-05 18:30:00,62.13,62.23,61.934,62.142,1412
2026-08-05 18:45:00,62.145,62.178,62.004,62.065,1332
2026-08-05 19:00:00,62.061,62.08,61.937,62.0,1565
2026-08-05 19:15:00,61.998,62.096,61.909,62.077,1975
2026-08-05 19:30:00,62.074,62.211,62.016,62.143,1675
2026-08-05 19:45:00,62.142,62.22,62.105,62.165,1441
2026-08-05 20:00:00,62.159,62.217,62.095,62.1,1413
2026-08-05 20:15:00,62.097,62.367,62.089,62.283,1660
2026-08-05 20:30:00,62.285,62.291,62.138,62.193,1512
2026-08-05 20:45:00,62.197,62.297,62.183,62.207,1166
2026-08-05 21:00:00,62.206,62.304,62.189,62.258,1311
2026-08-05 21:15:00,62.259,62.26,62.115,62.118,1305
2026-08-05 21:30:00,62.123,62.124,61.983,62.054,1365
2026-08-05 21:45:00,62.053,62.1,61.998,62.005,1358
2026-08-05 22:00:00,62.006,62.067,61.989,62.051,1220
2026-08-05 22:15:00,62.061,62.063,61.936,61.953,677
2026-08-05 22:30:00,61.947,62.059,61.94,61.99,554
2026-08-05 22:45:00,61.982,62.038,61.923,62.024,581
2026-08-06 00:00:00,62.088,62.185,61.937,62.094,653
2026-08-06 00:15:00,62.092,62.128,62.077,62.112,516
2026-08-06 00:30:00,62.112,62.134,62.036,62.045,398
2026-08-06 00:45:00,62.043,62.051,62.005,62.024,418
2026-08-06 01:00:00,62.03,62.102,62.014,62.102,592
2026-08-06 01:15:00,62.101,62.149,62.082,62.126,683
2026-08-06 01:30:00,62.13,62.321,62.077,62.257,1074
2026-08-06 01:45:00,62.252,62.266,62.163,62.193,1352
2026-08-06 02:00:00,62.19,62.288,62.04,62.177,2169
2026-08-06 02:15:00,62.182,62.324,62.092,62.152,2080
2026-08-06 02:30:00,62.153,62.378,62.153,62.37,2077
2026-08-06 02:45:00,62.377,62.736,62.347,62.649,1999
2026-08-06 03:00:00,62.633,62.884,62.291,62.407,3152
2026-08-06 03:15:00,62.395,62.477,61.961,62.026,2701
2026-08-06 03:30:00,62.014,62.253,61.982,62.16,2660
2026-08-06 03:45:00,62.167,62.382,62.061,62.2,2644
2026-08-06 04:00:00,62.203,62.518,62.171,62.356,2347
2026-08-06 04:15:00,62.355,62.476,62.328,62.345,1346
2026-08-06 04:30:00,62.337,62.368,62.08,62.368,2286
2026-08-06 04:45:00,62.373,62.413,62.188,62.271,2151
2026-08-06 05:00:00,62.272,62.34,62.156,62.158,2000
2026-08-06 05:15:00,62.157,62.167,61.923,61.994,2224
2026-08-06 05:30:00,62.001,62.049,61.921,61.959,1287
2026-08-06 05:45:00,61.963,62.081,61.918,62.079,1103
2026-08-06 06:00:00,62.085,62.181,62.044,62.071,1235
2026-08-06 06:15:00,62.073,62.114,61.984,62.018,1099
2026-08-06 06:30:00,62.023,62.132,62.023,62.048,1052
2026-08-06 06:45:00,62.05,62.156,62.039,62.119,975
2026-08-06 07:00:00,62.111,62.163,62.009,62.064,1468
2026-08-06 07:15:00,62.066,62.066,61.796,61.796,1305
2026-08-06 07:30:00,61.793,61.955,61.553,61.932,2233
2026-08-06 07:45:00,61.931,62.168,61.899,62.119,1860
2026-08-06 08:00:00,62.13,62.13,61.863,61.94,1880
2026-08-06 08:15:00,61.938,61.952,61.807,61.901,1679
2026-08-06 08:30:00,61.896,61.909,61.521,61.707,1610
2026-08-06 08:45:00,61.702,61.747,61.554,61.62,1605
2026-08-06 09:00:00,61.623,61.866,61.593,61.82,1372
2026-08-06 09:15:00,61.817,61.918,61.779,61.831,1090
2026-08-06 09:30:00,61.832,61.868,61.732,61.751,1092
2026-08-06 09:45:00,61.754,61.892,61.618,61.889,1247
2026-08-06 10:00:00,61.89,61.95,61.736,61.946,1593
2026-08-06 10:15:00,61.937,61.966,61.731,61.835,1495
2026-08-06 10:30:00,61.839,61.981,61.809,61.841,1430
2026-08-06 10:45:00,61.843,62.063,61.775,62.055,1809
2026-08-06 11:00:00,62.058,62.194,61.85,61.949,1728
2026-08-06 11:15:00,61.951,62.024,61.92,62.008,1512
2026-08-06 11:30:00,62.015,62.04,61.772,61.776,1439
2026-08-06 11:45:00,61.784,61.878,61.775,61.875,1062
2026-08-06 12:00:00,61.876,61.876,61.737,61.765,1115
2026-08-06 12:15:00,61.764,61.861,61.711,61.84,1032
2026-08-06 12:30:00,61.841,61.842,61.693,61.723,1030
2026-08-06 12:45:00,61.722,61.88,61.696,61.713,1043
2026-08-06 13:00:00,61.72,61.794,61.573,61.694,1618
2026-08-06 13:15:00,61.697,61.772,61.595,61.752,1262
2026-08-06 13:30:00,61.754,61.817,61.669,61.674,1271
2026-08-06 13:45:00,61.678,61.795,61.575,61.786,1696
2026-08-06 14:00:00,61.79,61.797,61.497,61.515,1620
2026-08-06 14:15:00,61.518,61.694,61.458,61.583,1783
2026-08-06 14:30:00,61.569,61.793,61.496,61.64,1589
2026-08-06 14:45:00,61.643,61.65,61.217,61.231,1853
2026-08-06 15:00:00,61.23,61.541,61.091,61.163,2829
2026-08-06 15:15:00,61.16,61.393,61.016,61.393,2211
2026-08-06 15:30:00,61.392,61.784,61.325,61.699,2890
2026-08-06 15:45:00,61.701,61.701,61.512,61.599,2747
2026-08-06 16:00:00,61.595,61.724,61.527,61.562,2586
2026-08-06 16:15:00,61.561,61.643,61.429,61.527,2403
2026-08-06 16:30:00,61.528,61.734,61.515,61.707,2389
2026-08-06 16:45:00,61.708,61.729,61.477,61.657,2379
2026-08-06 17:00:00,61.66,61.693,61.509,61.553,2286
2026-08-06 17:15:00,61.552,61.552,61.165,61.374,2506
2026-08-06 17:30:00,61.378,61.378,61.169,61.276,2167
2026-08-06 17:45:00,61.275,61.337,60.948,61.065,2478
2026-08-06 18:00:00,61.063,61.272,61.046,61.091,2410
2026-08-06 18:15:00,61.089,61.096,60.851,60.995,2455
2026-08-06 18:30:00,61.006,61.19,61.002,61.162,1894
2026-08-06 18:45:00,61.157,61.358,61.134,61.317,1626
2026-08-06 19:00:00,61.319,61.409,61.313,61.318,1790
2026-08-06 19:15:00,61.316,61.399,61.287,61.312,1653
2026-08-06 19:30:00,61.307,61.343,61.246,61.315,1453
2026-08-06 19:45:00,61.317,61.502,61.293,61.465,1429
2026-08-06 20:00:00,61.467,61.521,61.393,61.458,1488
2026-08-06 20:15:00,61.459,61.535,61.435,61.495,1350
2026-08-06 20:30:00,61.497,61.52,61.426,61.469,990
2026-08-06 20:45:00,61.47,61.557,61.449,61.487,956
2026-08-06 21:00:00,61.49,61.776,61.49,61.688,1328
2026-08-06 21:15:00,61.685,61.721,61.468,61.509,1542
2026-08-06 21:30:00,61.504,61.602,61.446,61.474,1617
2026-08-06 21:45:00,61.473,61.821,61.472,61.776,2058
2026-08-06 22:00:00,61.774,61.83,61.566,61.624,1195
2026-08-06 22:15:00,61.625,61.651,61.49,61.525,831
2026-08-06 22:30:00,61.526,61.559,61.443,61.451,691
2026-08-06 22:45:00,61.452,61.518,61.362,61.362,459
2026-08-07 00:00:00,61.436,61.481,61.216,61.464,398
2026-08-07 00:15:00,61.463,61.517,61.463,61.494,430
2026-08-07 00:30:00,61.498,61.517,61.457,61.461,418
2026-08-07 00:45:00,61.46,61.511,61.45,61.45,459
2026-08-07 01:00:00,61.44,61.515,61.429,61.515,555
2026-08-07 01:15:00,61.514,61.557,61.488,61.511,461
2026-08-07 01:30:00,61.51,61.601,61.508,61.595,503
2026-08-07 01:45:00,61.594,61.646,61.572,61.628,977
2026-08-07 02:00:00,61.615,61.623,61.45,61.471,1286
2026-08-07 02:15:00,61.473,61.486,61.341,61.398,1510
2026-08-07 02:30:00,61.401,61.431,61.151,61.2,1669
2026-08-07 02:45:00,61.192,61.298,61.12,61.159,1750
2026-08-07 03:00:00,61.174,61.615,61.146,61.564,2623
2026-08-07 03:15:00,61.565,61.776,61.564,61.731,2146
2026-08-07 03:30:00,61.732,62.026,61.657,61.939,2359
2026-08-07 03:45:00,61.95,62.109,61.82,62.072,2121
2026-08-07 04:00:00,62.073,62.27,62.063,62.15,2121
2026-08-07 04:15:00,62.149,62.307,62.126,62.29,1103
2026-08-07 04:30:00,62.292,62.32,61.961,61.963,2040
2026-08-07 04:45:00,61.962,62.142,61.902,62.019,1814
2026-08-07 05:00:00,62.021,62.257,62.018,62.125,1842
2026-08-07 05:15:00,62.128,62.218,62.092,62.199,1586
2026-08-07 05:30:00,62.198,62.305,62.173,62.257,1076
2026-08-07 05:45:00,62.255,62.373,62.224,62.345,943
2026-08-07 06:00:00,62.353,62.419,62.277,62.363,1027
2026-08-07 06:15:00,62.363,62.382,62.217,62.243,1287
2026-08-07 06:30:00,62.242,62.358,62.218,62.242,1248
2026-08-07 06:45:00,62.244,62.305,62.227,62.28,858
2026-08-07 07:00:00,62.281,62.355,62.191,62.303,1472
2026-08-07 07:15:00,62.304,62.347,62.247,62.272,1009
2026-08-07 07:30:00,62.293,62.534,62.242,62.443,2311
2026-08-07 07:45:00,62.442,62.804,62.427,62.722,2206
2026-08-07 08:00:00,62.726,63.338,62.641,63.281,2202
2026-08-07 08:15:00,63.293,63.65,63.201,63.34,2294
2026-08-07 08:30:00,63.344,63.756,63.267,63.699,2243
2026-08-07 08:45:00,63.696,63.894,63.622,63.73,2064
2026-08-07 09:00:00,63.735,63.745,63.435,63.569,1622
2026-08-07 09:15:00,63.567,63.672,63.509,63.57,1456
2026-08-07 09:30:00,63.567,63.733,63.558,63.715,1222
2026-08-07 09:45:00,63.718,63.823,63.653,63.822,1487
2026-08-07 10:00:00,63.812,64.235,63.791,64.229,1534
2026-08-07 10:15:00,64.232,64.344,63.974,64.022,1458
2026-08-07 10:30:00,64.014,64.419,64.001,64.291,1568
2026-08-07 10:45:00,64.29,64.32,64.205,64.291,1299
2026-08-07 11:00:00,64.3,64.396,64.244,64.299,1215
2026-08-07 11:15:00,64.3,64.395,64.25,64.321,1058
2026-08-07 11:30:00,64.32,64.55,64.247,64.526,1268
2026-08-07 11:45:00,64.518,64.625,64.363,64.413,1371
2026-08-07 12:00:00,64.41,64.422,64.284,64.311,1163
2026-08-07 12:15:00,64.315,64.366,64.197,64.273,1133
2026-08-07 12:30:00,64.272,64.448,64.262,64.326,1100
2026-08-07 12:45:00,64.322,64.398,64.282,64.291,1177
2026-08-07 13:00:00,64.294,64.381,64.092,64.119,1547
2026-08-07 13:15:00,64.125,64.127,63.915,64.089,1568
2026-08-07 13:30:00,64.091,64.226,63.907,64.051,1540
2026-08-07 13:45:00,64.053,64.177,64.015,64.068,1407
2026-08-07 14:00:00,64.073,64.211,63.994,64.077,1657
2026-08-07 14:15:00,64.073,64.089,63.763,63.867,1759
2026-08-07 14:30:00,63.853,65.117,63.837,64.767,3289
2026-08-07 14:45:00,64.768,65.037,64.609,64.699,2589
2026-08-07 15:00:00,64.693,64.759,64.033,64.047,2917
2026-08-07 15:15:00,64.046,64.214,63.798,64.161,2551
2026-08-07 15:30:00,64.149,64.341,63.902,64.243,2911
2026-08-07 15:45:00,64.234,64.341,63.734,63.875,2814
2026-08-07 16:00:00,63.891,63.91,63.3,63.502,3154
2026-08-07 16:15:00,63.499,63.835,63.308,63.731,2913
2026-08-07 16:30:00,63.75,63.792,63.573,63.618,2890
2026-08-07 16:45:00,63.62,63.689,63.324,63.357,2740
2026-08-07 17:00:00,63.361,63.744,63.337,63.715,2680
2026-08-07 17:15:00,63.712,63.717,63.47,63.475,2320
2026-08-07 17:30:00,63.471,63.573,63.341,63.417,2163
2026-08-07 17:45:00,63.416,63.497,63.282,63.319,2010
2026-08-07 18:00:00,63.311,63.546,63.182,63.499,2191
2026-08-07 18:15:00,63.504,63.557,63.221,63.322,2363
2026-08-07 18:30:00,63.313,63.322,63.166,63.294,2174
2026-08-07 18:45:00,63.29,63.341,63.085,63.116,2035
2026-08-07 19:00:00,63.107,63.277,63.04,63.177,1890
2026-08-07 19:15:00,63.175,63.325,63.099,63.288,1881
2026-08-07 19:30:00,63.289,63.368,63.108,63.304,1876
2026-08-07 19:45:00,63.3,63.394,63.266,63.328,1545
2026-08-07 20:00:00,63.326,63.388,63.156,63.183,1611
2026-08-07 20:15:00,63.186,63.234,63.128,63.167,1615
2026-08-07 20:30:00,63.173,63.327,63.171,63.234,1422
2026-08-07 20:45:00,63.233,63.378,63.233,63.289,1262
2026-08-07 21:00:00,63.278,63.601,63.278,63.512,1978
2026-08-07 21:15:00,63.519,63.672,63.49,63.624,2020
2026-08-07 21:30:00,63.622,63.679,63.567,63.637,2076
2026-08-07 21:45:00,63.638,63.693,63.475,63.599,2029
2026-08-07 22:00:00,63.602,63.602,63.455,63.489,839
2026-08-07 22:15:00,63.492,63.493,63.407,63.414,603
2026-08-07 22:30:00,63.419,63.515,63.377,63.452,562
2026-08-07 22:45:00,63.453,63.548,63.355,63.452,570
2026-08-10 00:00:00,63.567,63.798,63.243,63.697,1679
2026-08-10 00:15:00,63.697,63.7,63.475,63.64,1367
2026-08-10 00:30:00,63.639,63.687,63.569,63.589,1011
2026-08-10 00:45:00,63.588,63.71,63.586,63.606,619
2026-08-10 01:00:00,63.607,63.849,63.579,63.824,948
2026-08-10 01:15:00,63.825,63.906,63.762,63.877,631
2026-08-10 01:30:00,63.876,63.895,63.635,63.701,993
2026-08-10 01:45:00,63.703,63.734,63.464,63.5,1345
2026-08-10 02:00:00,63.501,64.009,63.47,63.963,2008
2026-08-10 02:15:00,63.966,64.013,63.632,63.637,1991
2026-08-10 02:30:00,63.64,63.661,63.477,63.486,1785
2026-08-10 02:45:00,63.487,63.572,63.309,63.384,1812
2026-08-10 03:00:00,63.369,63.67,63.014,63.177,3116
2026-08-10 03:15:00,63.178,63.43,63.001,63.001,2372
2026-08-10 03:30:00,62.999,63.266,62.967,63.256,2703
2026-08-10 03:45:00,63.252,63.486,63.238,63.448,2425
2026-08-10 04:00:00,63.454,63.631,63.339,63.564,2427
2026-08-10 04:15:00,63.559,63.676,63.531,63.655,1740
2026-08-10 04:30:00,63.645,63.687,63.423,63.46,2453
2026-08-10 04:45:00,63.457,63.475,63.295,63.359,2115
2026-08-10 05:00:00,63.361,63.405,63.252,63.348,2148
2026-08-10 05:15:00,63.342,63.537,63.32,63.481,2072
2026-08-10 05:30:00,63.483,63.684,63.459,63.623,1315
2026-08-10 05:45:00,63.622,63.646,63.57,63.591,1030
2026-08-10 06:00:00,63.597,63.801,63.546,63.799,1202
2026-08-10 06:15:00,63.796,63.918,63.749,63.795,1079
2026-08-10 06:30:00,63.793,63.9,63.749,63.814,987
2026-08-10 06:45:00,63.811,63.875,63.758,63.854,1129
2026-08-10 07:00:00,63.845,63.876,63.725,63.768,1118
2026-08-10 07:15:00,63.771,63.779,63.699,63.727,788
2026-08-10 07:30:00,63.736,64.028,63.618,63.99,2392
2026-08-10 07:45:00,63.987,64.312,63.909,64.142,1956
2026-08-10 08:00:00,64.146,64.246,64.038,64.155,1762
2026-08-10 08:15:00,64.154,64.281,64.037,64.211,1628
2026-08-10 08:30:00,64.21,64.217,64.056,64.19,1409
2026-08-10 08:45:00,64.189,64.273,64.131,64.247,1525
2026-08-10 09:00:00,64.255,64.284,64.08,64.157,1480
2026-08-10 09:15:00,64.163,64.422,64.101,64.335,1333
2026-08-10 09:30:00,64.333,64.41,64.25,64.393,1324
2026-08-10 09:45:00,64.39,64.437,64.261,64.315,1295
2026-08-10 10:00:00,64.327,64.327,64.191,64.259,1263
2026-08-10 10:15:00,64.265,64.397,64.235,64.374,1182
2026-08-10 10:30:00,64.375,64.409,64.085,64.147,1319
2026-08-10 10:45:00,64.145,64.199,64.071,64.193,1209
2026-08-10 11:00:00,64.183,64.25,64.151,64.249,1189
2026-08-10 11:15:00,64.255,64.255,64.166,64.229,987
2026-08-10 11:30:00,64.219,64.226,64.064,64.139,1285
2026-08-10 11:45:00,64.137,64.175,64.054,64.054,843
2026-08-10 12:00:00,64.045,64.071,63.984,63.997,1007
2026-08-10 12:15:00,64.0,64.059,63.952,64.044,996
2026-08-10 12:30:00,64.046,64.065,63.93,63.954,1118
2026-08-10 12:45:00,63.961,64.011,63.886,63.906,1125
2026-08-10 13:00:00,63.917,63.964,63.797,63.882,1691
2026-08-10 13:15:00,63.878,64.035,63.806,64.02,1391
2026-08-10 13:30:00,64.012,64.104,63.99,64.04,1072
2026-08-10 13:45:00,64.044,64.083,63.928,64.041,1193
2026-08-10 14:00:00,64.037,64.109,63.947,63.982,1563
2026-08-10 14:15:00,63.987,63.988,63.744,63.85,1640
2026-08-10 14:30:00,63.851,63.942,63.759,63.88,1696
2026-08-10 14:45:00,63.881,63.985,63.834,63.84,1550
2026-08-10 15:00:00,63.817,63.976,63.577,63.923,2358
2026-08-10 15:15:00,63.933,64.012,63.846,63.937,2083
2026-08-10 15:30:00,63.947,64.131,63.855,63.97,2743
2026-08-10 15:45:00,63.972,64.015,63.619,63.639,2824
2026-08-10 16:00:00,63.643,64.023,63.633,64.008,2500
2026-08-10 16:15:00,64.009,64.583,63.912,64.491,2467
2026-08-10 16:30:00,64.503,64.723,64.445,64.693,2300
2026-08-10 16:45:00,64.696,64.863,64.554,64.722,2376
2026-08-10 17:00:00,64.729,64.824,64.63,64.668,2003
2026-08-10 17:15:00,64.666,64.719,64.515,64.553,1969
2026-08-10 17:30:00,64.556,64.696,64.538,64.612,1810
2026-08-10 17:45:00,64.613,65.142,64.587,65.026,1948
2026-08-10 18:00:00,65.029,65.256,65.005,65.097,2078
2026-08-10 18:15:00,65.098,65.217,65.065,65.159,1646
2026-08-10 18:30:00,65.16,65.186,64.808,64.838,2133
2026-08-10 18:45:00,64.841,64.915,64.753,64.91,1610
2026-08-10 19:00:00,64.913,65.029,64.802,65.009,1549
2026-08-10 19:15:00,65.011,65.14,64.997,65.125,1450
2026-08-10 19:30:00,65.122,65.211,65.071,65.089,1333
2026-08-10 19:45:00,65.088,65.192,65.034,65.097,1404
2026-08-10 20:00:00,65.098,65.16,65.049,65.064,1211
2026-08-10 20:15:00,65.065,65.11,65.009,65.089,1319
2026-08-10 20:30:00,65.086,65.718,65.082,65.575,1717
2026-08-10 20:45:00,65.578,65.629,65.411,65.594,1618
2026-08-10 21:00:00,65.598,65.813,65.598,65.752,1404
2026-08-10 21:15:00,65.756,66.046,65.748,65.919,1704
2026-08-10 21:30:00,65.933,65.97,65.803,65.831,1686
2026-08-10 21:45:00,65.827,66.026,65.66,65.72,1693
2026-08-10 22:00:00,65.722,65.768,65.679,65.726,851
2026-08-10 22:15:00,65.728,65.84,65.654,65.815,720
2026-08-10 22:30:00,65.816,65.847,65.738,65.738,580
2026-08-10 22:45:00,65.733,65.758,65.649,65.698,687
2026-08-11 00:00:00,65.596,65.757,65.59,65.716,692
2026-08-11 00:15:00,65.711,65.756,65.702,65.737,520
2026-08-11 00:30:00,65.736,65.804,65.694,65.786,667
2026-08-11 00:45:00,65.787,65.857,65.783,65.829,644
2026-08-11 01:00:00,65.834,65.887,65.736,65.761,830
2026-08-11 01:15:00,65.76,65.767,65.696,65.724,485
2026-08-11 01:30:00,65.725,65.782,65.695,65.773,596
2026-08-11 01:45:00,65.778,65.806,65.726,65.806,878
2026-08-11 02:00:00,65.809,66.033,65.728,65.985,1937
2026-08-11 02:15:00,65.987,66.223,65.937,66.178,1630
2026-08-11 02:30:00,66.18,66.19,65.805,65.924,1617
2026-08-11 02:45:00,65.931,66.0,65.678,65.776,1630
2026-08-11 03:00:00,65.803,66.088,65.4,66.017,3068
2026-08-11 03:15:00,66.018,66.077,65.788,65.99,2584
2026-08-11 03:30:00,65.989,66.234,65.801,66.038,2685
2026-08-11 03:45:00,66.029,66.459,66.029,66.311,2643
2026-08-11 04:00:00,66.309,66.324,66.051,66.286,2665
2026-08-11 04:15:00,66.294,66.314,66.198,66.279,1841
2026-08-11 04:30:00,66.277,66.295,65.705,65.854,2684
2026-08-11 04:45:00,65.855,65.88,65.543,65.671,2452
2026-08-11 05:00:00,65.67,65.841,65.664,65.772,2183
2026-08-11 05:15:00,65.771,65.869,65.738,65.802,2184
2026-08-11 05:30:00,65.798,65.938,65.783,65.79,1379
2026-08-11 05:45:00,65.803,65.844,65.745,65.763,1352
2026-08-11 06:00:00,65.769,65.842,65.714,65.776,1151
2026-08-11 06:15:00,65.775,65.809,65.663,65.717,1101
2026-08-11 06:30:00,65.716,65.829,65.43,65.455,1721
2026-08-11 06:45:00,65.458,65.521,65.336,65.509,1245
2026-08-11 07:00:00,65.508,65.518,65.318,65.354,1111
2026-08-11 07:15:00,65.35,65.354,65.032,65.038,1404
2026-08-11 07:30:00,65.029,65.043,64.455,64.704,2828
2026-08-11 07:45:00,64.702,64.749,64.464,64.744,2702
2026-08-11 08:00:00,64.738,64.955,64.645,64.672,2333
2026-08-11 08:15:00,64.669,64.774,64.311,64.341,2321
2026-08-11 08:30:00,64.338,64.514,64.208,64.43,2256
2026-08-11 08:45:00,64.44,64.532,64.364,64.461,2026
2026-08-11 09:00:00,64.467,64.552,64.406,64.494,1534
2026-08-11 09:15:00,64.488,64.512,64.304,64.38,1516
2026-08-11 09:30:00,64.378,64.509,64.299,64.338,1482
2026-08-11 09:45:00,64.348,64.464,64.308,64.41,1287
2026-08-11 10:00:00,64.419,64.717,64.419,64.637,1604
2026-08-11 10:15:00,64.633,64.698,64.515,64.669,1447
2026-08-11 10:30:00,64.663,64.835,64.639,64.826,1276
2026-08-11 10:45:00,64.824,64.886,64.648,64.648,1213
2026-08-11 11:00:00,64.653,64.794,64.6,64.75,1109
2026-08-11 11:15:00,64.753,64.866,64.741,64.79,1228
2026-08-11 11:30:00,64.787,64.89,64.774,64.815,1313
2026-08-11 11:45:00,64.814,64.937,64.811,64.872,1147
2026-08-11 12:00:00,64.88,64.946,64.785,64.862,1105
2026-08-11 12:15:00,64.866,65.122,64.863,65.035,1189
2026-08-11 12:30:00,65.032,65.071,64.954,64.976,1245
2026-08-11 12:45:00,64.968,65.103,64.967,65.092,1020
2026-08-11 13:00:00,65.097,65.314,65.022,65.241,2140
2026-08-11 13:15:00,65.243,65.288,65.125,65.226,1691
2026-08-11 13:30:00,65.232,65.246,65.109,65.18,1310
2026-08-11 13:45:00,65.175,65.282,65.153,65.154,1318
2026-08-11 14:00:00,65.157,65.294,64.99,65.279,1626
2026-08-11 14:15:00,65.276,65.279,64.892,64.913,1959
2026-08-11 14:30:00,64.918,65.065,64.803,65.061,1679
2026-08-11 14:45:00,65.062,65.083,64.814,64.83,1532
2026-08-11 15:00:00,64.829,65.142,64.785,64.89,2405
2026-08-11 15:15:00,64.892,65.067,64.776,64.903,2280
2026-08-11 15:30:00,64.904,65.178,64.688,65.118,2682
2026-08-11 15:45:00,65.119,65.247,64.738,64.846,2688
2026-08-11 16:00:00,64.847,64.928,64.742,64.91,2498
2026-08-11 16:15:00,64.912,65.006,64.732,64.818,2355
2026-08-11 16:30:00,64.821,65.08,64.82,65.053,2147
2026-08-11 16:45:00,65.058,65.097,64.955,64.976,1908
2026-08-11 17:00:00,64.979,65.134,64.875,64.979,2070
2026-08-11 17:15:00,64.965,64.972,64.717,64.824,2109
2026-08-11 17:30:00,64.82,64.829,64.327,64.598,2384
2026-08-11 17:45:00,64.597,64.934,64.57,64.927,1897
2026-08-11 18:00:00,64.937,65.008,64.833,64.951,1778
2026-08-11 18:15:00,64.952,65.107,64.916,65.046,1576
2026-08-11 18:30:00,65.044,65.065,64.919,64.943,1486
2026-08-11 18:45:00,64.946,64.988,64.846,64.893,1487
2026-08-11 19:00:00,64.898,64.961,64.79,64.79,1529
2026-08-11 19:15:00,64.791,64.88,64.677,64.753,1641
2026-08-11 19:30:00,64.756,64.784,64.658,64.746,1669
2026-08-11 19:45:00,64.744,64.833,64.515,64.526,1594
2026-08-11 20:00:00,64.52,64.576,64.372,64.434,1884
2026-08-11 20:15:00,64.431,64.565,64.413,64.428,1599
2026-08-11 20:30:00,64.431,64.725,64.41,64.646,1334
2026-08-11 20:45:00,64.647,64.738,64.637,64.684,1176
2026-08-11 21:00:00,64.689,64.696,64.514,64.529,1289
2026-08-11 21:15:00,64.528,64.711,64.475,64.696,1268
2026-08-11 21:30:00,64.699,64.796,64.595,64.622,1235
2026-08-11 21:45:00,64.624,64.799,64.588,64.747,1290
2026-08-11 22:00:00,64.753,64.753,64.65,64.672,630
2026-08-11 22:15:00,64.675,64.69,64.607,64.674,485
2026-08-11 22:30:00,64.675,64.693,64.61,64.64,535
2026-08-11 22:45:00,64.637,64.672,64.596,64.661,508
2026-08-12 00:00:00,64.642,64.813,64.575,64.804,553
2026-08-12 00:15:00,64.8,64.853,64.778,64.831,601
2026-08-12 00:30:00,64.825,64.854,64.81,64.852,743
2026-08-12 00:45:00,64.851,64.867,64.729,64.764,1082
2026-08-12 01:00:00,64.772,64.827,64.731,64.792,1349
2026-08-12 01:15:00,64.791,64.829,64.714,64.785,932
2026-08-12 01:30:00,64.786,64.802,64.691,64.711,764
2026-08-12 01:45:00,64.713,64.767,64.711,64.755,724
2026-08-12 02:00:00,64.756,64.942,64.69,64.902,1488
2026-08-12 02:15:00,64.9,64.939,64.771,64.937,1488
2026-08-12 02:30:00,64.942,65.013,64.847,64.903,1302
2026-08-12 02:45:00,64.9,64.924,64.768,64.863,1336
2026-08-12 03:00:00,64.874,65.169,64.751,65.128,2620
2026-08-12 03:15:00,65.132,65.141,64.952,64.97,1920
2026-08-12 03:30:00,64.972,65.005,64.806,64.976,2232
2026-08-12 03:45:00,64.975,65.092,64.898,65.073,1787
2026-08-12 04:00:00,65.071,65.098,64.994,65.026,1926
2026-08-12 04:15:00,65.025,65.178,64.975,65.119,1243
2026-08-12 04:30:00,65.12,65.516,64.982,65.339,2072
2026-08-12 04:45:00,65.345,65.479,65.29,65.405,2081
2026-08-12 05:00:00,65.411,65.734,65.393,65.615,1859
2026-08-12 05:15:00,65.613,65.615,65.433,65.466,1615
2026-08-12 05:30:00,65.464,65.496,65.395,65.417,1176
2026-08-12 05:45:00,65.418,65.44,65.324,65.336,1063
2026-08-12 06:00:00,65.335,65.341,65.14,65.171,735
2026-08-12 06:15:00,65.169,65.187,65.049,65.181,814
2026-08-12 06:30:00,65.184,65.259,65.128,65.244,814
2026-08-12 06:45:00,65.24,65.338,65.225,65.32,905
2026-08-12 07:00:00,65.318,65.336,65.168,65.171,972
2026-08-12 07:15:00,65.175,65.175,65.003,65.073,1133
2026-08-12 07:30:00,65.058,65.27,64.912,65.082,2178
2026-08-12 07:45:00,65.079,65.297,65.029,65.253,1733
2026-08-12 08:00:00,65.252,65.285,65.104,65.243,1722
2026-08-12 08:15:00,65.244,65.416,65.187,65.363,1655
2026-08-12 08:30:00,65.35,65.786,65.329,65.725,1960
2026-08-12 08:45:00,65.728,65.989,65.728,65.903,2272
2026-08-12 09:00:00,65.894,66.048,65.804,65.903,1706
2026-08-12 09:15:00,65.908,65.968,65.772,65.916,1651
2026-08-12 09:30:00,65.913,66.024,65.864,65.954,1544
2026-08-12 09:45:00,65.956,66.146,65.92,66.036,1476
2026-08-12 10:00:00,66.033,66.166,66.013,66.098,1510
2026-08-12 10:15:00,66.087,66.262,66.025,66.262,1357
2026-08-12 10:30:00,66.26,66.347,66.178,66.198,1360
2026-08-12 10:45:00,66.197,66.22,66.102,66.106,1097
2026-08-12 11:00:00,66.114,66.513,66.105,66.513,1452
2026-08-12 11:15:00,66.509,66.776,66.462,66.471,2374
2026-08-12 11:30:00,66.47,66.51,66.41,66.419,1786
2026-08-12 11:45:00,66.424,66.472,66.319,66.394,1752
2026-08-12 12:00:00,66.4,66.403,66.304,66.346,1541
2026-08-12 12:15:00,66.348,66.417,66.327,66.34,1540
2026-08-12 12:30:00,66.345,66.353,66.252,66.265,1327
2026-08-12 12:45:00,66.261,66.306,66.076,66.247,1725
2026-08-12 13:00:00,66.255,66.301,66.116,66.223,1534
2026-08-12 13:15:00,66.225,66.364,66.151,66.329,1741
2026-08-12 13:30:00,66.328,66.349,66.223,66.278,1619
2026-08-12 13:45:00,66.276,66.307,66.244,66.288,1282
2026-08-12 14:00:00,66.291,66.291,66.046,66.104,1960
2026-08-12 14:15:00,66.102,66.506,65.89,66.437,2203
2026-08-12 14:30:00,66.425,66.663,65.598,66.48,3388
2026-08-12 14:45:00,66.483,66.528,66.146,66.523,2935
2026-08-12 15:00:00,66.525,66.662,66.053,66.09,3115
2026-08-12 15:15:00,66.092,66.251,65.783,65.902,2854
2026-08-12 15:30:00,65.886,65.927,65.616,65.804,3302
2026-08-12 15:45:00,65.796,66.205,65.78,66.134,3090
2026-08-12 16:00:00,66.14,66.285,65.936,66.234,2957
2026-08-12 16:15:00,66.232,66.33,66.02,66.087,2765
2026-08-12 16:30:00,66.091,66.237,65.868,66.222,2961
2026-08-12 16:45:00,66.221,66.263,65.809,65.849,2846
2026-08-12 17:00:00,65.85,66.009,65.642,65.931,2717
2026-08-12 17:15:00,65.932,65.939,65.722,65.8,2378
2026-08-12 17:30:00,65.803,65.884,65.691,65.729,2359
2026-08-12 17:45:00,65.73,65.82,65.494,65.772,2260
2026-08-12 18:00:00,65.764,65.854,65.619,65.755,2207
2026-08-12 18:15:00,65.761,65.81,65.548,65.589,2078
2026-08-12 18:30:00,65.59,65.59,65.299,65.299,1939
2026-08-12 18:45:00,65.303,65.339,65.056,65.196,2087
2026-08-12 19:00:00,65.199,65.324,65.156,65.258,1784
2026-08-12 19:15:00,65.261,65.526,65.238,65.499,1635
2026-08-12 19:30:00,65.502,65.554,65.345,65.357,1482
2026-08-12 19:45:00,65.369,65.482,65.333,65.342,1427
2026-08-12 20:00:00,65.339,65.458,65.223,65.406,1315
2026-08-12 20:15:00,65.407,65.556,65.38,65.491,1375
2026-08-12 20:30:00,65.485,65.54,65.443,65.512,1273
2026-08-12 20:45:00,65.514,65.592,65.47,65.47,1369
2026-08-12 21:00:00,65.473,65.562,65.468,65.488,1189
2026-08-12 21:15:00,65.49,65.561,65.427,65.434,1042
2026-08-12 21:30:00,65.437,65.437,65.294,65.329,1216
2026-08-12 21:45:00,65.327,65.35,65.238,65.348,1388
2026-08-12 22:00:00,65.345,65.374,65.27,65.272,821
2026-08-12 22:15:00,65.274,65.294,65.202,65.238,565
2026-08-12 22:30:00,65.235,65.276,65.204,65.244,581
2026-08-12 22:45:00,65.247,65.317,65.224,65.302,535
2026-08-13 00:00:00,65.239,65.26,65.15,65.185,753
2026-08-13 00:15:00,65.184,65.184,65.049,65.062,594
2026-08-13 00:30:00,65.06,65.148,65.037,65.041,456
2026-08-13 00:45:00,65.038,65.101,65.028,65.078,348
2026-08-13 01:00:00,65.062,65.17,65.046,65.164,481
2026-08-13 01:15:00,65.163,65.244,65.154,65.208,306
2026-08-13 01:30:00,65.21,65.25,65.202,65.228,348
2026-08-13 01:45:00,65.229,65.283,65.175,65.282,504
2026-08-13 02:00:00,65.288,65.643,65.234,65.597,1426
2026-08-13 02:15:00,65.599,66.104,65.598,65.888,1956
2026-08-13 02:30:00,65.887,66.288,65.855,66.189,2059
2026-08-13 02:45:00,66.19,66.214,65.71,65.77,1873
2026-08-13 03:00:00,65.758,66.008,65.633,65.756,2978
2026-08-13 03:15:00,65.761,65.908,65.555,65.616,2593
2026-08-13 03:30:00,65.614,65.906,65.602,65.615,2521
2026-08-13 03:45:00,65.617,65.623,65.293,65.422,2637
2026-08-13 04:00:00,65.423,65.619,65.38,65.553,2317
2026-08-13 04:15:00,65.552,65.604,65.509,65.528,1402
2026-08-13 04:30:00,65.526,65.526,64.925,65.347,2425
2026-08-13 04:45:00,65.35,65.501,65.294,65.415,1773
2026-08-13 05:00:00,65.417,65.6,65.302,65.396,2025
2026-08-13 05:15:00,65.394,65.495,65.371,65.431,1688
2026-08-13 05:30:00,65.437,65.509,65.382,65.391,910
2026-08-13 05:45:00,65.392,65.455,65.28,65.336,1112
2026-08-13 06:00:00,65.336,65.336,65.067,65.097,1420
2026-08-13 06:15:00,65.095,65.309,65.076,65.262,1020
2026-08-13 06:30:00,65.274,65.321,65.236,65.244,764
2026-08-13 06:45:00,65.243,65.365,65.231,65.345,926
2026-08-13 07:00:00,65.342,65.537,65.256,65.533,1495
2026-08-13 07:15:00,65.534,65.623,65.399,65.602,1287
2026-08-13 07:30:00,65.597,65.628,65.093,65.127,2426
2026-08-13 07:45:00,65.124,65.172,64.881,65.008,2214
2026-08-13 08:00:00,65.009,65.134,64.819,64.883,2313
2026-08-13 08:15:00,64.884,65.006,64.835,64.906,1936
2026-08-13 08:30:00,64.909,64.954,64.645,64.728,1982
2026-08-13 08:45:00,64.729,64.865,64.719,64.812,1752
2026-08-13 09:00:00,64.806,64.833,64.61,64.683,1581
2026-08-13 09:15:00,64.693,64.714,64.612,64.674,1323
2026-08-13 09:30:00,64.659,64.776,64.619,64.773,1469
2026-08-13 09:45:00,64.776,64.791,64.46,64.562,1501
2026-08-13 10:00:00,64.565,64.607,64.204,64.332,2037
2026-08-13 10:15:00,64.323,64.535,64.244,64.511,1761
2026-08-13 10:30:00,64.509,64.57,64.354,64.421,1459
2026-08-13 10:45:00,64.419,64.54,64.393,64.425,1454
2026-08-13 11:00:00,64.419,64.481,64.268,64.424,1587
2026-08-13 11:15:00,64.418,64.589,64.413,64.525,1120
2026-08-13 11:30:00,64.521,64.607,64.506,64.532,929
2026-08-13 11:45:00,64.535,64.643,64.521,64.615,1032
2026-08-13 12:00:00,64.619,64.776,64.589,64.696,1103
2026-08-13 12:15:00,64.702,64.869,64.702,64.863,955
2026-08-13 12:30:00,64.866,64.942,64.803,64.94,892
2026-08-13 12:45:00,64.942,65.024,64.907,64.943,1045
2026-08-13 13:00:00,64.942,64.994,64.91,64.991,1082
2026-08-13 13:15:00,64.994,65.015,64.86,64.863,1124
2026-08-13 13:30:00,64.862,64.939,64.823,64.854,972
2026-08-13 13:45:00,64.848,65.032,64.838,65.026,1077
2026-08-13 14:00:00,65.017,65.133,64.952,65.006,1281
2026-08-13 14:15:00,65.005,65.061,64.808,65.028,1360
2026-08-13 14:30:00,64.994,65.252,64.798,65.018,2481
2026-08-13 14:45:00,65.023,65.371,65.015,65.371,1977
2026-08-13 15:00:00,65.374,65.409,65.095,65.225,2743
2026-08-13 15:15:00,65.232,65.265,65.083,65.113,2017
2026-08-13 15:30:00,65.097,65.178,64.848,65.004,2658
2026-08-13 15:45:00,65.008,65.089,64.737,64.768,2531
2026-08-13 16:00:00,64.771,64.883,64.532,64.613,2752
2026-08-13 16:15:00,64.605,64.869,64.532,64.58,2588
2026-08-13 16:30:00,64.574,64.979,64.409,64.97,2508
2026-08-13 16:45:00,64.967,65.115,64.96,64.99,2297
2026-08-13 17:00:00,64.993,65.064,64.677,64.71,2259
2026-08-13 17:15:00,64.717,64.821,64.535,64.537,2577
2026-08-13 17:30:00,64.538,64.779,64.366,64.708,2263
2026-08-13 17:45:00,64.704,64.788,64.607,64.643,1837
2026-08-13 18:00:00,64.645,64.695,64.476,64.505,2052
2026-08-13 18:15:00,64.5,64.636,64.416,64.634,2208
2026-08-13 18:30:00,64.633,64.809,64.633,64.759,1869
2026-08-13 18:45:00,64.765,64.8,64.701,64.75,1397
2026-08-13 19:00:00,64.755,64.943,64.753,64.839,1606
2026-08-13 19:15:00,64.842,64.853,64.689,64.714,1797
2026-08-13 19:30:00,64.716,64.747,64.646,64.684,1520
2026-08-13 19:45:00,64.689,64.759,64.631,64.637,1505
2026-08-13 20:00:00,64.64,64.778,64.616,64.759,1282
2026-08-13 20:15:00,64.755,64.811,64.622,64.642,1623
2026-08-13 20:30:00,64.643,64.765,64.626,64.643,1417
2026-08-13 20:45:00,64.651,64.663,64.491,64.544,1327
2026-08-13 21:00:00,64.547,64.586,64.256,64.258,1397
2026-08-13 21:15:00,64.268,64.398,64.198,64.387,1393
2026-08-13 21:30:00,64.39,64.46,64.322,64.377,1252
2026-08-13 21:45:00,64.372,64.392,64.282,64.369,1554
2026-08-13 22:00:00,64.371,64.41,64.294,64.389,1016
2026-08-13 22:15:00,64.387,64.464,64.382,64.428,813
2026-08-13 22:30:00,64.425,64.434,64.363,64.393,972
2026-08-13 22:45:00,64.391,64.459,64.299,64.394,720
2026-08-14 00:00:00,64.354,64.47,64.298,64.412,727
2026-08-14 00:15:00,64.411,64.479,64.382,64.461,1239
2026-08-14 00:30:00,64.458,64.541,64.434,64.522,1509
2026-08-14 00:45:00,64.521,64.532,64.447,64.482,1546
2026-08-14 01:00:00,64.485,64.547,64.388,64.547,1472
2026-08-14 01:15:00,64.548,64.637,64.472,64.618,1477
2026-08-14 01:30:00,64.619,64.644,64.558,64.603,1444
2026-08-14 01:45:00,64.609,64.647,64.525,64.525,1689
2026-08-14 02:00:00,64.538,64.708,64.412,64.476,2171
2026-08-14 02:15:00,64.47,64.534,64.305,64.309,2142
2026-08-14 02:30:00,64.317,64.419,64.178,64.245,1703
2026-08-14 02:45:00,64.251,64.341,63.9,64.177,2043
2026-08-14 03:00:00,64.178,64.178,63.716,63.926,3071
2026-08-14 03:15:00,63.94,64.052,63.799,63.967,2822
2026-08-14 03:30:00,63.968,63.997,63.736,63.934,2607
2026-08-14 03:45:00,63.935,64.041,63.736,63.789,2553
2026-08-14 04:00:00,63.798,63.942,63.729,63.773,2236
2026-08-14 04:15:00,63.771,63.871,63.703,63.709,1785
2026-08-14 04:30:00,63.692,64.077,63.663,64.001,2423
2026-08-14 04:45:00,64.002,64.045,63.686,63.777,2275
2026-08-14 05:00:00,63.78,64.006,63.725,63.912,1789
2026-08-14 05:15:00,63.911,64.098,63.911,64.097,1481
2026-08-14 05:30:00,64.095,64.184,64.046,64.049,1020
2026-08-14 05:45:00,64.051,64.056,63.967,63.971,838
2026-08-14 06:00:00,63.975,63.997,63.916,63.939,913
2026-08-14 06:15:00,63.937,64.026,63.921,63.959,772
2026-08-14 06:30:00,63.958,63.972,63.919,63.925,939
2026-08-14 06:45:00,63.924,63.993,63.89,63.992,694
2026-08-14 07:00:00,63.993,63.993,63.743,63.81,1140
2026-08-14 07:15:00,63.813,63.852,63.739,63.797,1093
2026-08-14 07:30:00,63.791,63.91,63.485,63.757,2451
2026-08-14 07:45:00,63.763,64.279,63.751,64.255,1869
2026-08-14 08:00:00,64.246,64.384,64.106,64.318,1815
2026-08-14 08:15:00,64.312,64.351,64.172,64.214,1594
2026-08-14 08:30:00,64.216,64.288,64.157,64.25,1677
2026-08-14 08:45:00,64.253,64.36,64.203,64.336,1366
2026-08-14 09:00:00,64.338,64.372,64.238,64.241,1425
2026-08-14 09:15:00,64.244,64.345,64.214,64.214,1253
2026-08-14 09:30:00,64.223,64.589,64.213,64.549,1315
2026-08-14 09:45:00,64.547,64.681,64.515,64.57,1544
2026-08-14 10:00:00,64.574,64.657,64.487,64.613,1742
2026-08-14 10:15:00,64.612,64.677,64.473,64.529,1367
2026-08-14 10:30:00,64.528,64.718,64.472,64.582,1296
2026-08-14 10:45:00,64.58,64.723,64.565,64.688,1150
2026-08-14 11:00:00,64.679,64.719,64.628,64.669,1142
2026-08-14 11:15:00,64.672,64.768,64.643,64.687,1286
2026-08-14 11:30:00,64.686,64.756,64.619,64.726,1307
2026-08-14 11:45:00,64.729,64.883,64.705,64.871,997
2026-08-14 12:00:00,64.872,64.9,64.741,64.749,1368
2026-08-14 12:15:00,64.75,64.762,64.672,64.684,944
2026-08-14 12:30:00,64.69,64.695,64.609,64.633,872
2026-08-14 12:45:00,64.63,64.672,64.582,64.621,794
2026-08-14 13:00:00,64.633,64.672,64.573,64.636,1193
2026-08-14 13:15:00,64.634,64.782,64.634,64.722,1250
2026-08-14 13:30:00,64.713,64.97,64.692,64.893,1432
2026-08-14 13:45:00,64.901,64.985,64.809,64.972,1264
2026-08-14 14:00:00,64.954,64.994,64.763,64.878,1539
2026-08-14 14:15:00,64.877,65.038,64.809,65.01,1584
2026-08-14 14:30:00,64.995,65.077,64.875,64.91,2068
2026-08-14 14:45:00,64.912,65.092,64.872,65.056,1660
2026-08-14 15:00:00,65.055,65.234,64.894,64.915,2403
2026-08-14 15:15:00,64.91,65.156,64.906,65.104,1946
2026-08-14 15:30:00,65.119,65.443,65.081,65.404,2636
2026-08-14 15:45:00,65.399,65.413,65.183,65.359,2274
2026-08-14 16:00:00,65.343,65.636,65.321,65.503,2561
2026-08-14 16:15:00,65.505,65.684,65.391,65.524,2302
2026-08-14 16:30:00,65.525,65.559,65.3,65.362,1934
2026-08-14 16:45:00,65.359,65.363,65.157,65.196,1945
2026-08-14 17:00:00,65.199,65.351,65.16,65.244,2066
2026-08-14 17:15:00,65.246,65.336,64.964,65.061,2078
2026-08-14 17:30:00,65.062,65.098,64.969,65.031,1758
2026-08-14 17:45:00,65.032,65.166,64.991,65.012,1638
2026-08-14 18:00:00,65.015,65.106,64.878,64.904,1703
2026-08-14 18:15:00,64.9,65.015,64.857,64.899,1490
2026-08-14 18:30:00,64.897,64.939,64.696,64.866,1607
2026-08-14 18:45:00,64.865,64.957,64.865,64.93,1261
2026-08-14 19:00:00,64.933,64.961,64.794,64.913,1371
2026-08-14 19:15:00,64.912,64.958,64.865,64.868,1260
2026-08-14 19:30:00,64.866,64.919,64.767,64.784,1287
2026-08-14 19:45:00,64.776,64.8,64.705,64.797,1291
2026-08-14 20:00:00,64.799,64.868,64.72,64.762,1230
2026-08-14 20:15:00,64.765,64.827,64.74,64.767,1223
2026-08-14 20:30:00,64.776,64.827,64.713,64.743,1293
2026-08-14 20:45:00,64.744,64.79,64.662,64.725,1103
2026-08-14 21:00:00,64.723,64.738,64.647,64.723,1046
2026-08-14 21:15:00,64.717,64.788,64.689,64.746,731
2026-08-14 21:30:00,64.744,64.788,64.693,64.702,906
2026-08-14 21:45:00,64.705,64.765,64.666,64.695,1172
2026-08-14 22:00:00,64.693,64.713,64.619,64.646,1016
2026-08-14 22:15:00,64.647,64.687,64.613,64.64,495
2026-08-14 22:30:00,64.642,64.713,64.612,64.69,586
2026-08-14 22:45:00,64.692,64.695,64.629,64.661,254
2026-08-17 00:00:00,64.725,64.889,64.645,64.791,894
2026-08-17 00:15:00,64.793,64.891,64.773,64.875,538
2026-08-17 00:30:00,64.878,64.975,64.863,64.951,523
2026-08-17 00:45:00,64.934,65.22,64.934,65.208,626
2026-08-17 01:00:00,65.196,65.213,65.091,65.095,569
2026-08-17 01:15:00,65.104,65.137,64.984,65.039,568
2026-08-17 01:30:00,65.045,65.045,64.746,64.755,731
2026-08-17 01:45:00,64.752,64.884,64.752,64.8,740
2026-08-17 02:00:00,64.806,65.062,64.791,65.007,1547
2026-08-17 02:15:00,65.009,65.234,64.982,65.178,1293
2026-08-17 02:30:00,65.177,65.351,65.151,65.339,1043
2026-08-17 02:45:00,65.336,65.516,65.208,65.503,1321
2026-08-17 03:00:00,65.506,65.898,65.46,65.85,2486
2026-08-17 03:15:00,65.849,66.206,65.813,65.866,2246
2026-08-17 03:30:00,65.871,65.895,65.613,65.866,1990
2026-08-17 03:45:00,65.865,65.872,65.604,65.672,1943
2026-08-17 04:00:00,65.671,65.802,65.666,65.704,1766
2026-08-17 04:15:00,65.702,65.784,65.639,65.709,1230
2026-08-17 04:30:00,65.719,65.82,65.54,65.559,1474
2026-08-17 04:45:00,65.561,65.594,65.414,65.586,1244
2026-08-17 05:00:00,65.599,65.669,65.428,65.495,1202
2026-08-17 05:15:00,65.5,65.573,65.442,65.559,1190
2026-08-17 05:30:00,65.557,65.608,65.491,65.532,992
2026-08-17 05:45:00,65.528,65.534,65.437,65.518,760
2026-08-17 06:00:00,65.518,65.553,65.472,65.511,956
2026-08-17 06:15:00,65.506,65.548,65.362,65.397,991
2026-08-17 06:30:00,65.401,65.584,65.371,65.554,957
2026-08-17 06:45:00,65.553,65.602,65.394,65.416,952
2026-08-17 07:00:00,65.413,65.553,65.406,65.416,619
2026-08-17 07:15:00,65.418,65.765,65.407,65.758,920
2026-08-17 07:30:00,65.764,65.867,65.68,65.764,1679
2026-08-17 07:45:00,65.769,65.819,65.698,65.762,1611
2026-08-17 08:00:00,65.771,65.94,65.758,65.818,1521
2026-08-17 08:15:00,65.819,65.848,65.654,65.804,1287
2026-08-17 08:30:00,65.806,65.809,65.659,65.769,1088
2026-08-17 08:45:00,65.766,65.954,65.766,65.906,1273
2026-08-17 09:00:00,65.91,65.915,65.648,65.656,1299
2026-08-17 09:15:00,65.659,65.808,65.594,65.802,1228
2026-08-17 09:30:00,65.805,65.973,65.798,65.858,1278
2026-08-17 09:45:00,65.865,65.89,65.692,65.71,1050
2026-08-17 10:00:00,65.686,65.686,65.478,65.644,1301
2026-08-17 10:15:00,65.646,65.687,65.557,65.58,1023
2026-08-17 10:30:00,65.584,65.634,65.506,65.515,892
2026-08-17 10:45:00,65.514,65.534,65.433,65.488,911
2026-08-17 11:00:00,65.491,65.598,65.442,65.539,921
2026-08-17 11:15:00,65.535,65.57,65.461,65.487,868
2026-08-17 11:30:00,65.491,65.567,65.457,65.524,903
2026-08-17 11:45:00,65.522,65.568,65.451,65.49,834
2026-08-17 12:00:00,65.488,65.552,65.424,65.525,822
2026-08-17 12:15:00,65.526,65.833,65.47,65.816,946
2026-08-17 12:30:00,65.79,65.844,65.548,65.649,1427
2026-08-17 12:45:00,65.647,65.672,65.569,65.577,972
2026-08-17 13:00:00,65.582,65.668,65.534,65.62,1244
2026-08-17 13:15:00,65.622,65.769,65.567,65.738,1168
2026-08-17 13:30:00,65.74,65.829,65.69,65.715,1015
2026-08-17 13:45:00,65.717,65.755,65.621,65.653,980
2026-08-17 14:00:00,65.641,65.722,65.573,65.608,1344
2026-08-17 14:15:00,65.616,65.723,65.36,65.467,1655
2026-08-17 14:30:00,65.466,65.568,65.128,65.13,1538
2026-08-17 14:45:00,65.124,65.321,65.103,65.214,1334
2026-08-17 15:00:00,65.223,65.41,65.044,65.209,2206
2026-08-17 15:15:00,65.208,65.315,65.11,65.288,1793
2026-08-17 15:30:00,65.29,65.422,65.217,65.236,2419
2026-08-17 15:45:00,65.238,65.736,65.214,65.674,2383
2026-08-17 16:00:00,65.675,65.788,65.605,65.77,2210
2026-08-17 16:15:00,65.775,66.271,65.757,65.924,2436
2026-08-17 16:30:00,65.931,66.271,65.924,66.191,2112
2026-08-17 16:45:00,66.196,66.378,66.1,66.199,1956
2026-08-17 17:00:00,66.201,66.356,66.103,66.339,1741
2026-08-17 17:15:00,66.336,66.538,66.303,66.515,1801
2026-08-17 17:30:00,66.516,66.532,66.313,66.322,1555
2026-08-17 17:45:00,66.324,66.476,66.257,66.412,1358
2026-08-17 18:00:00,66.42,66.432,66.261,66.305,1362
2026-08-17 18:15:00,66.307,66.332,66.257,66.303,1189
2026-08-17 18:30:00,66.306,66.389,66.234,66.316,1135
2026-08-17 18:45:00,66.315,66.375,66.263,66.348,1001
2026-08-17 19:00:00,66.346,66.399,66.245,66.245,1209
2026-08-17 19:15:00,66.248,66.277,65.939,65.974,1762
2026-08-17 19:30:00,65.972,66.036,65.863,66.036,1524
2026-08-17 19:45:00,66.037,66.092,65.884,65.893,1234
2026-08-17 20:00:00,65.889,65.909,65.757,65.873,1483
2026-08-17 20:15:00,65.872,65.984,65.803,65.849,1160
2026-08-17 20:30:00,65.85,65.866,65.663,65.709,893
2026-08-17 20:45:00,65.71,65.825,65.68,65.777,616
2026-08-17 21:00:00,65.776,65.793,65.65,65.761,603
2026-08-17 21:15:00,65.767,65.958,65.767,65.897,609
2026-08-17 21:30:00,65.895,65.931,65.836,65.898,648
2026-08-17 21:45:00,65.904,65.963,65.807,65.879,783
2026-08-17 22:00:00,65.882,65.905,65.769,65.789,562
2026-08-17 22:15:00,65.786,65.826,65.744,65.759,313
2026-08-17 22:30:00,65.758,65.77,65.702,65.736,401
2026-08-17 22:45:00,65.739,65.779,65.725,65.755,406
2026-08-18 00:00:00,65.736,65.791,65.712,65.75,307
2026-08-18 00:15:00,65.752,65.758,65.599,65.644,418
2026-08-18 00:30:00,65.643,65.728,65.637,65.698,443
2026-08-18 00:45:00,65.696,65.713,65.609,65.633,358
2026-08-18 01:00:00,65.63,65.744,65.61,65.739,516
2026-08-18 01:15:00,65.74,65.863,65.737,65.814,509
2026-08-18 01:30:00,65.808,65.898,65.799,65.884,499
2026-08-18 01:45:00,65.88,65.952,65.861,65.948,736
2026-08-18 02:00:00,65.949,65.998,65.836,65.901,1323
2026-08-18 02:15:00,65.899,66.43,65.886,66.369,1781
2026-08-18 02:30:00,66.376,66.414,66.229,66.254,1318
2026-08-18 02:45:00,66.268,66.453,66.216,66.423,1301
2026-08-18 03:00:00,66.41,66.53,66.249,66.433,2478
2026-08-18 03:15:00,66.434,66.536,66.193,66.419,2153
2026-08-18 03:30:00,66.417,66.424,65.984,65.984,1947
2026-08-18 03:45:00,65.988,66.009,65.404,65.612,2739
2026-08-18 04:00:00,65.618,65.619,65.333,65.405,2155
2026-08-18 04:15:00,65.401,65.505,65.387,65.42,1233
2026-08-18 04:30:00,65.414,65.416,65.181,65.235,2122
2026-08-18 04:45:00,65.232,65.376,65.174,65.353,1876
2026-08-18 05:00:00,65.354,65.49,65.303,65.392,1830
2026-08-18 05:15:00,65.391,65.416,65.169,65.272,1539
2026-08-18 05:30:00,65.249,65.291,65.198,65.229,1074
2026-08-18 05:45:00,65.228,65.245,65.157,65.187,1038
2026-08-18 06:00:00,65.199,65.228,65.139,65.214,923
2026-08-18 06:15:00,65.213,65.235,65.106,65.175,888
2026-08-18 06:30:00,65.172,65.238,65.077,65.163,1013
2026-08-18 06:45:00,65.165,65.235,65.128,65.159,805
2026-08-18 07:00:00,65.153,65.166,65.059,65.086,1014
2026-08-18 07:15:00,65.085,65.208,65.034,65.037,970
2026-08-18 07:30:00,65.035,65.097,64.736,65.089,2056
2026-08-18 07:45:00,65.094,65.258,65.047,65.177,1487
2026-08-18 08:00:00,65.169,65.258,64.952,65.239,1575
2026-08-18 08:15:00,65.244,65.437,65.151,65.389,1442
2026-08-18 08:30:00,65.379,65.386,65.216,65.259,1388
2026-08-18 08:45:00,65.262,65.321,65.231,65.271,1089
2026-08-18 09:00:00,65.276,65.306,65.165,65.178,1150
2026-08-18 09:15:00,65.175,65.297,65.175,65.282,813
2026-08-18 09:30:00,65.288,65.294,65.064,65.157,1088
2026-08-18 09:45:00,65.165,65.199,64.993,65.003,678
2026-08-18 10:00:00,65.012,65.022,64.818,64.961,1284
2026-08-18 10:15:00,64.964,64.972,64.878,64.942,1225
2026-08-18 10:30:00,64.94,65.098,64.89,65.059,1114
2026-08-18 10:45:00,65.058,65.064,64.897,64.996,804
2026-08-18 11:00:00,64.974,65.02,64.934,64.954,1028
2026-08-18 11:15:00,64.949,64.985,64.862,64.939,1092
2026-08-18 11:30:00,64.936,65.038,64.862,64.897,1244
2026-08-18 11:45:00,64.898,65.079,64.866,65.068,938
2026-08-18 12:00:00,65.071,65.125,65.028,65.071,593
2026-08-18 12:15:00,65.076,65.1,64.937,64.994,576
2026-08-18 12:30:00,64.996,65.131,64.993,65.107,767
2026-08-18 12:45:00,65.109,65.14,65.085,65.106,625
2026-08-18 13:00:00,65.131,65.133,64.981,65.041,820
2026-08-18 13:15:00,65.037,65.053,64.945,64.955,564
2026-08-18 13:30:00,64.954,65.018,64.893,64.964,522
2026-08-18 13:45:00,64.966,65.149,64.958,65.133,650
2026-08-18 14:00:00,65.134,65.156,64.921,65.014,1103
2026-08-18 14:15:00,65.018,65.234,64.959,65.142,1007
2026-08-18 14:30:00,65.149,65.181,65.031,65.038,1139
2026-08-18 14:45:00,65.046,65.202,65.041,65.091,1001
2026-08-18 15:00:00,65.095,65.205,64.89,65.165,1898
2026-08-18 15:15:00,65.163,65.165,64.821,64.848,1676
2026-08-18 15:30:00,64.847,65.296,64.524,65.092,2732
2026-08-18 15:45:00,65.107,65.107,64.644,64.859,2347
2026-08-18 16:00:00,64.865,64.961,64.509,64.55,2242
2026-08-18 16:15:00,64.547,64.874,64.526,64.705,1967
2026-08-18 16:30:00,64.702,64.752,64.253,64.375,2237
2026-08-18 16:45:00,64.372,64.627,64.088,64.142,2141
2026-08-18 17:00:00,64.146,64.325,63.722,63.789,2292
2026-08-18 17:15:00,63.79,63.923,63.507,63.649,2386
2026-08-18 17:30:00,63.648,63.757,63.549,63.709,2123
2026-08-18 17:45:00,63.716,63.988,63.707,63.963,1806
2026-08-18 18:00:00,63.97,64.116,63.943,64.008,1420
2026-08-18 18:15:00,64.018,64.031,63.845,63.855,1533
2026-08-18 18:30:00,63.863,63.985,63.859,63.925,1427
2026-08-18 18:45:00,63.928,63.948,63.815,63.85,1426
2026-08-18 19:00:00,63.846,63.946,63.83,63.889,1235
2026-08-18 19:15:00,63.89,63.994,63.876,63.958,1392
2026-08-18 19:30:00,63.957,63.975,63.823,63.854,1447
2026-08-18 19:45:00,63.856,63.872,63.768,63.807,1432
2026-08-18 20:00:00,63.808,63.814,63.686,63.788,1408
2026-08-18 20:15:00,63.787,63.855,63.73,63.804,1091
2026-08-18 20:30:00,63.807,63.876,63.741,63.757,836
2026-08-18 20:45:00,63.758,63.804,63.719,63.746,884
2026-08-18 21:00:00,63.745,63.822,63.722,63.773,923
2026-08-18 21:15:00,63.776,63.837,63.762,63.799,960
2026-08-18 21:30:00,63.803,63.838,63.644,63.644,917
2026-08-18 21:45:00,63.649,63.689,63.348,63.533,1637
2026-08-18 22:00:00,63.534,63.567,63.465,63.501,785
2026-08-18 22:15:00,63.5,63.504,63.312,63.449,624
2026-08-18 22:30:00,63.452,63.482,63.326,63.327,471
2026-08-18 22:45:00,63.317,63.361,63.156,63.312,843
2026-08-19 00:00:00,63.259,63.444,63.228,63.369,348
2026-08-19 00:15:00,63.369,63.417,63.169,63.242,1058
2026-08-19 00:30:00,63.241,63.244,63.13,63.155,735
2026-08-19 00:45:00,63.154,63.194,63.122,63.151,549
2026-08-19 01:00:00,63.158,63.248,62.959,63.016,928
2026-08-19 01:15:00,63.024,63.153,62.825,62.825,1205
2026-08-19 01:30:00,62.829,62.91,62.721,62.827,1204
2026-08-19 01:45:00,62.828,62.931,62.77,62.914,1125
2026-08-19 02:00:00,62.91,63.072,62.807,63.012,1887
2026-08-19 02:15:00,63.011,63.115,62.918,62.996,1949
2026-08-19 02:30:00,62.997,63.075,62.903,63.012,1795
2026-08-19 02:45:00,63.006,63.144,62.888,62.933,1792
2026-08-19 03:00:00,62.934,63.09,62.623,62.976,2925
2026-08-19 03:15:00,62.975,63.018,62.577,62.952,2583
2026-08-19 03:30:00,62.949,63.309,62.925,63.251,2231
2026-08-19 03:45:00,63.26,63.26,63.023,63.177,2215
2026-08-19 04:00:00,63.178,63.196,63.007,63.08,1849
2026-08-19 04:15:00,63.078,63.242,63.06,63.146,1629
2026-08-19 04:30:00,63.163,63.198,62.932,62.996,2154
2026-08-19 04:45:00,62.997,63.073,62.94,63.035,1780
2026-08-19 05:00:00,63.032,63.12,62.916,63.027,1799
2026-08-19 05:15:00,63.04,63.088,62.859,63.029,1685
2026-08-19 05:30:00,63.038,63.179,63.033,63.115,999
2026-08-19 05:45:00,63.119,63.119,63.003,63.021,843
2026-08-19 06:00:00,63.03,63.069,62.931,62.947,878
2026-08-19 06:15:00,62.945,62.951,62.781,62.795,1099
2026-08-19 06:30:00,62.799,62.845,62.749,62.791,1057
2026-08-19 06:45:00,62.789,62.855,62.726,62.854,1070
2026-08-19 07:00:00,62.856,62.878,62.57,62.592,1417
2026-08-19 07:15:00,62.594,62.855,62.548,62.852,1402
2026-08-19 07:30:00,62.85,62.855,62.646,62.778,2404
2026-08-19 07:45:00,62.776,62.776,62.608,62.656,2029
2026-08-19 08:00:00,62.657,62.786,62.616,62.628,1932
2026-08-19 08:15:00,62.619,63.023,62.616,62.883,1905
2026-08-19 08:30:00,62.879,62.964,62.736,62.865,1869
2026-08-19 08:45:00,62.861,63.128,62.842,63.119,1809
2026-08-19 09:00:00,63.129,63.208,63.067,63.185,1302
2026-08-19 09:15:00,63.181,63.216,63.071,63.187,1413
2026-08-19 09:30:00,63.188,63.282,63.015,63.057,1451
2026-08-19 09:45:00,63.064,63.104,63.031,63.067,1432
2026-08-19 10:00:00,63.071,63.254,63.022,63.227,1808
2026-08-19 10:15:00,63.228,63.269,63.147,63.218,1451
2026-08-19 10:30:00,63.227,63.279,63.114,63.266,1270
2026-08-19 10:45:00,63.265,63.287,63.056,63.068,1250
2026-08-19 11:00:00,63.069,63.136,63.043,63.135,1285
2026-08-19 11:15:00,63.134,63.141,63.028,63.126,1285
2026-08-19 11:30:00,63.122,63.212,63.078,63.147,1288
2026-08-19 11:45:00,63.145,63.257,63.132,63.257,1301
2026-08-19 12:00:00,63.255,63.263,63.14,63.23,1421
2026-08-19 12:15:00,63.225,63.375,63.221,63.355,1439
2026-08-19 12:30:00,63.356,63.371,63.284,63.314,1140
2026-08-19 12:45:00,63.315,63.397,63.274,63.335,1148
2026-08-19 13:00:00,63.342,63.483,63.29,63.442,1557
2026-08-19 13:15:00,63.443,63.617,63.388,63.566,1376
2026-08-19 13:30:00,63.569,63.67,63.412,63.429,1424
2026-08-19 13:45:00,63.431,63.594,63.417,63.543,1249
2026-08-19 14:00:00,63.544,63.767,63.485,63.71,1686
2026-08-19 14:15:00,63.709,63.899,63.673,63.759,1781
2026-08-19 14:30:00,63.764,65.134,63.717,65.02,3000
2026-08-19 14:45:00,65.018,65.068,64.644,64.901,2695
2026-08-19 15:00:00,64.904,65.154,64.521,65.028,2956
2026-08-19 15:15:00,65.025,65.22,64.978,65.169,2621
2026-08-19 15:30:00,65.172,65.458,64.919,65.095,2988
2026-08-19 15:45:00,65.091,65.165,64.824,65.082,2655
2026-08-19 16:00:00,65.088,65.3,65.0,65.256,2694
2026-08-19 16:15:00,65.25,65.548,65.16,65.491,2761
2026-08-19 16:30:00,65.485,65.921,65.482,65.765,2821
2026-08-19 16:45:00,65.759,65.76,65.404,65.594,2541
2026-08-19 17:00:00,65.596,65.671,65.503,65.613,2398
2026-08-19 17:15:00,65.632,65.678,65.407,65.509,2227
2026-08-19 17:30:00,65.506,65.836,65.469,65.78,2079
2026-08-19 17:45:00,65.777,65.905,65.735,65.877,2121
2026-08-19 18:00:00,65.882,66.045,65.872,65.929,2153
2026-08-19 18:15:00,65.93,65.968,65.807,65.834,2059
2026-08-19 18:30:00,65.842,65.92,65.777,65.836,1932
2026-08-19 18:45:00,65.835,65.906,65.779,65.779,1679
2026-08-19 19:00:00,65.786,65.913,65.706,65.804,2002
2026-08-19 19:15:00,65.795,65.8,65.594,65.66,1989
2026-08-19 19:30:00,65.662,65.76,65.602,65.73,1745
2026-08-19 19:45:00,65.729,65.788,65.622,65.689,1635
2026-08-19 20:00:00,65.684,65.94,65.644,65.749,2469
2026-08-19 20:15:00,65.746,65.75,65.474,65.523,2136
2026-08-19 20:30:00,65.527,65.934,65.481,65.907,1901
2026-08-19 20:45:00,65.91,66.054,65.848,66.037,1566
2026-08-19 21:00:00,66.042,66.325,66.039,66.263,1947
2026-08-19 21:15:00,66.262,66.414,66.247,66.378,1770
2026-08-19 21:30:00,66.373,66.42,66.229,66.321,1680
2026-08-19 21:45:00,66.32,66.417,66.242,66.374,1850
2026-08-19 22:00:00,66.373,66.393,66.294,66.317,942
2026-08-19 22:15:00,66.316,66.581,66.315,66.534,1024
2026-08-19 22:30:00,66.528,66.72,66.528,66.685,937
2026-08-19 22:45:00,66.694,67.006,66.678,66.993,1127
2026-08-20 00:00:00,67.06,67.076,66.666,67.001,1038
2026-08-20 00:15:00,66.998,67.039,66.954,66.977,712
2026-08-20 00:30:00,66.972,66.973,66.819,66.88,843
2026-08-20 00:45:00,66.879,66.952,66.836,66.89,612
2026-08-20 01:00:00,66.889,67.055,66.851,66.953,1154
2026-08-20 01:15:00,66.952,67.065,66.921,66.991,748
2026-08-20 01:30:00,67.004,67.104,66.973,67.05,789
2026-08-20 01:45:00,67.049,67.071,66.921,66.943,877
2026-08-20 02:00:00,66.942,67.157,66.892,67.129,2220
2026-08-20 02:15:00,67.133,67.288,66.995,66.996,2213
2026-08-20 02:30:00,66.995,67.067,66.897,66.935,1657
2026-08-20 02:45:00,66.925,67.018,66.671,66.748,2095
2026-08-20 03:00:00,66.754,66.813,66.371,66.638,2988
2026-08-20 03:15:00,66.641,66.877,66.604,66.823,2762
2026-08-20 03:30:00,66.818,66.924,66.678,66.765,2774
2026-08-20 03:45:00,66.766,66.816,66.592,66.719,2415
2026-08-20 04:00:00,66.724,67.294,66.724,67.278,2578
2026-08-20 04:15:00,67.277,67.28,66.911,66.972,1666
2026-08-20 04:30:00,66.953,67.166,66.915,67.016,2511
2026-08-20 04:45:00,67.013,67.156,66.942,67.026,2245
2026-08-20 05:00:00,67.03,67.188,66.963,67.06,2176
2026-08-20 05:15:00,67.061,67.15,67.002,67.106,1980
2026-08-20 05:30:00,67.105,67.105,66.987,67.032,1589
2026-08-20 05:45:00,67.024,67.236,67.007,67.164,1317
2026-08-20 06:00:00,67.169,67.187,67.08,67.093,1228
2026-08-20 06:15:00,67.096,67.154,66.985,66.993,1259
2026-08-20 06:30:00,66.99,67.005,66.83,66.904,1226
2026-08-20 06:45:00,66.902,67.146,66.9,67.071,1148
2026-08-20 07:00:00,67.072,67.282,66.939,66.986,1370
2026-08-20 07:15:00,66.99,67.056,66.862,66.865,1412
2026-08-20 07:30:00,66.827,66.982,66.598,66.783,2407
2026-08-20 07:45:00,66.785,66.817,66.642,66.777,1984
2026-08-20 08:00:00,66.776,67.137,66.691,67.078,2016
2026-08-20 08:15:00,67.081,67.138,66.985,67.031,1901
2026-08-20 08:30:00,67.032,67.091,66.972,67.023,1843
2026-08-20 08:45:00,67.024,67.114,66.906,66.992,1874
2026-08-20 09:00:00,66.989,66.994,66.735,66.763,1680
2026-08-20 09:15:00,66.762,66.809,66.507,66.512,1583
2026-08-20 09:30:00,66.521,66.69,66.455,66.546,1888
2026-08-20 09:45:00,66.547,66.682,66.499,66.574,1540
2026-08-20 10:00:00,66.578,66.734,66.563,66.711,2083
2026-08-20 10:15:00,66.709,66.842,66.615,66.663,1933
2026-08-20 10:30:00,66.657,66.748,66.556,66.583,2033
2026-08-20 10:45:00,66.581,66.675,66.518,66.639,1880
2026-08-20 11:00:00,66.64,66.718,66.573,66.689,1738
2026-08-20 11:15:00,66.688,66.744,66.606,66.669,1617
2026-08-20 11:30:00,66.666,66.735,66.564,66.707,1806
2026-08-20 11:45:00,66.706,66.712,66.6,66.648,1858
2026-08-20 12:00:00,66.64,66.936,66.599,66.93,1649
2026-08-20 12:15:00,66.929,66.932,66.713,66.886,1444
2026-08-20 12:30:00,66.884,66.939,66.774,66.82,1500
2026-08-20 12:45:00,66.818,66.85,66.763,66.841,1286
2026-08-20 13:00:00,66.842,66.875,66.602,66.706,2023
2026-08-20 13:15:00,66.709,66.802,66.564,66.651,1649
2026-08-20 13:30:00,66.646,66.724,66.501,66.511,1722
2026-08-20 13:45:00,66.514,66.539,66.11,66.134,2307
2026-08-20 14:00:00,66.146,66.154,65.613,65.893,2711
2026-08-20 14:15:00,65.896,66.185,65.867,66.098,2337
2026-08-20 14:30:00,66.086,66.355,65.883,66.34,2405
2026-08-20 14:45:00,66.335,66.607,66.29,66.526,2133
2026-08-20 15:00:00,66.527,66.802,66.492,66.707,2790
2026-08-20 15:15:00,66.706,66.802,66.637,66.707,2572
2026-08-20 15:30:00,66.714,67.497,66.714,67.375,3209
2026-08-20 15:45:00,67.378,67.488,67.12,67.151,3003
2026-08-20 16:00:00,67.16,67.556,67.09,67.371,3114
2026-08-20 16:15:00,67.37,67.507,67.275,67.47,2954
2026-08-20 16:30:00,67.481,67.772,67.462,67.706,2802
2026-08-20 16:45:00,67.701,68.398,67.701,68.371,2703
2026-08-20 17:00:00,68.374,68.951,68.3,68.827,3346
2026-08-20 17:15:00,68.824,68.972,68.679,68.737,3015
2026-08-20 17:30:00,68.734,68.76,68.15,68.16,2933
2026-08-20 17:45:00,68.163,68.379,68.137,68.306,2567
2026-08-20 18:00:00,68.313,68.418,68.079,68.102,2385
2026-08-20 18:15:00,68.108,68.108,67.914,68.006,2390
2026-08-20 18:30:00,68.004,68.118,67.897,68.108,2141
2026-08-20 18:45:00,68.099,68.263,68.038,68.205,2208
2026-08-20 19:00:00,68.211,68.28,68.133,68.202,1957
2026-08-20 19:15:00,68.184,68.247,67.975,68.081,2209
2026-08-20 19:30:00,68.086,68.238,68.06,68.16,1874
2026-08-20 19:45:00,68.161,68.234,68.122,68.156,1629
2026-08-20 20:00:00,68.157,68.193,67.752,67.782,2302
2026-08-20 20:15:00,67.781,68.036,67.726,68.001,1824
2026-08-20 20:30:00,67.997,68.049,67.914,67.937,1607
2026-08-20 20:45:00,67.934,68.02,67.889,67.905,1459
2026-08-20 21:00:00,67.903,68.215,67.831,68.2,1469
2026-08-20 21:15:00,68.201,68.254,68.086,68.09,1503
2026-08-20 21:30:00,68.089,68.231,68.042,68.108,1594
2026-08-20 21:45:00,68.104,68.359,68.065,68.256,1838
2026-08-20 22:00:00,68.242,68.289,68.121,68.138,1055
2026-08-20 22:15:00,68.137,68.154,68.076,68.082,624
2026-08-20 22:30:00,68.084,68.091,68.039,68.075,675
2026-08-20 22:45:00,68.073,68.147,68.041,68.057,689
2026-08-21 00:00:00,68.12,68.173,68.037,68.092,676
2026-08-21 00:15:00,68.095,68.136,68.062,68.114,592
2026-08-21 00:30:00,68.116,68.218,68.089,68.193,646
2026-08-21 00:45:00,68.183,68.256,68.153,68.235,736
2026-08-21 01:00:00,68.232,68.38,68.201,68.36,1136
2026-08-21 01:15:00,68.361,68.379,68.237,68.305,918
2026-08-21 01:30:00,68.298,68.337,68.156,68.214,1017
2026-08-21 01:45:00,68.217,68.295,68.168,68.182,1220
2026-08-21 02:00:00,68.176,68.234,68.062,68.089,2003
2026-08-21 02:15:00,68.095,68.129,67.978,68.035,1859
2026-08-21 02:30:00,68.03,68.083,67.917,68.07,1748
2026-08-21 02:45:00,68.073,68.09,67.936,67.958,1696
2026-08-21 03:00:00,67.961,68.418,67.883,68.391,3001
2026-08-21 03:15:00,68.388,68.619,68.383,68.473,2533
2026-08-21 03:30:00,68.477,68.673,68.277,68.356,2683
2026-08-21 03:45:00,68.357,68.544,68.303,68.526,2136
2026-08-21 04:00:00,68.527,68.547,68.316,68.379,2250
2026-08-21 04:15:00,68.385,68.662,68.366,68.595,1657
2026-08-21 04:30:00,68.597,68.875,68.48,68.873,2395
2026-08-21 04:45:00,68.874,69.006,68.656,68.709,2098
2026-08-21 05:00:00,68.707,68.958,68.681,68.846,2012
2026-08-21 05:15:00,68.844,68.9,68.709,68.711,1852
2026-08-21 05:30:00,68.71,68.891,68.695,68.781,1571
2026-08-21 05:45:00,68.782,68.867,68.729,68.859,1200
2026-08-21 06:00:00,68.864,69.046,68.854,69.003,1440
2026-08-21 06:15:00,69.004,69.172,68.949,69.146,1491
2026-08-21 06:30:00,69.151,69.158,68.949,68.98,1263
2026-08-21 06:45:00,68.979,69.048,68.951,68.965,1024
2026-08-21 07:00:00,68.964,68.987,68.892,68.953,1310
2026-08-21 07:15:00,68.954,68.983,68.758,68.778,1330
2026-08-21 07:30:00,68.767,69.039,68.712,68.985,2314
2026-08-21 07:45:00,68.986,69.188,68.953,69.162,2092
2026-08-21 08:00:00,69.163,69.18,68.784,68.858,2081
2026-08-21 08:15:00,68.891,69.027,68.809,68.844,2080
2026-08-21 08:30:00,68.841,69.125,68.815,68.927,2159
2026-08-21 08:45:00,68.938,68.967,68.811,68.825,1838
2026-08-21 09:00:00,68.828,69.071,68.794,68.946,1772
2026-08-21 09:15:00,68.947,69.093,68.908,68.935,1555
2026-08-21 09:30:00,68.934,69.179,68.877,69.162,1458
2026-08-21 09:45:00,69.169,69.408,69.137,69.322,1643
2026-08-21 10:00:00,69.319,69.382,69.116,69.241,1776
2026-08-21 10:15:00,69.242,69.686,69.183,69.68,1873
2026-08-21 10:30:00,69.667,69.902,69.659,69.785,2066
2026-08-21 10:45:00,69.784,69.878,69.708,69.806,1635
2026-08-21 11:00:00,69.805,69.964,69.715,69.948,1914
2026-08-21 11:15:00,69.95,69.975,69.445,69.475,1761
2026-08-21 11:30:00,69.474,69.634,69.416,69.463,1556
2026-08-21 11:45:00,69.465,69.472,69.4,69.42,1402
2026-08-21 12:00:00,69.419,69.506,69.155,69.2,1700
2026-08-21 12:15:00,69.205,69.483,69.19,69.397,1515
2026-08-21 12:30:00,69.399,69.489,69.323,69.427,1418
2026-08-21 12:45:00,69.43,69.545,69.371,69.48,1603
2026-08-21 13:00:00,69.478,69.678,69.408,69.672,1573
2026-08-21 13:15:00,69.684,70.0,69.684,69.954,1960
2026-08-21 13:30:00,69.957,69.995,69.754,69.848,2082
2026-08-21 13:45:00,69.832,69.896,69.673,69.69,1651
2026-08-21 14:00:00,69.696,69.728,69.431,69.485,2022
2026-08-21 14:15:00,69.482,69.517,69.296,69.449,1922
2026-08-21 14:30:00,69.448,69.45,69.043,69.329,1884
2026-08-21 14:45:00,69.328,69.468,69.297,69.41,1656
2026-08-21 15:00:00,69.413,69.655,69.293,69.576,2453
2026-08-21 15:15:00,69.58,69.637,69.465,69.562,2044
2026-08-21 15:30:00,69.563,69.744,69.228,69.711,2984
2026-08-21 15:45:00,69.644,69.841,69.316,69.334,2905
2026-08-21 16:00:00,69.331,69.615,69.305,69.519,2754
2026-08-21 16:15:00,69.517,69.777,69.292,69.691,2656
2026-08-21 16:30:00,69.694,69.707,68.87,68.989,2998
2026-08-21 16:45:00,68.993,69.289,68.928,69.134,2585
2026-08-21 17:00:00,69.139,69.291,68.987,69.237,2587
2026-08-21 17:15:00,69.241,69.568,69.204,69.438,2449
2026-08-21 17:30:00,69.441,69.576,69.319,69.483,2360
2026-08-21 17:45:00,69.486,69.679,69.46,69.509,2252
2026-08-21 18:00:00,69.51,69.6,69.316,69.414,2098
2026-08-21 18:15:00,69.412,69.689,69.412,69.534,2168
2026-08-21 18:30:00,69.536,69.765,69.504,69.741,2074
2026-08-21 18:45:00,69.742,69.928,69.727,69.876,2035
2026-08-21 19:00:00,69.897,69.931,69.641,69.678,2212
2026-08-21 19:15:00,69.67,69.718,69.374,69.575,2399
2026-08-21 19:30:00,69.574,69.655,69.485,69.557,2001
2026-08-21 19:45:00,69.558,69.558,69.396,69.481,1799
2026-08-21 20:00:00,69.479,69.663,69.466,69.548,1741
2026-08-21 20:15:00,69.55,69.715,69.545,69.601,1589
2026-08-21 20:30:00,69.6,69.609,69.449,69.532,1383
2026-08-21 20:45:00,69.534,69.599,69.53,69.583,1329
2026-08-21 21:00:00,69.587,69.613,69.406,69.539,1576
2026-08-21 21:15:00,69.528,69.554,69.395,69.397,1615
2026-08-21 21:30:00,69.396,69.43,69.27,69.278,1544
2026-08-21 21:45:00,69.275,69.464,69.26,69.366,1759
2026-08-21 22:00:00,69.371,69.382,69.274,69.274,1012
2026-08-21 22:15:00,69.272,69.285,68.963,68.994,1370
2026-08-21 22:30:00,68.992,69.004,68.816,68.975,1232
2026-08-21 22:45:00,68.972,69.056,68.852,68.877,1275
2026-08-24 00:00:00,69.116,69.425,68.794,69.369,1532
2026-08-24 00:15:00,69.365,69.376,69.138,69.156,1128
2026-08-24 00:30:00,69.151,69.223,68.996,69.074,1028
2026-08-24 00:45:00,69.068,69.068,68.913,68.919,1037
2026-08-24 01:00:00,68.922,69.021,68.874,68.97,915
2026-08-24 01:15:00,68.973,69.158,68.967,69.123,948
2026-08-24 01:30:00,69.135,69.209,69.054,69.077,1095
2026-08-24 01:45:00,69.079,69.364,69.075,69.34,1514
2026-08-24 02:00:00,69.339,69.638,69.302,69.507,2478
2026-08-24 02:15:00,69.506,69.547,68.79,68.976,2483
2026-08-24 02:30:00,68.974,68.987,68.7,68.852,2292
2026-08-24 02:45:00,68.853,69.326,68.804,69.307,2180
2026-08-24 03:00:00,69.306,69.521,68.928,68.967,3154
2026-08-24 03:15:00,68.976,69.008,68.579,68.582,3122
2026-08-24 03:30:00,68.584,68.744,68.392,68.621,2999
2026-08-24 03:45:00,68.629,68.931,68.544,68.81,2659
2026-08-24 04:00:00,68.809,69.293,68.735,69.213,2762
2026-08-24 04:15:00,69.21,69.328,69.206,69.271,1864
2026-08-24 04:30:00,69.282,69.332,68.902,68.913,2605
2026-08-24 04:45:00,68.917,68.961,68.632,68.935,2560
2026-08-24 05:00:00,68.942,68.973,68.782,68.898,2247
2026-08-24 05:15:00,68.895,69.055,68.845,68.946,2160
2026-08-24 05:30:00,68.947,69.189,68.947,69.009,1658
2026-08-24 05:45:00,69.003,69.079,68.927,68.951,1454
2026-08-24 06:00:00,68.95,69.021,68.839,68.954,1731
2026-08-24 06:15:00,68.949,68.998,68.825,68.942,1646
2026-08-24 06:30:00,68.941,68.948,68.813,68.906,1393
2026-08-24 06:45:00,68.907,68.929,68.82,68.864,1194
2026-08-24 07:00:00,68.866,69.001,68.854,69.001,1548
2026-08-24 07:15:00,68.995,69.04,68.772,68.774,1426
2026-08-24 07:30:00,68.749,68.866,68.613,68.683,2847
2026-08-24 07:45:00,68.673,68.983,68.652,68.982,2297
2026-08-24 08:00:00,68.985,69.264,68.921,69.248,2407
2026-08-24 08:15:00,69.245,69.425,68.985,69.012,2407
2026-08-24 08:30:00,69.016,69.222,68.983,69.022,2056
2026-08-24 08:45:00,69.023,69.157,69.021,69.141,1892
2026-08-24 09:00:00,69.13,69.263,69.033,69.15,1902
2026-08-24 09:15:00,69.146,69.208,68.977,69.012,1907
2026-08-24 09:30:00,69.01,69.109,68.848,68.852,1934
2026-08-24 09:45:00,68.861,68.987,68.761,68.891,2111
2026-08-24 10:00:00,68.92,69.097,68.79,68.818,2293
2026-08-24 10:15:00,68.819,68.851,68.67,68.672,1778
2026-08-24 10:30:00,68.671,68.964,68.631,68.958,1662
2026-08-24 10:45:00,68.962,68.975,68.724,68.727,1534
2026-08-24 11:00:00,68.724,68.849,68.699,68.8,1608
2026-08-24 11:15:00,68.797,68.797,68.646,68.664,1441
2026-08-24 11:30:00,68.663,68.828,68.641,68.808,1557
2026-08-24 11:45:00,68.8,68.873,68.781,68.859,1446
2026-08-24 12:00:00,68.86,69.024,68.851,68.994,1454
2026-08-24 12:15:00,68.997,69.018,68.912,68.922,1333
2026-08-24 12:30:00,68.921,69.015,68.85,68.889,1364
2026-08-24 12:45:00,68.89,68.908,68.761,68.832,1310
2026-08-24 13:00:00,68.828,68.906,68.703,68.878,1732
2026-08-24 13:15:00,68.876,68.955,68.855,68.926,1369
2026-08-24 13:30:00,68.931,69.527,68.849,69.235,2575
2026-08-24 13:45:00,69.234,69.302,69.052,69.268,2083
2026-08-24 14:00:00,69.265,69.347,69.1,69.249,1904
2026-08-24 14:15:00,69.245,69.344,69.149,69.326,1989
2026-08-24 14:30:00,69.324,69.469,68.902,69.116,2187
2026-08-24 14:45:00,69.114,69.34,68.987,69.176,1817
2026-08-24 15:00:00,69.178,69.899,69.145,69.81,2886
2026-08-24 15:15:00,69.807,69.851,69.412,69.492,2690
2026-08-24 15:30:00,69.491,69.727,68.856,68.856,3274
2026-08-24 15:45:00,68.847,69.245,68.806,69.0,3233
2026-08-24 16:00:00,68.99,69.142,68.824,68.943,1664
2026-08-24 16:15:00,68.948,69.137,68.631,69.086,1429
2026-08-24 16:30:00,69.082,69.284,68.988,69.052,1386
2026-08-24 16:45:00,69.054,69.088,68.658,68.931,1388
2026-08-24 17:00:00,68.93,69.182,68.888,69.079,1559
2026-08-24 17:15:00,69.084,69.287,69.008,69.206,2236
2026-08-24 17:30:00,69.204,69.236,68.708,68.734,2588
2026-08-24 17:45:00,68.733,68.83,68.348,68.517,2833
2026-08-24 18:00:00,68.516,68.802,68.486,68.636,2615
2026-08-24 18:15:00,68.635,68.853,68.591,68.829,1818
2026-08-24 18:30:00,68.831,68.859,68.728,68.773,1592
2026-08-24 18:45:00,68.772,68.818,68.613,68.651,1785
2026-08-24 19:00:00,68.656,68.884,68.61,68.78,2285
2026-08-24 19:15:00,68.782,68.852,68.368,68.5,2670
2026-08-24 19:30:00,68.502,68.572,68.411,68.47,2036
2026-08-24 19:45:00,68.473,68.488,68.318,68.466,2010
2026-08-24 20:00:00,68.465,68.611,68.288,68.435,2150
2026-08-24 20:15:00,68.437,68.699,68.382,68.61,2162
2026-08-24 20:30:00,68.614,68.643,68.308,68.509,1687
2026-08-24 20:45:00,68.507,68.522,68.44,68.489,1500
2026-08-24 21:00:00,68.481,68.58,68.464,68.484,1525
2026-08-24 21:15:00,68.488,68.68,68.459,68.525,1470
2026-08-24 21:30:00,68.53,68.716,68.476,68.702,1359
2026-08-24 21:45:00,68.701,68.83,68.683,68.807,1546
2026-08-24 22:00:00,68.808,68.868,68.787,68.787,730
2026-08-24 22:15:00,68.789,68.873,68.789,68.808,527
2026-08-24 22:30:00,68.806,68.843,68.8,68.819,367
2026-08-24 22:45:00,68.831,68.955,68.817,68.928,688
2026-08-25 00:00:00,68.914,69.131,68.787,69.0,781
2026-08-25 00:15:00,69.002,69.037,68.939,68.963,503
2026-08-25 00:30:00,68.96,69.109,68.96,69.109,559
2026-08-25 00:45:00,69.107,69.238,69.089,69.204,568
2026-08-25 01:00:00,69.206,69.28,69.152,69.263,671
2026-08-25 01:15:00,69.267,69.361,69.26,69.268,782
2026-08-25 01:30:00,69.269,69.508,69.257,69.507,953
2026-08-25 01:45:00,69.508,69.732,69.493,69.695,1582
2026-08-25 02:00:00,69.696,69.924,69.411,69.577,2555
2026-08-25 02:15:00,69.578,69.608,69.284,69.378,2091
2026-08-25 02:30:00,69.376,69.674,69.352,69.625,2449
2026-08-25 02:45:00,69.634,69.684,69.383,69.395,2215
2026-08-25 03:00:00,69.391,69.504,69.137,69.38,2982
2026-08-25 03:15:00,69.379,69.406,69.045,69.109,2903
2026-08-25 03:30:00,69.108,69.281,69.018,69.189,2862
2026-08-25 03:45:00,69.184,69.224,68.707,68.723,2762
2026-08-25 04:00:00,68.716,68.808,67.89,68.01,3116
2026-08-25 04:15:00,68.009,68.371,67.986,68.353,2101
2026-08-25 04:30:00,68.341,68.36,67.608,67.653,2940
2026-08-25 04:45:00,67.648,67.855,67.535,67.743,2967
2026-08-25 05:00:00,67.744,67.894,67.651,67.829,2703
2026-08-25 05:15:00,67.825,67.926,67.738,67.901,2348
2026-08-25 05:30:00,67.909,68.056,67.864,67.935,1532
2026-08-25 05:45:00,67.934,67.979,67.878,67.952,1404
2026-08-25 06:00:00,67.957,68.027,67.884,68.016,1562
2026-08-25 06:15:00,68.015,68.015,67.829,67.894,1412
2026-08-25 06:30:00,67.893,67.91,67.727,67.772,1885
2026-08-25 06:45:00,67.773,67.827,67.705,67.795,1687
2026-08-25 07:00:00,67.794,68.077,67.73,68.014,2046
2026-08-25 07:15:00,68.011,68.29,68.011,68.275,1683
2026-08-25 07:30:00,68.274,68.288,67.825,67.901,2448
2026-08-25 07:45:00,67.9,68.099,67.847,68.039,2285
2026-08-25 08:00:00,68.035,68.353,67.965,68.344,2120
2026-08-25 08:15:00,68.343,68.631,68.277,68.495,1943
2026-08-25 08:30:00,68.486,68.648,68.452,68.462,1923
2026-08-25 08:45:00,68.457,68.515,68.346,68.376,1839
2026-08-25 09:00:00,68.386,68.444,68.329,68.342,1641
2026-08-25 09:15:00,68.341,68.433,68.137,68.139,1677
2026-08-25 09:30:00,68.138,68.288,68.13,68.277,1623
2026-08-25 09:45:00,68.282,68.285,68.026,68.026,1506
2026-08-25 10:00:00,68.043,68.064,67.705,67.816,2061
2026-08-25 10:15:00,67.813,68.244,67.796,68.015,2276
2026-08-25 10:30:00,68.016,68.062,67.767,67.896,2016
2026-08-25 10:45:00,67.885,67.921,67.741,67.883,1886
2026-08-25 11:00:00,67.886,67.886,67.553,67.864,2064
2026-08-25 11:15:00,67.862,67.941,67.761,67.781,1724
2026-08-25 11:30:00,67.787,68.074,67.697,67.993,2243
2026-08-25 11:45:00,67.991,68.214,67.991,68.029,2058
2026-08-25 12:00:00,68.033,68.056,67.904,67.933,1597
2026-08-25 12:15:00,67.931,67.98,67.835,67.874,1379
2026-08-25 12:30:00,67.881,67.953,67.822,67.863,1498
2026-08-25 12:45:00,67.862,67.954,67.783,67.879,1532
2026-08-25 13:00:00,67.876,68.029,67.786,68.029,1577
2026-08-25 13:15:00,68.027,68.062,67.939,68.048,1158
2026-08-25 13:30:00,68.049,68.163,68.019,68.083,1414
2026-08-25 13:45:00,68.084,68.216,68.067,68.085,1265
2026-08-25 14:00:00,68.084,68.098,67.901,68.028,1597
2026-08-25 14:15:00,68.023,68.074,67.866,67.958,1793
2026-08-25 14:30:00,67.959,67.985,67.764,67.95,1705
2026-08-25 14:45:00,67.949,68.21,67.915,68.205,1458
2026-08-25 15:00:00,68.206,68.23,67.488,67.501,2805
2026-08-25 15:15:00,67.497,67.743,67.462,67.47,2659
2026-08-25 15:30:00,67.474,67.802,67.455,67.533,3026
2026-08-25 15:45:00,67.534,67.691,67.42,67.678,2966
2026-08-25 16:00:00,67.68,67.973,67.673,67.825,2883
2026-08-25 16:15:00,67.826,68.031,67.689,67.943,2628
2026-08-25 16:30:00,67.945,68.207,67.682,68.11,2600
2026-08-25 16:45:00,68.102,68.218,68.057,68.136,2532
2026-08-25 17:00:00,68.142,68.212,67.996,68.153,2342
2026-08-25 17:15:00,68.154,68.442,68.058,68.314,2280
2026-08-25 17:30:00,68.313,68.851,68.313,68.836,2664
2026-08-25 17:45:00,68.835,68.886,68.664,68.813,2296
2026-08-25 18:00:00,68.828,68.845,68.559,68.591,2042
2026-08-25 18:15:00,68.59,68.691,68.499,68.64,1787
2026-08-25 18:30:00,68.642,68.734,68.518,68.707,1675
2026-08-25 18:45:00,68.712,68.818,68.64,68.679,1603
2026-08-25 19:00:00,68.683,68.701,68.589,68.684,1728
2026-08-25 19:15:00,68.682,68.843,68.616,68.693,1692
2026-08-25 19:30:00,68.708,68.853,68.676,68.838,1526
2026-08-25 19:45:00,68.837,68.943,68.826,68.872,1500
2026-08-25 20:00:00,68.868,68.919,68.777,68.846,1621
2026-08-25 20:15:00,68.847,68.873,68.783,68.873,1283
2026-08-25 20:30:00,68.877,68.877,68.744,68.812,1180
2026-08-25 20:45:00,68.813,68.899,68.803,68.889,1264
2026-08-25 21:00:00,68.891,69.16,68.885,69.127,1593
2026-08-25 21:15:00,69.131,69.274,69.017,69.047,1551
2026-08-25 21:30:00,69.045,69.057,68.873,68.911,1570
2026-08-25 21:45:00,68.909,69.022,68.854,68.928,2005
2026-08-25 22:00:00,68.926,68.952,68.823,68.876,1385
2026-08-25 22:15:00,68.883,68.941,68.826,68.841,937
2026-08-25 22:30:00,68.845,68.869,68.792,68.818,796
2026-08-25 22:45:00,68.817,68.823,68.525,68.59,859
2026-08-26 00:00:00,68.684,68.86,68.682,68.836,503
2026-08-26 00:15:00,68.838,68.896,68.819,68.878,605
2026-08-26 00:30:00,68.89,68.976,68.883,68.952,610
2026-08-26 00:45:00,68.949,69.082,68.947,69.036,556
2026-08-26 01:00:00,69.034,69.064,68.938,68.956,697
2026-08-26 01:15:00,68.954,68.961,68.815,68.834,705
2026-08-26 01:30:00,68.833,68.834,68.713,68.737,705
2026-08-26 01:45:00,68.731,68.787,68.679,68.725,1142
2026-08-26 02:00:00,68.726,68.812,68.641,68.721,1858
2026-08-26 02:15:00,68.719,68.814,68.492,68.522,1638
2026-08-26 02:30:00,68.528,68.643,68.404,68.472,1877
2026-08-26 02:45:00,68.469,68.516,68.355,68.373,1916
2026-08-26 03:00:00,68.374,68.629,68.183,68.534,2868
2026-08-26 03:15:00,68.551,68.752,68.488,68.538,2608
2026-08-26 03:30:00,68.537,68.717,68.413,68.704,2751
2026-08-26 03:45:00,68.703,69.444,68.614,69.304,2632
2026-08-26 04:00:00,69.314,69.444,69.207,69.402,2519
2026-08-26 04:15:00,69.403,69.468,69.266,69.328,1494
2026-08-26 04:30:00,69.331,69.709,69.276,69.573,2554
2026-08-26 04:45:00,69.572,69.643,69.37,69.413,2045
2026-08-26 05:00:00,69.414,69.424,69.084,69.134,2200
2026-08-26 05:15:00,69.13,69.353,69.1,69.332,1937
2026-08-26 05:30:00,69.327,69.474,69.318,69.328,1377
2026-08-26 05:45:00,69.325,69.346,69.187,69.196,1137
2026-08-26 06:00:00,69.201,69.264,69.16,69.163,1031
2026-08-26 06:15:00,69.165,69.181,69.081,69.137,873
2026-08-26 06:30:00,69.133,69.153,69.036,69.042,917
2026-08-26 06:45:00,69.044,69.054,68.958,68.978,913
2026-08-26 07:00:00,68.983,69.148,68.968,69.061,1239
2026-08-26 07:15:00,69.06,69.227,69.021,69.16,1204
2026-08-26 07:30:00,69.189,69.413,69.05,69.069,2329
2026-08-26 07:45:00,69.068,69.223,69.007,69.218,2016
2026-08-26 08:00:00,69.199,69.206,68.93,68.994,1949
2026-08-26 08:15:00,68.998,69.003,68.613,68.667,2192
2026-08-26 08:30:00,68.665,68.792,68.608,68.752,2055
2026-08-26 08:45:00,68.75,68.853,68.698,68.75,1933
2026-08-26 09:00:00,68.749,68.944,68.743,68.897,1880
2026-08-26 09:15:00,68.898,68.925,68.743,68.77,1657
2026-08-26 09:30:00,68.771,68.901,68.756,68.805,1576
2026-08-26 09:45:00,68.82,68.938,68.623,68.674,1617
2026-08-26 10:00:00,68.672,68.712,68.577,68.603,1931
2026-08-26 10:15:00,68.601,68.679,68.478,68.612,1579
2026-08-26 10:30:00,68.618,68.674,68.478,68.627,1522
2026-08-26 10:45:00,68.631,68.645,68.539,68.616,1401
2026-08-26 11:00:00,68.618,68.676,68.526,68.545,1646
2026-08-26 11:15:00,68.546,68.55,68.436,68.456,1586
2026-08-26 11:30:00,68.462,68.607,68.437,68.585,1243
2026-08-26 11:45:00,68.584,68.688,68.584,68.657,1210
2026-08-26 12:00:00,68.652,68.655,68.513,68.518,1160
2026-08-26 12:15:00,68.52,68.561,68.44,68.46,1307
2026-08-26 12:30:00,68.462,68.614,68.442,68.559,1304
2026-08-26 12:45:00,68.56,68.577,68.444,68.452,1045
2026-08-26 13:00:00,68.455,68.585,68.449,68.476,1426
2026-08-26 13:15:00,68.474,68.513,68.357,68.467,1313
2026-08-26 13:30:00,68.468,68.594,68.416,68.506,1413
2026-08-26 13:45:00,68.505,68.633,68.428,68.626,1364
2026-08-26 14:00:00,68.625,68.77,68.624,68.706,1654
2026-08-26 14:15:00,68.712,68.908,68.681,68.908,1792
2026-08-26 14:30:00,68.897,68.951,68.535,68.821,2762
2026-08-26 14:45:00,68.825,68.878,68.309,68.317,2382
2026-08-26 15:00:00,68.307,68.495,68.02,68.133,3091
2026-08-26 15:15:00,68.137,68.253,67.882,68.182,2821
2026-08-26 15:30:00,68.185,68.414,68.179,68.34,3106
2026-08-26 15:45:00,68.331,68.475,68.228,68.445,2846
2026-08-26 16:00:00,68.448,68.485,68.202,68.239,2643
2026-08-26 16:15:00,68.237,68.548,68.192,68.229,2561
2026-08-26 16:30:00,68.216,68.404,68.175,68.386,2463
2026-08-26 16:45:00,68.385,68.424,67.877,67.877,2636
2026-08-26 17:00:00,67.875,67.942,67.494,67.598,2790
2026-08-26 17:15:00,67.589,67.949,67.544,67.899,2597
2026-08-26 17:30:00,67.906,68.075,67.883,68.039,2161
2026-08-26 17:45:00,68.04,68.123,67.862,67.905,2361
2026-08-26 18:00:00,67.906,68.012,67.807,67.948,2268
2026-08-26 18:15:00,67.951,67.983,67.877,67.938,1936
2026-08-26 18:30:00,67.939,68.059,67.832,67.879,2118
2026-08-26 18:45:00,67.878,68.061,67.873,67.985,1931
2026-08-26 19:00:00,67.984,68.124,67.959,68.001,1769
2026-08-26 19:15:00,68.0,68.129,67.984,68.107,1894
2026-08-26 19:30:00,68.111,68.133,67.98,68.032,1706
2026-08-26 19:45:00,68.034,68.081,67.901,67.975,1446
2026-08-26 20:00:00,67.977,68.203,67.951,68.174,1576
2026-08-26 20:15:00,68.172,68.198,68.065,68.101,1580
2026-08-26 20:30:00,68.103,68.203,68.058,68.175,1473
2026-08-26 20:45:00,68.173,68.249,68.149,68.149,1331
2026-08-26 21:00:00,68.157,68.213,68.065,68.139,1430
2026-08-26 21:15:00,68.142,68.278,68.092,68.249,1285
2026-08-26 21:30:00,68.25,68.285,68.178,68.194,1259
2026-08-26 21:45:00,68.192,68.244,68.094,68.138,1636
2026-08-26 22:00:00,68.146,68.173,68.057,68.058,1161
2026-08-26 22:15:00,68.064,68.066,67.869,68.052,1625
2026-08-26 22:30:00,68.051,68.053,67.966,67.98,918
2026-08-26 22:45:00,67.971,68.115,67.968,68.078,1040
2026-08-27 00:00:00,68.514,68.572,68.352,68.458,712
2026-08-27 00:15:00,68.458,68.774,68.418,68.711,1045
2026-08-27 00:30:00,68.716,68.821,68.673,68.778,826
2026-08-27 00:45:00,68.783,68.809,68.697,68.735,703
2026-08-27 01:00:00,68.725,68.827,68.71,68.795,845
2026-08-27 01:15:00,68.792,69.011,68.781,68.941,914
2026-08-27 01:30:00,68.936,69.021,68.878,68.968,913
2026-08-27 01:45:00,68.97,68.987,68.889,68.932,1048
2026-08-27 02:00:00,68.937,69.008,68.683,68.699,1427
2026-08-27 02:15:00,68.698,68.848,68.661,68.815,1175
2026-08-27 02:30:00,68.817,68.817,68.565,68.584,1067
2026-08-27 02:45:00,68.583,68.634,68.451,68.489,1443
2026-08-27 03:00:00,68.486,69.12,68.413,69.102,2708
2026-08-27 03:15:00,69.101,69.243,68.939,69.039,1973
2026-08-27 03:30:00,69.041,69.553,68.989,69.283,2440
2026-08-27 03:45:00,69.274,69.611,69.242,69.544,1958
2026-08-27 04:00:00,69.55,69.599,69.407,69.48,1793
2026-08-27 04:15:00,69.49,69.494,69.384,69.387,919
2026-08-27 04:30:00,69.37,69.415,69.02,69.129,1875
2026-08-27 04:45:00,69.133,69.273,69.063,69.184,1333
2026-08-27 05:00:00,69.182,69.385,69.152,69.356,1388
2026-08-27 05:15:00,69.359,69.486,69.308,69.312,1246
2026-08-27 05:30:00,69.319,69.322,69.187,69.228,783
2026-08-27 05:45:00,69.229,69.238,69.01,69.046,784
2026-08-27 06:00:00,69.042,69.108,69.029,69.076,844
2026-08-27 06:15:00,69.075,69.094,68.959,68.961,820
2026-08-27 06:30:00,68.963,68.963,68.852,68.945,862
2026-08-27 06:45:00,68.944,69.035,68.918,68.973,868
2026-08-27 07:00:00,68.974,69.052,68.892,69.041,834
2026-08-27 07:15:00,69.04,69.104,68.915,68.915,861
2026-08-27 07:30:00,68.905,69.037,68.547,68.594,2340
2026-08-27 07:45:00,68.584,68.745,68.36,68.68,2085
2026-08-27 08:00:00,68.671,68.767,68.477,68.735,1757
2026-08-27 08:15:00,68.736,68.852,68.644,68.754,1415
2026-08-27 08:30:00,68.751,68.788,68.611,68.638,1405
2026-08-27 08:45:00,68.633,68.719,68.578,68.597,1528
2026-08-27 09:00:00,68.602,68.654,68.453,68.577,1441
2026-08-27 09:15:00,68.576,68.576,68.329,68.481,1204
2026-08-27 09:30:00,68.477,68.552,68.233,68.389,1194
2026-08-27 09:45:00,68.391,68.462,68.292,68.431,1225
2026-08-27 10:00:00,68.425,68.559,68.42,68.448,1389
2026-08-27 10:15:00,68.449,68.551,68.415,68.466,1103
2026-08-27 10:30:00,68.468,68.499,68.335,68.375,1266
2026-08-27 10:45:00,68.381,68.529,68.371,68.512,1151
2026-08-27 11:00:00,68.513,68.552,68.299,68.365,1534
2026-08-27 11:15:00,68.364,68.434,68.333,68.411,1267
2026-08-27 11:30:00,68.416,68.453,68.134,68.285,1502
2026-08-27 11:45:00,68.286,68.333,68.144,68.157,1139
2026-08-27 12:00:00,68.158,68.239,67.95,68.172,1478
2026-08-27 12:15:00,68.171,68.258,68.1,68.223,995
2026-08-27 12:30:00,68.214,68.329,68.133,68.312,1061
2026-08-27 12:45:00,68.309,68.477,68.296,68.45,999
2026-08-27 13:00:00,68.457,68.464,68.269,68.364,1163
2026-08-27 13:15:00,68.362,68.458,68.342,68.379,1072
2026-08-27 13:30:00,68.39,68.507,68.335,68.335,1336
2026-08-27 13:45:00,68.321,68.34,68.233,68.277,1020
2026-08-27 14:00:00,68.266,68.327,68.14,68.149,1203
2026-08-27 14:15:00,68.147,68.432,68.131,68.38,1310
2026-08-27 14:30:00,68.38,68.404,67.99,68.004,1354
2026-08-27 14:45:00,68.005,68.081,67.861,67.997,1325
2026-08-27 15:00:00,67.987,68.229,67.671,68.085,2437
2026-08-27 15:15:00,68.083,68.369,68.005,68.256,2098
2026-08-27 15:30:00,68.274,68.376,67.734,67.898,2867
2026-08-27 15:45:00,67.892,68.097,67.6,67.929,2667
2026-08-27 16:00:00,67.935,68.198,67.895,68.131,2567
2026-08-27 16:15:00,68.135,68.431,68.134,68.313,2350
2026-08-27 16:30:00,68.311,68.745,68.307,68.695,2463
2026-08-27 16:45:00,68.703,68.82,68.554,68.72,2527
2026-08-27 17:00:00,68.718,68.746,68.622,68.693,2005
2026-08-27 17:15:00,68.691,68.855,68.56,68.659,2018
2026-08-27 17:30:00,68.656,69.106,68.641,68.948,2050
2026-08-27 17:45:00,68.951,69.465,68.914,69.425,2215
2026-08-27 18:00:00,69.43,69.568,69.168,69.185,2091
2026-08-27 18:15:00,69.187,69.251,69.131,69.234,1736
2026-08-27 18:30:00,69.232,69.468,69.168,69.408,1769
2026-08-27 18:45:00,69.407,69.591,69.373,69.569,2018
2026-08-27 19:00:00,69.575,69.714,69.41,69.5,1836
2026-08-27 19:15:00,69.497,69.517,69.359,69.444,1848
2026-08-27 19:30:00,69.443,69.573,69.37,69.42,1748
2026-08-27 19:45:00,69.423,69.451,69.24,69.263,1894
2026-08-27 20:00:00,69.266,69.273,69.058,69.17,2056
2026-08-27 20:15:00,69.174,69.242,69.062,69.066,1734
2026-08-27 20:30:00,69.057,69.132,68.987,69.077,1142
2026-08-27 20:45:00,69.08,69.234,69.068,69.204,1317
2026-08-27 21:00:00,69.203,69.542,69.203,69.438,1421
2026-08-27 21:15:00,69.436,69.46,69.198,69.235,1288
2026-08-27 21:30:00,69.237,69.461,69.204,69.457,1207
2026-08-27 21:45:00,69.458,69.51,69.35,69.447,1305
2026-08-27 22:00:00,69.449,69.449,69.308,69.334,705
2026-08-27 22:15:00,69.319,69.34,69.221,69.256,360
2026-08-27 22:30:00,69.258,69.276,69.207,69.235,337
2026-08-27 22:45:00,69.242,69.373,69.038,69.162,768
